===== RUN Sun Apr 19 09:20:32 UTC 2026 =====
[2026-04-19 09:20:32] 🚀 START SOP V2.1 BOT
[2026-04-19 09:20:33] HTTP 401
[2026-04-19 09:20:33] RESPONSE: {'msg': 'Invalid OK-ACCESS-TIMESTAMP', 'code': '50112'}
[2026-04-19 09:20:33] ✅ EXECUTION SUCCESS
[2026-04-19 09:20:33] 🔓 LOCK RELEASED
[2026-04-19 09:20:33] 📁 LOG SAVED: logs/log_2026-04-19_09-20-32.txt
===== RUN Sun Apr 19 09:22:36 UTC 2026 =====
[2026-04-19 09:22:36] 🚀 START SOP V2.1 BOT
[2026-04-19 09:22:37] HTTP 401
[2026-04-19 09:22:37] RESPONSE: {'msg': 'Invalid OK-ACCESS-TIMESTAMP', 'code': '50112'}
[2026-04-19 09:22:37] ✅ EXECUTION SUCCESS
[2026-04-19 09:22:37] 🔓 LOCK RELEASED
[2026-04-19 09:22:37] 📁 LOG SAVED: logs/log_2026-04-19_09-22-36.txt
===== RUN Sun Apr 19 09:35:20 UTC 2026 =====
[RETRY 1] {'msg': 'Invalid OK-ACCESS-KEY', 'code': '50111'}
[RETRY 2] {'msg': 'Invalid OK-ACCESS-KEY', 'code': '50111'}
[RETRY 3] {'msg': 'Invalid OK-ACCESS-KEY', 'code': '50111'}
RESULT: False
{
  "msg": "Invalid OK-ACCESS-KEY",
  "code": "50111"
}
===== RUN Sun Apr 19 09:39:17 UTC 2026 =====
===== OKX AUTH TEST START =====
STATUS: 200
RESPONSE: {'code': '0', 'data': [{'adjEq': '', 'availEq': '', 'borrowFroz': '', 'delta': '', 'deltaLever': '', 'deltaNeutralStatus': '', 'details': [{'accAvgPx': '', 'autoLendAmt': '0', 'autoLendMtAmt': '0', 'autoLendStatus': 'unsupported', 'autoStakingStatus': 'unsupported', 'availBal': '27.80000056427005', 'availEq': '27.80000056427005', 'borrowFroz': '', 'cashBal': '27.80000056427005', 'ccy': 'USDT', 'clSpotInUseAmt': '', 'colBorrAutoConversion': '0', 'colRes': '0', 'collateralEnabled': False, 'collateralRestrict': False, 'crossLiab': '', 'disEq': '0', 'eq': '27.80000056427005', 'eqUsd': '27.811120564495756', 'fixedBal': '0', 'frozenBal': '0', 'frpType': '0', 'imr': '0', 'interest': '', 'isoEq': '0', 'isoLiab': '', 'isoUpl': '0', 'liab': '', 'maxLoan': '', 'maxSpotInUse': '', 'mgnRatio': '', 'mmr': '0', 'notionalLever': '0', 'openAvgPx': '', 'ordFrozen': '0', 'rewardBal': '0', 'smtSyncEq': '0', 'spotBal': '', 'spotCopyTradingEq': '0', 'spotInUseAmt': '', 'spotIsoBal': '0', 'spotUpl': '', 'spotUplRatio': '', 'stgyEq': '0', 'totalPnl': '', 'totalPnlRatio': '', 'twap': '0', 'uTime': '1776587282279', 'upl': '0', 'uplLiab': ''}, {'accAvgPx': '', 'autoLendAmt': '0', 'autoLendMtAmt': '0', 'autoLendStatus': 'unsupported', 'autoStakingStatus': 'unsupported', 'availBal': '0.000000204', 'availEq': '0.000000204', 'borrowFroz': '', 'cashBal': '0.000000204', 'ccy': 'SOL', 'clSpotInUseAmt': '', 'colBorrAutoConversion': '0', 'colRes': '0', 'collateralEnabled': False, 'collateralRestrict': False, 'crossLiab': '', 'disEq': '0', 'eq': '0.000000204', 'eqUsd': '0.00001730124', 'fixedBal': '0', 'frozenBal': '0', 'frpType': '0', 'imr': '0', 'interest': '', 'isoEq': '0', 'isoLiab': '', 'isoUpl': '0', 'liab': '', 'maxLoan': '', 'maxSpotInUse': '', 'mgnRatio': '', 'mmr': '0', 'notionalLever': '0', 'openAvgPx': '', 'ordFrozen': '0', 'rewardBal': '0', 'smtSyncEq': '0', 'spotBal': '', 'spotCopyTradingEq': '0', 'spotInUseAmt': '', 'spotIsoBal': '0', 'spotUpl': '', 'spotUplRatio': '', 'stgyEq': '0', 'totalPnl': '', 'totalPnlRatio': '', 'twap': '0', 'uTime': '1774741359174', 'upl': '0', 'uplLiab': ''}], 'imr': '', 'isoEq': '0', 'mgnRatio': '', 'mmr': '', 'notionalUsd': '', 'notionalUsdForBorrow': '', 'notionalUsdForFutures': '', 'notionalUsdForOption': '', 'notionalUsdForSwap': '', 'ordFroz': '', 'totalEq': '27.811137865735756', 'uTime': '1776591558366', 'upl': ''}], 'msg': ''}
===== TEST END =====
===== RUN Sun Apr 19 10:49:25 UTC 2026 =====
python: can't open file '/home/runner/work/Auto-deploy-sap-and-keepalive/Auto-deploy-sap-and-keepalive/main.py': [Errno 2] No such file or directory
===== RUN Sun Apr 19 10:52:15 UTC 2026 =====
python: can't open file '/home/runner/work/Auto-deploy-sap-and-keepalive/Auto-deploy-sap-and-keepalive/main.py': [Errno 2] No such file or directory
===== RUN Sun Apr 19 10:59:38 UTC 2026 =====
python: can't open file '/home/runner/work/Auto-deploy-sap-and-keepalive/Auto-deploy-sap-and-keepalive/main.py': [Errno 2] No such file or directory
===== RUN Sun Apr 19 11:14:17 UTC 2026 =====
[2026-04-19 11:14:18 UTC] [INFO] ===== SOP V2.1 BOT 启动 =====
[INFO] 时间偏移: -96 ms
[2026-04-19 11:14:18 UTC] [ERROR] API 错误: Timestamp request expired (code: 50102)
[2026-04-19 11:14:18 UTC] [ERROR] 获取余额失败
===== RUN Sun Apr 19 11:23:52 UTC 2026 =====
[2026-04-19 11:23:52 UTC] [INFO] ===== SOP V2.1 BOT 启动 =====
[INFO] 时间偏移: -119 ms
[2026-04-19 11:23:53 UTC] [INFO] 发送时间戳: 1776597832966, 服务器时间戳: 1776597833220
[2026-04-19 11:23:53 UTC] [INFO] 时间差: 254 ms
[2026-04-19 11:23:53 UTC] [ERROR] API 错误: Timestamp request expired (code: 50102)
[2026-04-19 11:23:53 UTC] [ERROR] 获取余额失败
===== RUN Sun Apr 19 11:35:29 UTC 2026 =====
[2026-04-19 11:35:30] 🚀 启动 OKX 稳定版 v1
[2026-04-19 11:35:30] ❌ 请设置环境变量 OKX_API_KEY, OKX_API_SECRET, OKX_API_PASSPHRASE
===== RUN Sun Apr 19 11:48:10 UTC 2026 =====
[2026-04-19 11:48:11] 🚀 启动 OKX 稳定版 v1
[2026-04-19 11:48:11] ❌ 请设置环境变量 OKX_API_KEY, OKX_API_SECRET, OKX_API_PASSPHRASE
===== RUN Sun Apr 19 12:33:25 UTC 2026 =====
[2026-04-19 12:33:25] 🚀 启动 OKX 稳定版 v1
[2026-04-19 12:33:25] ❌ 请设置环境变量 OKX_API_KEY, OKX_API_SECRET, OKX_API_PASSPHRASE
===== RUN Sun Apr 19 13:45:24 UTC 2026 =====
[2026-04-19 13:45:24] 🚀 启动 OKX 稳定版 v1
[2026-04-19 13:45:24] ❌ 请设置环境变量 OKX_API_KEY, OKX_API_SECRET, OKX_API_PASSPHRASE
===== RUN Sun Apr 19 14:30:34 UTC 2026 =====
[2026-04-19 14:30:35] 🚀 启动 OKX 稳定版 v1
[2026-04-19 14:30:35] ❌ 请设置环境变量 OKX_API_KEY, OKX_API_SECRET, OKX_API_PASSPHRASE
===== RUN Sun Apr 19 15:21:52 UTC 2026 =====
[2026-04-19 15:21:53] 🚀 启动 OKX 稳定版 v1
[2026-04-19 15:21:53] ❌ 请设置环境变量 OKX_API_KEY, OKX_API_SECRET, OKX_API_PASSPHRASE
===== RUN Sun Apr 19 16:00:54 UTC 2026 =====
[2026-04-19 16:00:54] 🚀 启动 OKX 稳定版 v1
[2026-04-19 16:00:54] ❌ 请设置环境变量 OKX_API_KEY, OKX_API_SECRET, OKX_API_PASSPHRASE
===== RUN Sun Apr 19 16:55:40 UTC 2026 =====
[2026-04-19 16:55:41] 🚀 启动 OKX 稳定版 v1
[2026-04-19 16:55:41] ❌ 请设置环境变量 OKX_API_KEY, OKX_API_SECRET, OKX_API_PASSPHRASE
===== RUN Sun Apr 19 17:45:08 UTC 2026 =====
[2026-04-19 17:45:09] 🚀 启动 OKX 稳定版 v1
[2026-04-19 17:45:09] ❌ 请设置环境变量 OKX_API_KEY, OKX_API_SECRET, OKX_API_PASSPHRASE
===== RUN Sun Apr 19 18:28:01 UTC 2026 =====
[2026-04-19 18:28:01] 🚀 启动 OKX 稳定版 v1
[2026-04-19 18:28:01] ❌ 请设置环境变量 OKX_API_KEY, OKX_API_SECRET, OKX_API_PASSPHRASE
===== RUN Sun Apr 19 19:26:52 UTC 2026 =====
[2026-04-19 19:26:52] 🚀 启动 OKX 稳定版 v1
[2026-04-19 19:26:52] ❌ 请设置环境变量 OKX_API_KEY, OKX_API_SECRET, OKX_API_PASSPHRASE
===== RUN Sun Apr 19 20:03:31 UTC 2026 =====
[2026-04-19 20:03:31] 🚀 启动 OKX 稳定版 v1
[2026-04-19 20:03:31] ❌ 请设置环境变量 OKX_API_KEY, OKX_API_SECRET, OKX_API_PASSPHRASE
===== RUN Sun Apr 19 20:52:33 UTC 2026 =====
[2026-04-19 20:52:33] 🚀 启动 OKX 稳定版 v1
[2026-04-19 20:52:33] ❌ 请设置环境变量 OKX_API_KEY, OKX_API_SECRET, OKX_API_PASSPHRASE
===== RUN Sun Apr 19 21:36:44 UTC 2026 =====
[2026-04-19 21:36:44] 🚀 启动 OKX 稳定版 v1
[2026-04-19 21:36:44] ❌ 请设置环境变量 OKX_API_KEY, OKX_API_SECRET, OKX_API_PASSPHRASE
===== RUN Sun Apr 19 22:05:06 UTC 2026 =====
[2026-04-19 22:05:07] 🚀 启动 OKX 稳定版 v1
[2026-04-19 22:05:07] ❌ 请设置环境变量 OKX_API_KEY, OKX_API_SECRET, OKX_API_PASSPHRASE
===== RUN Sun Apr 19 22:55:07 UTC 2026 =====
[2026-04-19 22:55:07] 🚀 启动 OKX 稳定版 v1
[2026-04-19 22:55:07] ❌ 请设置环境变量 OKX_API_KEY, OKX_API_SECRET, OKX_API_PASSPHRASE
===== RUN Sun Apr 19 23:46:20 UTC 2026 =====
[2026-04-19 23:46:21] 🚀 启动 OKX 稳定版 v1
[2026-04-19 23:46:21] ❌ 请设置环境变量 OKX_API_KEY, OKX_API_SECRET, OKX_API_PASSPHRASE
===== RUN Mon Apr 20 01:13:39 UTC 2026 =====
[2026-04-20 01:13:39] 🚀 启动 OKX 稳定版 v1
[2026-04-20 01:13:39] ❌ 请设置环境变量 OKX_API_KEY, OKX_API_SECRET, OKX_API_PASSPHRASE
===== RUN Mon Apr 20 04:32:04 UTC 2026 =====
[2026-04-20 04:32:05] 🚀 启动 OKX 稳定版 v1
[2026-04-20 04:32:05] ❌ 请设置环境变量 OKX_API_KEY, OKX_API_SECRET, OKX_API_PASSPHRASE
===== RUN Mon Apr 20 06:35:36 UTC 2026 =====
[2026-04-20 06:35:36] 🚀 启动 OKX 稳定版 v1
[2026-04-20 06:35:36] ❌ 请设置环境变量 OKX_API_KEY, OKX_API_SECRET, OKX_API_PASSPHRASE
===== RUN Mon Apr 20 09:00:31 UTC 2026 =====
[2026-04-20 09:00:32] 🚀 启动 OKX 稳定版 v1
[2026-04-20 09:00:32] ❌ 请设置环境变量 OKX_API_KEY, OKX_API_SECRET, OKX_API_PASSPHRASE
===== RUN Mon Apr 20 10:57:04 UTC 2026 =====
[2026-04-20 10:57:05] 🚀 启动 OKX 稳定版 v1
[2026-04-20 10:57:05] ❌ 请设置环境变量 OKX_API_KEY, OKX_API_SECRET, OKX_API_PASSPHRASE
===== RUN Mon Apr 20 12:10:43 UTC 2026 =====
[2026-04-20 12:10:44] 🚀 启动 OKX 稳定版 v1
[2026-04-20 12:10:44] ❌ 请设置环境变量 OKX_API_KEY, OKX_API_SECRET, OKX_API_PASSPHRASE
===== RUN Mon Apr 20 14:15:21 UTC 2026 =====
[2026-04-20 14:15:21] 🚀 启动 OKX 稳定版 v1
[2026-04-20 14:15:21] ❌ 请设置环境变量 OKX_API_KEY, OKX_API_SECRET, OKX_API_PASSPHRASE
===== RUN Mon Apr 20 15:48:18 UTC 2026 =====
[2026-04-20 15:48:18] 🚀 启动 OKX 稳定版 v1
[2026-04-20 15:48:18] ❌ 请设置环境变量 OKX_API_KEY, OKX_API_SECRET, OKX_API_PASSPHRASE
===== RUN Mon Apr 20 16:52:28 UTC 2026 =====
[2026-04-20 16:52:29] 🚀 启动 OKX 稳定版 v1
[2026-04-20 16:52:29] ❌ 请设置环境变量 OKX_API_KEY, OKX_API_SECRET, OKX_API_PASSPHRASE
===== RUN Mon Apr 20 17:57:41 UTC 2026 =====
[2026-04-20 17:57:42] 🚀 启动 OKX 稳定版 v1
[2026-04-20 17:57:42] ❌ 请设置环境变量 OKX_API_KEY, OKX_API_SECRET, OKX_API_PASSPHRASE
===== RUN Mon Apr 20 19:20:39 UTC 2026 =====
[2026-04-20 19:20:40] 🚀 启动 OKX 稳定版 v1
[2026-04-20 19:20:40] ❌ 请设置环境变量 OKX_API_KEY, OKX_API_SECRET, OKX_API_PASSPHRASE
===== RUN Mon Apr 20 20:09:01 UTC 2026 =====
[2026-04-20 20:09:02] 🚀 启动 OKX 稳定版 v1
[2026-04-20 20:09:02] ❌ 请设置环境变量 OKX_API_KEY, OKX_API_SECRET, OKX_API_PASSPHRASE
===== RUN Mon Apr 20 21:02:47 UTC 2026 =====
[2026-04-20 21:02:49] 🚀 启动 OKX 稳定版 v1
[2026-04-20 21:02:49] ❌ 请设置环境变量 OKX_API_KEY, OKX_API_SECRET, OKX_API_PASSPHRASE
===== RUN Mon Apr 20 21:59:54 UTC 2026 =====
[2026-04-20 21:59:55] 🚀 启动 OKX 稳定版 v1
[2026-04-20 21:59:55] ❌ 请设置环境变量 OKX_API_KEY, OKX_API_SECRET, OKX_API_PASSPHRASE
===== RUN Mon Apr 20 22:58:57 UTC 2026 =====
[2026-04-20 22:58:57] 🚀 启动 OKX 稳定版 v1
[2026-04-20 22:58:57] ❌ 请设置环境变量 OKX_API_KEY, OKX_API_SECRET, OKX_API_PASSPHRASE
===== RUN Mon Apr 20 23:55:03 UTC 2026 =====
[2026-04-20 23:55:03] 🚀 启动 OKX 稳定版 v1
[2026-04-20 23:55:03] ❌ 请设置环境变量 OKX_API_KEY, OKX_API_SECRET, OKX_API_PASSPHRASE
===== RUN Tue Apr 21 03:30:52 UTC 2026 =====
[2026-04-21 03:30:52] 🚀 启动 OKX 稳定版 v1
[2026-04-21 03:30:52] ❌ 请设置环境变量 OKX_API_KEY, OKX_API_SECRET, OKX_API_PASSPHRASE
===== RUN Tue Apr 21 05:50:32 UTC 2026 =====
[2026-04-21 05:50:33] 🚀 启动 OKX 稳定版 v1
[2026-04-21 05:50:33] ❌ 请设置环境变量 OKX_API_KEY, OKX_API_SECRET, OKX_API_PASSPHRASE
===== RUN Tue Apr 21 07:27:27 UTC 2026 =====
[2026-04-21 07:27:28] 🚀 启动 OKX 稳定版 v1
[2026-04-21 07:27:28] ❌ 请设置环境变量 OKX_API_KEY, OKX_API_SECRET, OKX_API_PASSPHRASE
===== RUN Tue Apr 21 09:12:32 UTC 2026 =====
[2026-04-21 09:12:33] 🚀 启动 OKX 稳定版 v1
[2026-04-21 09:12:33] ❌ 请设置环境变量 OKX_API_KEY, OKX_API_SECRET, OKX_API_PASSPHRASE
===== RUN Tue Apr 21 10:47:06 UTC 2026 =====
[2026-04-21 10:47:06] 🚀 启动 OKX 稳定版 v1
[2026-04-21 10:47:06] ❌ 请设置环境变量 OKX_API_KEY, OKX_API_SECRET, OKX_API_PASSPHRASE
===== RUN Tue Apr 21 11:50:31 UTC 2026 =====
[2026-04-21 11:50:32] 🚀 启动 OKX 稳定版 v1
[2026-04-21 11:50:32] ❌ 请设置环境变量 OKX_API_KEY, OKX_API_SECRET, OKX_API_PASSPHRASE
===== RUN Tue Apr 21 13:13:11 UTC 2026 =====
[2026-04-21 13:13:12] 🚀 启动 OKX 稳定版 v1
[2026-04-21 13:13:12] ❌ 请设置环境变量 OKX_API_KEY, OKX_API_SECRET, OKX_API_PASSPHRASE
===== RUN Tue Apr 21 14:55:10 UTC 2026 =====
[2026-04-21 14:55:10] 🚀 启动 OKX 稳定版 v1
[2026-04-21 14:55:10] ❌ 请设置环境变量 OKX_API_KEY, OKX_API_SECRET, OKX_API_PASSPHRASE
===== RUN Tue Apr 21 16:16:18 UTC 2026 =====
[2026-04-21 16:16:19] 🚀 启动 OKX 稳定版 v1
[2026-04-21 16:16:19] ❌ 请设置环境变量 OKX_API_KEY, OKX_API_SECRET, OKX_API_PASSPHRASE
===== RUN Tue Apr 21 17:31:08 UTC 2026 =====
[2026-04-21 17:31:09] 🚀 启动 OKX 稳定版 v1
[2026-04-21 17:31:09] ❌ 请设置环境变量 OKX_API_KEY, OKX_API_SECRET, OKX_API_PASSPHRASE
===== RUN Tue Apr 21 18:42:24 UTC 2026 =====
[2026-04-21 18:42:25] 🚀 启动 OKX 稳定版 v1
[2026-04-21 18:42:25] ❌ 请设置环境变量 OKX_API_KEY, OKX_API_SECRET, OKX_API_PASSPHRASE
===== RUN Tue Apr 21 19:53:58 UTC 2026 =====
[2026-04-21 19:53:59] 🚀 启动 OKX 稳定版 v1
[2026-04-21 19:53:59] ❌ 请设置环境变量 OKX_API_KEY, OKX_API_SECRET, OKX_API_PASSPHRASE
===== RUN Tue Apr 21 20:57:53 UTC 2026 =====
[2026-04-21 20:57:53] 🚀 启动 OKX 稳定版 v1
[2026-04-21 20:57:53] ❌ 请设置环境变量 OKX_API_KEY, OKX_API_SECRET, OKX_API_PASSPHRASE
===== RUN Tue Apr 21 21:54:48 UTC 2026 =====
[2026-04-21 21:54:48] 🚀 启动 OKX 稳定版 v1
[2026-04-21 21:54:48] ❌ 请设置环境变量 OKX_API_KEY, OKX_API_SECRET, OKX_API_PASSPHRASE
===== RUN Tue Apr 21 22:44:57 UTC 2026 =====
[2026-04-21 22:44:57] 🚀 启动 OKX 稳定版 v1
[2026-04-21 22:44:57] ❌ 请设置环境变量 OKX_API_KEY, OKX_API_SECRET, OKX_API_PASSPHRASE
===== RUN Tue Apr 21 23:24:01 UTC 2026 =====
[2026-04-21 23:24:01] 🚀 启动 OKX 稳定版 v1
[2026-04-21 23:24:01] ❌ 请设置环境变量 OKX_API_KEY, OKX_API_SECRET, OKX_API_PASSPHRASE
===== RUN Wed Apr 22 00:02:54 UTC 2026 =====
[2026-04-22 00:02:54] 🚀 启动 OKX 稳定版 v1
[2026-04-22 00:02:54] ❌ 请设置环境变量 OKX_API_KEY, OKX_API_SECRET, OKX_API_PASSPHRASE
===== RUN Wed Apr 22 03:38:15 UTC 2026 =====
[2026-04-22 03:38:15] 🚀 启动 OKX 稳定版 v1
[2026-04-22 03:38:15] ❌ 请设置环境变量 OKX_API_KEY, OKX_API_SECRET, OKX_API_PASSPHRASE
===== RUN Wed Apr 22 05:52:10 UTC 2026 =====
[2026-04-22 05:52:11] 🚀 启动 OKX 稳定版 v1
[2026-04-22 05:52:11] ❌ 请设置环境变量 OKX_API_KEY, OKX_API_SECRET, OKX_API_PASSPHRASE
===== RUN Wed Apr 22 07:46:32 UTC 2026 =====
[2026-04-22 07:46:32] 🚀 启动 OKX 稳定版 v1
[2026-04-22 07:46:32] ❌ 请设置环境变量 OKX_API_KEY, OKX_API_SECRET, OKX_API_PASSPHRASE
===== RUN Wed Apr 22 09:08:38 UTC 2026 =====
[2026-04-22 09:08:38] 🚀 启动 OKX 稳定版 v1
[2026-04-22 09:08:38] ❌ 请设置环境变量 OKX_API_KEY, OKX_API_SECRET, OKX_API_PASSPHRASE
===== RUN Wed Apr 22 10:43:04 UTC 2026 =====
[2026-04-22 10:43:05] 🚀 启动 OKX 稳定版 v1
[2026-04-22 10:43:05] ❌ 请设置环境变量 OKX_API_KEY, OKX_API_SECRET, OKX_API_PASSPHRASE
===== RUN Wed Apr 22 11:45:59 UTC 2026 =====
[2026-04-22 11:45:59] 🚀 启动 OKX 稳定版 v1
[2026-04-22 11:45:59] ❌ 请设置环境变量 OKX_API_KEY, OKX_API_SECRET, OKX_API_PASSPHRASE
===== RUN Wed Apr 22 12:51:53 UTC 2026 =====
[2026-04-22 12:51:54] 🚀 启动 OKX 稳定版 v1
[2026-04-22 12:51:54] ❌ 请设置环境变量 OKX_API_KEY, OKX_API_SECRET, OKX_API_PASSPHRASE
===== RUN Wed Apr 22 14:46:10 UTC 2026 =====
[2026-04-22 14:46:10] 🚀 启动 OKX 稳定版 v1
[2026-04-22 14:46:10] ❌ 请设置环境变量 OKX_API_KEY, OKX_API_SECRET, OKX_API_PASSPHRASE
===== RUN Wed Apr 22 15:58:18 UTC 2026 =====
[2026-04-22 15:58:19] 🚀 启动 OKX 稳定版 v1
[2026-04-22 15:58:19] ❌ 请设置环境变量 OKX_API_KEY, OKX_API_SECRET, OKX_API_PASSPHRASE
===== RUN Wed Apr 22 17:12:26 UTC 2026 =====
[2026-04-22 17:12:26] 🚀 启动 OKX 稳定版 v1
[2026-04-22 17:12:26] ❌ 请设置环境变量 OKX_API_KEY, OKX_API_SECRET, OKX_API_PASSPHRASE
===== RUN Wed Apr 22 18:14:39 UTC 2026 =====
[2026-04-22 18:14:40] 🚀 启动 OKX 稳定版 v1
[2026-04-22 18:14:40] ❌ 请设置环境变量 OKX_API_KEY, OKX_API_SECRET, OKX_API_PASSPHRASE
===== RUN Wed Apr 22 19:44:07 UTC 2026 =====
[2026-04-22 19:44:07] 🚀 启动 OKX 稳定版 v1
[2026-04-22 19:44:07] ❌ 请设置环境变量 OKX_API_KEY, OKX_API_SECRET, OKX_API_PASSPHRASE
===== RUN Wed Apr 22 20:39:53 UTC 2026 =====
[2026-04-22 20:39:55] 🚀 启动 OKX 稳定版 v1
[2026-04-22 20:39:55] ❌ 请设置环境变量 OKX_API_KEY, OKX_API_SECRET, OKX_API_PASSPHRASE
===== RUN Wed Apr 22 21:38:11 UTC 2026 =====
[2026-04-22 21:38:11] 🚀 启动 OKX 稳定版 v1
[2026-04-22 21:38:11] ❌ 请设置环境变量 OKX_API_KEY, OKX_API_SECRET, OKX_API_PASSPHRASE
===== RUN Wed Apr 22 22:32:48 UTC 2026 =====
[2026-04-22 22:32:49] 🚀 启动 OKX 稳定版 v1
[2026-04-22 22:32:49] ❌ 请设置环境变量 OKX_API_KEY, OKX_API_SECRET, OKX_API_PASSPHRASE
===== RUN Wed Apr 22 23:30:38 UTC 2026 =====
[2026-04-22 23:30:38] 🚀 启动 OKX 稳定版 v1
[2026-04-22 23:30:38] ❌ 请设置环境变量 OKX_API_KEY, OKX_API_SECRET, OKX_API_PASSPHRASE
===== RUN Thu Apr 23 01:11:38 UTC 2026 =====
[2026-04-23 01:11:39] 🚀 启动 OKX 稳定版 v1
[2026-04-23 01:11:39] ❌ 请设置环境变量 OKX_API_KEY, OKX_API_SECRET, OKX_API_PASSPHRASE
===== RUN Thu Apr 23 04:24:35 UTC 2026 =====
[2026-04-23 04:24:36] 🚀 启动 OKX 稳定版 v1
[2026-04-23 04:24:36] ❌ 请设置环境变量 OKX_API_KEY, OKX_API_SECRET, OKX_API_PASSPHRASE
===== RUN Thu Apr 23 06:24:52 UTC 2026 =====
[2026-04-23 06:24:52] 🚀 启动 OKX 稳定版 v1
[2026-04-23 06:24:52] ❌ 请设置环境变量 OKX_API_KEY, OKX_API_SECRET, OKX_API_PASSPHRASE
===== RUN Thu Apr 23 08:21:39 UTC 2026 =====
[2026-04-23 08:21:39] 🚀 启动 OKX 稳定版 v1
[2026-04-23 08:21:39] ❌ 请设置环境变量 OKX_API_KEY, OKX_API_SECRET, OKX_API_PASSPHRASE
===== RUN Thu Apr 23 10:04:38 UTC 2026 =====
[2026-04-23 10:04:39] 🚀 启动 OKX 稳定版 v1
[2026-04-23 10:04:39] ❌ 请设置环境变量 OKX_API_KEY, OKX_API_SECRET, OKX_API_PASSPHRASE
===== RUN Thu Apr 23 11:32:18 UTC 2026 =====
[2026-04-23 11:32:19] 🚀 启动 OKX 稳定版 v1
[2026-04-23 11:32:19] ❌ 请设置环境变量 OKX_API_KEY, OKX_API_SECRET, OKX_API_PASSPHRASE
===== RUN Thu Apr 23 12:43:18 UTC 2026 =====
[2026-04-23 12:43:19] 🚀 启动 OKX 稳定版 v1
[2026-04-23 12:43:19] ❌ 请设置环境变量 OKX_API_KEY, OKX_API_SECRET, OKX_API_PASSPHRASE
===== RUN Thu Apr 23 15:01:26 UTC 2026 =====
[2026-04-23 15:01:27] 🚀 启动 OKX 稳定版 v1
[2026-04-23 15:01:27] ❌ 请设置环境变量 OKX_API_KEY, OKX_API_SECRET, OKX_API_PASSPHRASE
===== RUN Thu Apr 23 16:51:23 UTC 2026 =====
[2026-04-23 16:51:24] 🚀 启动 OKX 稳定版 v1
[2026-04-23 16:51:24] ❌ 请设置环境变量 OKX_API_KEY, OKX_API_SECRET, OKX_API_PASSPHRASE
===== RUN Thu Apr 23 18:04:03 UTC 2026 =====
[2026-04-23 18:04:03] 🚀 启动 OKX 稳定版 v1
[2026-04-23 18:04:03] ❌ 请设置环境变量 OKX_API_KEY, OKX_API_SECRET, OKX_API_PASSPHRASE
===== RUN Thu Apr 23 19:39:21 UTC 2026 =====
[2026-04-23 19:39:21] 🚀 启动 OKX 稳定版 v1
[2026-04-23 19:39:21] ❌ 请设置环境变量 OKX_API_KEY, OKX_API_SECRET, OKX_API_PASSPHRASE
===== RUN Thu Apr 23 20:39:32 UTC 2026 =====
[2026-04-23 20:39:33] 🚀 启动 OKX 稳定版 v1
[2026-04-23 20:39:33] ❌ 请设置环境变量 OKX_API_KEY, OKX_API_SECRET, OKX_API_PASSPHRASE
===== RUN Thu Apr 23 21:32:51 UTC 2026 =====
[2026-04-23 21:32:51] 🚀 启动 OKX 稳定版 v1
[2026-04-23 21:32:51] ❌ 请设置环境变量 OKX_API_KEY, OKX_API_SECRET, OKX_API_PASSPHRASE
===== RUN Thu Apr 23 22:25:29 UTC 2026 =====
[2026-04-23 22:25:30] 🚀 启动 OKX 稳定版 v1
[2026-04-23 22:25:30] ❌ 请设置环境变量 OKX_API_KEY, OKX_API_SECRET, OKX_API_PASSPHRASE
===== RUN Thu Apr 23 23:26:34 UTC 2026 =====
[2026-04-23 23:26:36] 🚀 启动 OKX 稳定版 v1
[2026-04-23 23:26:36] ❌ 请设置环境变量 OKX_API_KEY, OKX_API_SECRET, OKX_API_PASSPHRASE
===== RUN Fri Apr 24 00:11:11 UTC 2026 =====
[2026-04-24 00:11:12] 🚀 启动 OKX 稳定版 v1
[2026-04-24 00:11:12] ❌ 请设置环境变量 OKX_API_KEY, OKX_API_SECRET, OKX_API_PASSPHRASE
===== RUN Fri Apr 24 03:53:23 UTC 2026 =====
[2026-04-24 03:53:23] 🚀 启动 OKX 稳定版 v1
[2026-04-24 03:53:23] ❌ 请设置环境变量 OKX_API_KEY, OKX_API_SECRET, OKX_API_PASSPHRASE
===== RUN Fri Apr 24 06:09:30 UTC 2026 =====
[2026-04-24 06:09:30] 🚀 启动 OKX 稳定版 v1
[2026-04-24 06:09:30] ❌ 请设置环境变量 OKX_API_KEY, OKX_API_SECRET, OKX_API_PASSPHRASE
===== RUN Fri Apr 24 08:24:01 UTC 2026 =====
[2026-04-24 08:24:02] 🚀 启动 OKX 稳定版 v1
[2026-04-24 08:24:02] ❌ 请设置环境变量 OKX_API_KEY, OKX_API_SECRET, OKX_API_PASSPHRASE
===== RUN Fri Apr 24 10:06:54 UTC 2026 =====
[2026-04-24 10:06:55] 🚀 启动 OKX 稳定版 v1
[2026-04-24 10:06:55] ❌ 请设置环境变量 OKX_API_KEY, OKX_API_SECRET, OKX_API_PASSPHRASE
===== RUN Fri Apr 24 11:34:13 UTC 2026 =====
[2026-04-24 11:34:14] 🚀 启动 OKX 稳定版 v1
[2026-04-24 11:34:14] ❌ 请设置环境变量 OKX_API_KEY, OKX_API_SECRET, OKX_API_PASSPHRASE
===== RUN Fri Apr 24 12:42:00 UTC 2026 =====
[2026-04-24 12:42:01] 🚀 启动 OKX 稳定版 v1
[2026-04-24 12:42:01] ❌ 请设置环境变量 OKX_API_KEY, OKX_API_SECRET, OKX_API_PASSPHRASE
===== RUN Fri Apr 24 14:22:27 UTC 2026 =====
[2026-04-24 14:22:28] 🚀 启动 OKX 稳定版 v1
[2026-04-24 14:22:28] ❌ 请设置环境变量 OKX_API_KEY, OKX_API_SECRET, OKX_API_PASSPHRASE
===== RUN Fri Apr 24 15:46:42 UTC 2026 =====
[2026-04-24 15:46:42] 🚀 启动 OKX 稳定版 v1
[2026-04-24 15:46:42] ❌ 请设置环境变量 OKX_API_KEY, OKX_API_SECRET, OKX_API_PASSPHRASE
===== RUN Fri Apr 24 16:41:57 UTC 2026 =====
[2026-04-24 16:41:58] 🚀 启动 OKX 稳定版 v1
[2026-04-24 16:41:58] ❌ 请设置环境变量 OKX_API_KEY, OKX_API_SECRET, OKX_API_PASSPHRASE
===== RUN Fri Apr 24 17:39:49 UTC 2026 =====
[2026-04-24 17:39:50] 🚀 启动 OKX 稳定版 v1
[2026-04-24 17:39:50] ❌ 请设置环境变量 OKX_API_KEY, OKX_API_SECRET, OKX_API_PASSPHRASE
===== RUN Fri Apr 24 18:31:31 UTC 2026 =====
[2026-04-24 18:31:32] 🚀 启动 OKX 稳定版 v1
[2026-04-24 18:31:32] ❌ 请设置环境变量 OKX_API_KEY, OKX_API_SECRET, OKX_API_PASSPHRASE
===== RUN Fri Apr 24 19:36:35 UTC 2026 =====
[2026-04-24 19:36:36] 🚀 启动 OKX 稳定版 v1
[2026-04-24 19:36:36] ❌ 请设置环境变量 OKX_API_KEY, OKX_API_SECRET, OKX_API_PASSPHRASE
===== RUN Fri Apr 24 20:29:16 UTC 2026 =====
[2026-04-24 20:29:17] 🚀 启动 OKX 稳定版 v1
[2026-04-24 20:29:17] ❌ 请设置环境变量 OKX_API_KEY, OKX_API_SECRET, OKX_API_PASSPHRASE
===== RUN Fri Apr 24 21:29:29 UTC 2026 =====
[2026-04-24 21:29:29] 🚀 启动 OKX 稳定版 v1
[2026-04-24 21:29:29] ❌ 请设置环境变量 OKX_API_KEY, OKX_API_SECRET, OKX_API_PASSPHRASE
===== RUN Fri Apr 24 22:24:36 UTC 2026 =====
[2026-04-24 22:24:36] 🚀 启动 OKX 稳定版 v1
[2026-04-24 22:24:36] ❌ 请设置环境变量 OKX_API_KEY, OKX_API_SECRET, OKX_API_PASSPHRASE
===== RUN Fri Apr 24 23:09:40 UTC 2026 =====
[2026-04-24 23:09:41] 🚀 启动 OKX 稳定版 v1
[2026-04-24 23:09:41] ❌ 请设置环境变量 OKX_API_KEY, OKX_API_SECRET, OKX_API_PASSPHRASE
===== RUN Fri Apr 24 23:56:45 UTC 2026 =====
[2026-04-24 23:56:45] 🚀 启动 OKX 稳定版 v1
[2026-04-24 23:56:45] ❌ 请设置环境变量 OKX_API_KEY, OKX_API_SECRET, OKX_API_PASSPHRASE
===== RUN Sat Apr 25 03:25:48 UTC 2026 =====
[2026-04-25 03:25:48] 🚀 启动 OKX 稳定版 v1
[2026-04-25 03:25:48] ❌ 请设置环境变量 OKX_API_KEY, OKX_API_SECRET, OKX_API_PASSPHRASE
===== RUN Sat Apr 25 05:29:17 UTC 2026 =====
[2026-04-25 05:29:18] 🚀 启动 OKX 稳定版 v1
[2026-04-25 05:29:18] ❌ 请设置环境变量 OKX_API_KEY, OKX_API_SECRET, OKX_API_PASSPHRASE
===== RUN Sat Apr 25 06:54:34 UTC 2026 =====
[2026-04-25 06:54:34] 🚀 启动 OKX 稳定版 v1
[2026-04-25 06:54:34] ❌ 请设置环境变量 OKX_API_KEY, OKX_API_SECRET, OKX_API_PASSPHRASE
===== RUN Sat Apr 25 08:07:39 UTC 2026 =====
[2026-04-25 08:07:40] 🚀 启动 OKX 稳定版 v1
[2026-04-25 08:07:40] ❌ 请设置环境变量 OKX_API_KEY, OKX_API_SECRET, OKX_API_PASSPHRASE
===== RUN Sat Apr 25 09:10:25 UTC 2026 =====
[2026-04-25 09:10:25] 🚀 启动 OKX 稳定版 v1
[2026-04-25 09:10:25] ❌ 请设置环境变量 OKX_API_KEY, OKX_API_SECRET, OKX_API_PASSPHRASE
===== RUN Sat Apr 25 10:07:31 UTC 2026 =====
[2026-04-25 10:07:32] 🚀 启动 OKX 稳定版 v1
[2026-04-25 10:07:32] ❌ 请设置环境变量 OKX_API_KEY, OKX_API_SECRET, OKX_API_PASSPHRASE
===== RUN Sat Apr 25 11:04:15 UTC 2026 =====
[2026-04-25 11:04:15] 🚀 启动 OKX 稳定版 v1
[2026-04-25 11:04:15] ❌ 请设置环境变量 OKX_API_KEY, OKX_API_SECRET, OKX_API_PASSPHRASE
===== RUN Sat Apr 25 11:52:18 UTC 2026 =====
[2026-04-25 11:52:19] 🚀 启动 OKX 稳定版 v1
[2026-04-25 11:52:19] ❌ 请设置环境变量 OKX_API_KEY, OKX_API_SECRET, OKX_API_PASSPHRASE
===== RUN Sat Apr 25 13:03:26 UTC 2026 =====
[2026-04-25 13:03:26] 🚀 启动 OKX 稳定版 v1
[2026-04-25 13:03:26] ❌ 请设置环境变量 OKX_API_KEY, OKX_API_SECRET, OKX_API_PASSPHRASE
===== RUN Sat Apr 25 14:07:34 UTC 2026 =====
[2026-04-25 14:07:35] 🚀 启动 OKX 稳定版 v1
[2026-04-25 14:07:35] ❌ 请设置环境变量 OKX_API_KEY, OKX_API_SECRET, OKX_API_PASSPHRASE
===== RUN Sat Apr 25 15:00:44 UTC 2026 =====
[2026-04-25 15:00:44] 🚀 启动 OKX 稳定版 v1
[2026-04-25 15:00:44] ❌ 请设置环境变量 OKX_API_KEY, OKX_API_SECRET, OKX_API_PASSPHRASE
===== RUN Sat Apr 25 15:53:09 UTC 2026 =====
[2026-04-25 15:53:09] 🚀 启动 OKX 稳定版 v1
[2026-04-25 15:53:09] ❌ 请设置环境变量 OKX_API_KEY, OKX_API_SECRET, OKX_API_PASSPHRASE
===== RUN Sat Apr 25 16:44:29 UTC 2026 =====
[2026-04-25 16:44:30] 🚀 启动 OKX 稳定版 v1
[2026-04-25 16:44:30] ❌ 请设置环境变量 OKX_API_KEY, OKX_API_SECRET, OKX_API_PASSPHRASE
===== RUN Sat Apr 25 17:27:13 UTC 2026 =====
[2026-04-25 17:27:14] 🚀 启动 OKX 稳定版 v1
[2026-04-25 17:27:14] ❌ 请设置环境变量 OKX_API_KEY, OKX_API_SECRET, OKX_API_PASSPHRASE
===== RUN Sat Apr 25 18:07:17 UTC 2026 =====
[2026-04-25 18:07:19] 🚀 启动 OKX 稳定版 v1
[2026-04-25 18:07:19] ❌ 请设置环境变量 OKX_API_KEY, OKX_API_SECRET, OKX_API_PASSPHRASE
===== RUN Sat Apr 25 19:11:33 UTC 2026 =====
[2026-04-25 19:11:35] 🚀 启动 OKX 稳定版 v1
[2026-04-25 19:11:35] ❌ 请设置环境变量 OKX_API_KEY, OKX_API_SECRET, OKX_API_PASSPHRASE
===== RUN Sat Apr 25 19:56:16 UTC 2026 =====
[2026-04-25 19:56:16] 🚀 启动 OKX 稳定版 v1
[2026-04-25 19:56:16] ❌ 请设置环境变量 OKX_API_KEY, OKX_API_SECRET, OKX_API_PASSPHRASE
===== RUN Sat Apr 25 20:52:09 UTC 2026 =====
[2026-04-25 20:52:09] 🚀 启动 OKX 稳定版 v1
[2026-04-25 20:52:09] ❌ 请设置环境变量 OKX_API_KEY, OKX_API_SECRET, OKX_API_PASSPHRASE
===== RUN Sat Apr 25 21:36:07 UTC 2026 =====
[2026-04-25 21:36:07] 🚀 启动 OKX 稳定版 v1
[2026-04-25 21:36:07] ❌ 请设置环境变量 OKX_API_KEY, OKX_API_SECRET, OKX_API_PASSPHRASE
===== RUN Sat Apr 25 22:05:59 UTC 2026 =====
[2026-04-25 22:05:59] 🚀 启动 OKX 稳定版 v1
[2026-04-25 22:05:59] ❌ 请设置环境变量 OKX_API_KEY, OKX_API_SECRET, OKX_API_PASSPHRASE
===== RUN Sat Apr 25 22:56:23 UTC 2026 =====
[2026-04-25 22:56:24] 🚀 启动 OKX 稳定版 v1
[2026-04-25 22:56:24] ❌ 请设置环境变量 OKX_API_KEY, OKX_API_SECRET, OKX_API_PASSPHRASE
===== RUN Sat Apr 25 23:49:45 UTC 2026 =====
[2026-04-25 23:49:46] 🚀 启动 OKX 稳定版 v1
[2026-04-25 23:49:46] ❌ 请设置环境变量 OKX_API_KEY, OKX_API_SECRET, OKX_API_PASSPHRASE
===== RUN Sun Apr 26 02:00:01 UTC 2026 =====
[2026-04-26 02:00:01] 🚀 启动 OKX 稳定版 v1
[2026-04-26 02:00:01] ❌ 请设置环境变量 OKX_API_KEY, OKX_API_SECRET, OKX_API_PASSPHRASE
===== RUN Sun Apr 26 05:19:26 UTC 2026 =====
[2026-04-26 05:19:26] 🚀 启动 OKX 稳定版 v1
[2026-04-26 05:19:26] ❌ 请设置环境变量 OKX_API_KEY, OKX_API_SECRET, OKX_API_PASSPHRASE
===== RUN Sun Apr 26 07:09:06 UTC 2026 =====
[2026-04-26 07:09:07] 🚀 启动 OKX 稳定版 v1
[2026-04-26 07:09:07] ❌ 请设置环境变量 OKX_API_KEY, OKX_API_SECRET, OKX_API_PASSPHRASE
===== RUN Sun Apr 26 08:38:19 UTC 2026 =====
[2026-04-26 08:38:20] 🚀 启动 OKX 稳定版 v1
[2026-04-26 08:38:20] ❌ 请设置环境变量 OKX_API_KEY, OKX_API_SECRET, OKX_API_PASSPHRASE
===== RUN Sun Apr 26 09:38:09 UTC 2026 =====
[2026-04-26 09:38:10] 🚀 启动 OKX 稳定版 v1
[2026-04-26 09:38:10] ❌ 请设置环境变量 OKX_API_KEY, OKX_API_SECRET, OKX_API_PASSPHRASE
===== RUN Sun Apr 26 10:30:51 UTC 2026 =====
[2026-04-26 10:30:51] 🚀 启动 OKX 稳定版 v1
[2026-04-26 10:30:51] ❌ 请设置环境变量 OKX_API_KEY, OKX_API_SECRET, OKX_API_PASSPHRASE
===== RUN Sun Apr 26 11:24:45 UTC 2026 =====
[2026-04-26 11:24:46] 🚀 启动 OKX 稳定版 v1
[2026-04-26 11:24:46] ❌ 请设置环境变量 OKX_API_KEY, OKX_API_SECRET, OKX_API_PASSPHRASE
===== RUN Sun Apr 26 12:05:48 UTC 2026 =====
[2026-04-26 12:05:48] 🚀 启动 OKX 稳定版 v1
[2026-04-26 12:05:48] ❌ 请设置环境变量 OKX_API_KEY, OKX_API_SECRET, OKX_API_PASSPHRASE
===== RUN Sun Apr 26 13:40:32 UTC 2026 =====
[2026-04-26 13:40:33] 🚀 启动 OKX 稳定版 v1
[2026-04-26 13:40:33] ❌ 请设置环境变量 OKX_API_KEY, OKX_API_SECRET, OKX_API_PASSPHRASE
===== RUN Sun Apr 26 14:30:47 UTC 2026 =====
[2026-04-26 14:30:47] 🚀 启动 OKX 稳定版 v1
[2026-04-26 14:30:47] ❌ 请设置环境变量 OKX_API_KEY, OKX_API_SECRET, OKX_API_PASSPHRASE
===== RUN Sun Apr 26 15:25:32 UTC 2026 =====
[2026-04-26 15:25:33] 🚀 启动 OKX 稳定版 v1
[2026-04-26 15:25:33] ❌ 请设置环境变量 OKX_API_KEY, OKX_API_SECRET, OKX_API_PASSPHRASE
===== RUN Sun Apr 26 16:08:39 UTC 2026 =====
[2026-04-26 16:08:40] 🚀 启动 OKX 稳定版 v1
[2026-04-26 16:08:40] ❌ 请设置环境变量 OKX_API_KEY, OKX_API_SECRET, OKX_API_PASSPHRASE
===== RUN Sun Apr 26 17:03:27 UTC 2026 =====
[2026-04-26 17:03:28] 🚀 启动 OKX 稳定版 v1
[2026-04-26 17:03:28] ❌ 请设置环境变量 OKX_API_KEY, OKX_API_SECRET, OKX_API_PASSPHRASE
===== RUN Sun Apr 26 17:56:11 UTC 2026 =====
[2026-04-26 17:56:12] 🚀 启动 OKX 稳定版 v1
[2026-04-26 17:56:12] ❌ 请设置环境变量 OKX_API_KEY, OKX_API_SECRET, OKX_API_PASSPHRASE
===== RUN Sun Apr 26 19:08:31 UTC 2026 =====
[2026-04-26 19:08:32] 🚀 启动 OKX 稳定版 v1
[2026-04-26 19:08:32] ❌ 请设置环境变量 OKX_API_KEY, OKX_API_SECRET, OKX_API_PASSPHRASE
===== RUN Sun Apr 26 19:55:55 UTC 2026 =====
[2026-04-26 19:55:55] 🚀 启动 OKX 稳定版 v1
[2026-04-26 19:55:55] ❌ 请设置环境变量 OKX_API_KEY, OKX_API_SECRET, OKX_API_PASSPHRASE
===== RUN Sun Apr 26 20:51:32 UTC 2026 =====
[2026-04-26 20:51:32] 🚀 启动 OKX 稳定版 v1
[2026-04-26 20:51:32] ❌ 请设置环境变量 OKX_API_KEY, OKX_API_SECRET, OKX_API_PASSPHRASE
===== RUN Sun Apr 26 21:35:42 UTC 2026 =====
[2026-04-26 21:35:42] 🚀 启动 OKX 稳定版 v1
[2026-04-26 21:35:42] ❌ 请设置环境变量 OKX_API_KEY, OKX_API_SECRET, OKX_API_PASSPHRASE
===== RUN Sun Apr 26 22:19:53 UTC 2026 =====
[2026-04-26 22:19:54] 🚀 启动 OKX 稳定版 v1
[2026-04-26 22:19:54] ❌ 请设置环境变量 OKX_API_KEY, OKX_API_SECRET, OKX_API_PASSPHRASE
===== RUN Sun Apr 26 23:03:58 UTC 2026 =====
[2026-04-26 23:03:59] 🚀 启动 OKX 稳定版 v1
[2026-04-26 23:03:59] ❌ 请设置环境变量 OKX_API_KEY, OKX_API_SECRET, OKX_API_PASSPHRASE
===== RUN Sun Apr 26 23:54:35 UTC 2026 =====
[2026-04-26 23:54:36] 🚀 启动 OKX 稳定版 v1
[2026-04-26 23:54:36] ❌ 请设置环境变量 OKX_API_KEY, OKX_API_SECRET, OKX_API_PASSPHRASE
===== RUN Mon Apr 27 03:38:29 UTC 2026 =====
[2026-04-27 03:38:29] 🚀 启动 OKX 稳定版 v1
[2026-04-27 03:38:29] ❌ 请设置环境变量 OKX_API_KEY, OKX_API_SECRET, OKX_API_PASSPHRASE
===== RUN Mon Apr 27 06:17:37 UTC 2026 =====
[2026-04-27 06:17:37] 🚀 启动 OKX 稳定版 v1
[2026-04-27 06:17:37] ❌ 请设置环境变量 OKX_API_KEY, OKX_API_SECRET, OKX_API_PASSPHRASE
===== RUN Mon Apr 27 08:43:48 UTC 2026 =====
[2026-04-27 08:43:49] 🚀 启动 OKX 稳定版 v1
[2026-04-27 08:43:49] ❌ 请设置环境变量 OKX_API_KEY, OKX_API_SECRET, OKX_API_PASSPHRASE
===== RUN Mon Apr 27 10:49:45 UTC 2026 =====
[2026-04-27 10:49:46] 🚀 启动 OKX 稳定版 v1
[2026-04-27 10:49:46] ❌ 请设置环境变量 OKX_API_KEY, OKX_API_SECRET, OKX_API_PASSPHRASE
===== RUN Mon Apr 27 12:18:01 UTC 2026 =====
[2026-04-27 12:18:02] 🚀 启动 OKX 稳定版 v1
[2026-04-27 12:18:02] ❌ 请设置环境变量 OKX_API_KEY, OKX_API_SECRET, OKX_API_PASSPHRASE
===== RUN Mon Apr 27 14:31:58 UTC 2026 =====
[2026-04-27 14:31:59] 🚀 启动 OKX 稳定版 v1
[2026-04-27 14:31:59] ❌ 请设置环境变量 OKX_API_KEY, OKX_API_SECRET, OKX_API_PASSPHRASE
===== RUN Mon Apr 27 16:12:47 UTC 2026 =====
[2026-04-27 16:12:47] 🚀 启动 OKX 稳定版 v1
[2026-04-27 16:12:47] ❌ 请设置环境变量 OKX_API_KEY, OKX_API_SECRET, OKX_API_PASSPHRASE
===== RUN Mon Apr 27 17:44:19 UTC 2026 =====
[2026-04-27 17:44:19] 🚀 启动 OKX 稳定版 v1
[2026-04-27 17:44:19] ❌ 请设置环境变量 OKX_API_KEY, OKX_API_SECRET, OKX_API_PASSPHRASE
===== RUN Mon Apr 27 18:59:39 UTC 2026 =====
[2026-04-27 18:59:39] 🚀 启动 OKX 稳定版 v1
[2026-04-27 18:59:39] ❌ 请设置环境变量 OKX_API_KEY, OKX_API_SECRET, OKX_API_PASSPHRASE
===== RUN Mon Apr 27 20:17:07 UTC 2026 =====
[2026-04-27 20:17:08] 🚀 启动 OKX 稳定版 v1
[2026-04-27 20:17:08] ❌ 请设置环境变量 OKX_API_KEY, OKX_API_SECRET, OKX_API_PASSPHRASE
===== RUN Mon Apr 27 21:31:29 UTC 2026 =====
[2026-04-27 21:31:30] 🚀 启动 OKX 稳定版 v1
[2026-04-27 21:31:30] ❌ 请设置环境变量 OKX_API_KEY, OKX_API_SECRET, OKX_API_PASSPHRASE
===== RUN Mon Apr 27 22:30:24 UTC 2026 =====
[2026-04-27 22:30:25] 🚀 启动 OKX 稳定版 v1
[2026-04-27 22:30:25] ❌ 请设置环境变量 OKX_API_KEY, OKX_API_SECRET, OKX_API_PASSPHRASE
===== RUN Mon Apr 27 23:32:26 UTC 2026 =====
[2026-04-27 23:32:27] 🚀 启动 OKX 稳定版 v1
[2026-04-27 23:32:27] ❌ 请设置环境变量 OKX_API_KEY, OKX_API_SECRET, OKX_API_PASSPHRASE
===== RUN Tue Apr 28 01:19:55 UTC 2026 =====
[2026-04-28 01:19:55] 🚀 启动 OKX 稳定版 v1
[2026-04-28 01:19:55] ❌ 请设置环境变量 OKX_API_KEY, OKX_API_SECRET, OKX_API_PASSPHRASE
===== RUN Tue Apr 28 04:52:30 UTC 2026 =====
[2026-04-28 04:52:30] 🚀 启动 OKX 稳定版 v1
[2026-04-28 04:52:30] ❌ 请设置环境变量 OKX_API_KEY, OKX_API_SECRET, OKX_API_PASSPHRASE
===== RUN Tue Apr 28 07:30:56 UTC 2026 =====
[2026-04-28 07:30:57] 🚀 启动 OKX 稳定版 v1
[2026-04-28 07:30:57] ❌ 请设置环境变量 OKX_API_KEY, OKX_API_SECRET, OKX_API_PASSPHRASE
===== RUN Tue Apr 28 09:59:01 UTC 2026 =====
[2026-04-28 09:59:05] 🚀 启动 OKX 稳定版 v1
[2026-04-28 09:59:05] ❌ 请设置环境变量 OKX_API_KEY, OKX_API_SECRET, OKX_API_PASSPHRASE
===== RUN Tue Apr 28 11:57:47 UTC 2026 =====
[2026-04-28 11:57:47] 🚀 启动 OKX 稳定版 v1
[2026-04-28 11:57:47] ❌ 请设置环境变量 OKX_API_KEY, OKX_API_SECRET, OKX_API_PASSPHRASE
===== RUN Tue Apr 28 14:38:06 UTC 2026 =====
[2026-04-28 14:38:10] 🚀 启动 OKX 稳定版 v1
[2026-04-28 14:38:10] ❌ 请设置环境变量 OKX_API_KEY, OKX_API_SECRET, OKX_API_PASSPHRASE
===== RUN Tue Apr 28 16:28:13 UTC 2026 =====
[2026-04-28 16:28:14] 🚀 启动 OKX 稳定版 v1
[2026-04-28 16:28:14] ❌ 请设置环境变量 OKX_API_KEY, OKX_API_SECRET, OKX_API_PASSPHRASE
===== RUN Tue Apr 28 18:07:17 UTC 2026 =====
[2026-04-28 18:07:19] 🚀 启动 OKX 稳定版 v1
[2026-04-28 18:07:19] ❌ 请设置环境变量 OKX_API_KEY, OKX_API_SECRET, OKX_API_PASSPHRASE
===== RUN Tue Apr 28 19:56:29 UTC 2026 =====
[2026-04-28 19:56:30] 🚀 启动 OKX 稳定版 v1
[2026-04-28 19:56:30] ❌ 请设置环境变量 OKX_API_KEY, OKX_API_SECRET, OKX_API_PASSPHRASE
===== RUN Tue Apr 28 21:14:10 UTC 2026 =====
[2026-04-28 21:14:10] 🚀 启动 OKX 稳定版 v1
[2026-04-28 21:14:10] ❌ 请设置环境变量 OKX_API_KEY, OKX_API_SECRET, OKX_API_PASSPHRASE
===== RUN Tue Apr 28 22:14:49 UTC 2026 =====
[2026-04-28 22:14:50] 🚀 启动 OKX 稳定版 v1
[2026-04-28 22:14:50] ❌ 请设置环境变量 OKX_API_KEY, OKX_API_SECRET, OKX_API_PASSPHRASE
===== RUN Tue Apr 28 23:14:05 UTC 2026 =====
[2026-04-28 23:14:06] 🚀 启动 OKX 稳定版 v1
[2026-04-28 23:14:06] ❌ 请设置环境变量 OKX_API_KEY, OKX_API_SECRET, OKX_API_PASSPHRASE
===== RUN Wed Apr 29 00:11:05 UTC 2026 =====
[2026-04-29 00:11:06] 🚀 启动 OKX 稳定版 v1
[2026-04-29 00:11:06] ❌ 请设置环境变量 OKX_API_KEY, OKX_API_SECRET, OKX_API_PASSPHRASE
===== RUN Wed Apr 29 04:04:57 UTC 2026 =====
[2026-04-29 04:04:57] 🚀 启动 OKX 稳定版 v1
[2026-04-29 04:04:57] ❌ 请设置环境变量 OKX_API_KEY, OKX_API_SECRET, OKX_API_PASSPHRASE
===== RUN Wed Apr 29 06:36:23 UTC 2026 =====
[2026-04-29 06:36:23] 🚀 启动 OKX 稳定版 v1
[2026-04-29 06:36:23] ❌ 请设置环境变量 OKX_API_KEY, OKX_API_SECRET, OKX_API_PASSPHRASE
===== RUN Wed Apr 29 09:01:08 UTC 2026 =====
[2026-04-29 09:01:09] 🚀 启动 OKX 稳定版 v1
[2026-04-29 09:01:09] ❌ 请设置环境变量 OKX_API_KEY, OKX_API_SECRET, OKX_API_PASSPHRASE
===== RUN Wed Apr 29 11:03:42 UTC 2026 =====
[2026-04-29 11:03:43] 🚀 启动 OKX 稳定版 v1
[2026-04-29 11:03:43] ❌ 请设置环境变量 OKX_API_KEY, OKX_API_SECRET, OKX_API_PASSPHRASE
===== RUN Wed Apr 29 12:51:33 UTC 2026 =====
[2026-04-29 12:51:34] 🚀 启动 OKX 稳定版 v1
[2026-04-29 12:51:34] ❌ 请设置环境变量 OKX_API_KEY, OKX_API_SECRET, OKX_API_PASSPHRASE
===== RUN Wed Apr 29 15:10:58 UTC 2026 =====
[2026-04-29 15:10:59] 🚀 启动 OKX 稳定版 v1
[2026-04-29 15:10:59] ❌ 请设置环境变量 OKX_API_KEY, OKX_API_SECRET, OKX_API_PASSPHRASE
===== RUN Wed Apr 29 16:54:57 UTC 2026 =====
[2026-04-29 16:54:58] 🚀 启动 OKX 稳定版 v1
[2026-04-29 16:54:58] ❌ 请设置环境变量 OKX_API_KEY, OKX_API_SECRET, OKX_API_PASSPHRASE
===== RUN Wed Apr 29 18:17:03 UTC 2026 =====
[2026-04-29 18:17:04] 🚀 启动 OKX 稳定版 v1
[2026-04-29 18:17:04] ❌ 请设置环境变量 OKX_API_KEY, OKX_API_SECRET, OKX_API_PASSPHRASE
===== RUN Wed Apr 29 19:57:31 UTC 2026 =====
[2026-04-29 19:57:32] 🚀 启动 OKX 稳定版 v1
[2026-04-29 19:57:32] ❌ 请设置环境变量 OKX_API_KEY, OKX_API_SECRET, OKX_API_PASSPHRASE
===== RUN Wed Apr 29 21:15:33 UTC 2026 =====
[2026-04-29 21:15:34] 🚀 启动 OKX 稳定版 v1
[2026-04-29 21:15:34] ❌ 请设置环境变量 OKX_API_KEY, OKX_API_SECRET, OKX_API_PASSPHRASE
===== RUN Wed Apr 29 22:14:22 UTC 2026 =====
[2026-04-29 22:14:22] 🚀 启动 OKX 稳定版 v1
[2026-04-29 22:14:22] ❌ 请设置环境变量 OKX_API_KEY, OKX_API_SECRET, OKX_API_PASSPHRASE
===== RUN Wed Apr 29 23:14:23 UTC 2026 =====
[2026-04-29 23:14:24] 🚀 启动 OKX 稳定版 v1
[2026-04-29 23:14:24] ❌ 请设置环境变量 OKX_API_KEY, OKX_API_SECRET, OKX_API_PASSPHRASE
===== RUN Thu Apr 30 00:11:23 UTC 2026 =====
[2026-04-30 00:11:23] 🚀 启动 OKX 稳定版 v1
[2026-04-30 00:11:23] ❌ 请设置环境变量 OKX_API_KEY, OKX_API_SECRET, OKX_API_PASSPHRASE
===== RUN Thu Apr 30 04:06:50 UTC 2026 =====
[2026-04-30 04:06:51] 🚀 启动 OKX 稳定版 v1
[2026-04-30 04:06:51] ❌ 请设置环境变量 OKX_API_KEY, OKX_API_SECRET, OKX_API_PASSPHRASE
===== RUN Thu Apr 30 06:41:32 UTC 2026 =====
[2026-04-30 06:41:33] 🚀 启动 OKX 稳定版 v1
[2026-04-30 06:41:33] ❌ 请设置环境变量 OKX_API_KEY, OKX_API_SECRET, OKX_API_PASSPHRASE
===== RUN Thu Apr 30 09:04:47 UTC 2026 =====
[2026-04-30 09:04:48] 🚀 启动 OKX 稳定版 v1
[2026-04-30 09:04:48] ❌ 请设置环境变量 OKX_API_KEY, OKX_API_SECRET, OKX_API_PASSPHRASE
===== RUN Thu Apr 30 11:05:02 UTC 2026 =====
[2026-04-30 11:05:03] 🚀 启动 OKX 稳定版 v1
[2026-04-30 11:05:03] ❌ 请设置环境变量 OKX_API_KEY, OKX_API_SECRET, OKX_API_PASSPHRASE
===== RUN Thu Apr 30 12:52:39 UTC 2026 =====
[2026-04-30 12:52:40] 🚀 启动 OKX 稳定版 v1
[2026-04-30 12:52:40] ❌ 请设置环境变量 OKX_API_KEY, OKX_API_SECRET, OKX_API_PASSPHRASE
===== RUN Thu Apr 30 15:09:59 UTC 2026 =====
[2026-04-30 15:09:59] 🚀 启动 OKX 稳定版 v1
[2026-04-30 15:09:59] ❌ 请设置环境变量 OKX_API_KEY, OKX_API_SECRET, OKX_API_PASSPHRASE
===== RUN Thu Apr 30 16:49:25 UTC 2026 =====
[2026-04-30 16:49:26] 🚀 启动 OKX 稳定版 v1
[2026-04-30 16:49:26] ❌ 请设置环境变量 OKX_API_KEY, OKX_API_SECRET, OKX_API_PASSPHRASE
===== RUN Thu Apr 30 18:05:32 UTC 2026 =====
[2026-04-30 18:05:32] 🚀 启动 OKX 稳定版 v1
[2026-04-30 18:05:32] ❌ 请设置环境变量 OKX_API_KEY, OKX_API_SECRET, OKX_API_PASSPHRASE
===== RUN Thu Apr 30 19:48:37 UTC 2026 =====
[2026-04-30 19:48:38] 🚀 启动 OKX 稳定版 v1
[2026-04-30 19:48:38] ❌ 请设置环境变量 OKX_API_KEY, OKX_API_SECRET, OKX_API_PASSPHRASE
===== RUN Thu Apr 30 20:49:28 UTC 2026 =====
[2026-04-30 20:49:29] 🚀 启动 OKX 稳定版 v1
[2026-04-30 20:49:29] ❌ 请设置环境变量 OKX_API_KEY, OKX_API_SECRET, OKX_API_PASSPHRASE
===== RUN Thu Apr 30 21:49:45 UTC 2026 =====
[2026-04-30 21:49:45] 🚀 启动 OKX 稳定版 v1
[2026-04-30 21:49:45] ❌ 请设置环境变量 OKX_API_KEY, OKX_API_SECRET, OKX_API_PASSPHRASE
===== RUN Thu Apr 30 22:44:06 UTC 2026 =====
[2026-04-30 22:44:06] 🚀 启动 OKX 稳定版 v1
[2026-04-30 22:44:06] ❌ 请设置环境变量 OKX_API_KEY, OKX_API_SECRET, OKX_API_PASSPHRASE
===== RUN Thu Apr 30 23:38:11 UTC 2026 =====
[2026-04-30 23:38:12] 🚀 启动 OKX 稳定版 v1
[2026-04-30 23:38:12] ❌ 请设置环境变量 OKX_API_KEY, OKX_API_SECRET, OKX_API_PASSPHRASE
===== RUN Fri May  1 01:27:50 UTC 2026 =====
[2026-05-01 01:27:51] 🚀 启动 OKX 稳定版 v1
[2026-05-01 01:27:51] ❌ 请设置环境变量 OKX_API_KEY, OKX_API_SECRET, OKX_API_PASSPHRASE
===== RUN Fri May  1 05:26:44 UTC 2026 =====
[2026-05-01 05:26:44] 🚀 启动 OKX 稳定版 v1
[2026-05-01 05:26:44] ❌ 请设置环境变量 OKX_API_KEY, OKX_API_SECRET, OKX_API_PASSPHRASE
===== RUN Fri May  1 07:50:56 UTC 2026 =====
[2026-05-01 07:50:57] 🚀 启动 OKX 稳定版 v1
[2026-05-01 07:50:57] ❌ 请设置环境变量 OKX_API_KEY, OKX_API_SECRET, OKX_API_PASSPHRASE
===== RUN Fri May  1 09:29:21 UTC 2026 =====
[2026-05-01 09:29:21] 🚀 启动 OKX 稳定版 v1
[2026-05-01 09:29:21] ❌ 请设置环境变量 OKX_API_KEY, OKX_API_SECRET, OKX_API_PASSPHRASE
===== RUN Fri May  1 10:54:27 UTC 2026 =====
[2026-05-01 10:54:27] 🚀 启动 OKX 稳定版 v1
[2026-05-01 10:54:27] ❌ 请设置环境变量 OKX_API_KEY, OKX_API_SECRET, OKX_API_PASSPHRASE
===== RUN Fri May  1 12:01:42 UTC 2026 =====
[2026-05-01 12:01:43] 🚀 启动 OKX 稳定版 v1
[2026-05-01 12:01:43] ❌ 请设置环境变量 OKX_API_KEY, OKX_API_SECRET, OKX_API_PASSPHRASE
===== RUN Fri May  1 13:50:39 UTC 2026 =====
[2026-05-01 13:50:40] 🚀 启动 OKX 稳定版 v1
[2026-05-01 13:50:40] ❌ 请设置环境变量 OKX_API_KEY, OKX_API_SECRET, OKX_API_PASSPHRASE
===== RUN Fri May  1 14:51:16 UTC 2026 =====
[2026-05-01 14:51:16] 🚀 启动 OKX 稳定版 v1
[2026-05-01 14:51:16] ❌ 请设置环境变量 OKX_API_KEY, OKX_API_SECRET, OKX_API_PASSPHRASE
===== RUN Fri May  1 15:54:13 UTC 2026 =====
[2026-05-01 15:54:14] 🚀 启动 OKX 稳定版 v1
[2026-05-01 15:54:14] ❌ 请设置环境变量 OKX_API_KEY, OKX_API_SECRET, OKX_API_PASSPHRASE
===== RUN Fri May  1 17:01:12 UTC 2026 =====
[2026-05-01 17:01:13] 🚀 启动 OKX 稳定版 v1
[2026-05-01 17:01:13] ❌ 请设置环境变量 OKX_API_KEY, OKX_API_SECRET, OKX_API_PASSPHRASE
===== RUN Fri May  1 18:08:12 UTC 2026 =====
[2026-05-01 18:08:13] 🚀 启动 OKX 稳定版 v1
[2026-05-01 18:08:13] ❌ 请设置环境变量 OKX_API_KEY, OKX_API_SECRET, OKX_API_PASSPHRASE
===== RUN Fri May  1 19:38:51 UTC 2026 =====
[2026-05-01 19:38:52] 🚀 启动 OKX 稳定版 v1
[2026-05-01 19:38:52] ❌ 请设置环境变量 OKX_API_KEY, OKX_API_SECRET, OKX_API_PASSPHRASE
===== RUN Fri May  1 20:34:43 UTC 2026 =====
[2026-05-01 20:34:44] 🚀 启动 OKX 稳定版 v1
[2026-05-01 20:34:44] ❌ 请设置环境变量 OKX_API_KEY, OKX_API_SECRET, OKX_API_PASSPHRASE
===== RUN Fri May  1 21:36:10 UTC 2026 =====
[2026-05-01 21:36:11] 🚀 启动 OKX 稳定版 v1
[2026-05-01 21:36:11] ❌ 请设置环境变量 OKX_API_KEY, OKX_API_SECRET, OKX_API_PASSPHRASE
===== RUN Fri May  1 22:34:42 UTC 2026 =====
[2026-05-01 22:34:42] 🚀 启动 OKX 稳定版 v1
[2026-05-01 22:34:42] ❌ 请设置环境变量 OKX_API_KEY, OKX_API_SECRET, OKX_API_PASSPHRASE
===== RUN Fri May  1 23:36:01 UTC 2026 =====
[2026-05-01 23:36:02] 🚀 启动 OKX 稳定版 v1
[2026-05-01 23:36:02] ❌ 请设置环境变量 OKX_API_KEY, OKX_API_SECRET, OKX_API_PASSPHRASE
===== RUN Sat May  2 01:18:03 UTC 2026 =====
[2026-05-02 01:18:04] 🚀 启动 OKX 稳定版 v1
[2026-05-02 01:18:04] ❌ 请设置环境变量 OKX_API_KEY, OKX_API_SECRET, OKX_API_PASSPHRASE
===== RUN Sat May  2 04:31:44 UTC 2026 =====
[2026-05-02 04:31:44] 🚀 启动 OKX 稳定版 v1
[2026-05-02 04:31:44] ❌ 请设置环境变量 OKX_API_KEY, OKX_API_SECRET, OKX_API_PASSPHRASE
===== RUN Sat May  2 06:28:16 UTC 2026 =====
[2026-05-02 06:28:17] 🚀 启动 OKX 稳定版 v1
[2026-05-02 06:28:17] ❌ 请设置环境变量 OKX_API_KEY, OKX_API_SECRET, OKX_API_PASSPHRASE
===== RUN Sat May  2 08:11:41 UTC 2026 =====
[2026-05-02 08:11:41] 🚀 启动 OKX 稳定版 v1
[2026-05-02 08:11:41] ❌ 请设置环境变量 OKX_API_KEY, OKX_API_SECRET, OKX_API_PASSPHRASE
===== RUN Sat May  2 09:34:53 UTC 2026 =====
[2026-05-02 09:34:54] 🚀 启动 OKX 稳定版 v1
[2026-05-02 09:34:54] ❌ 请设置环境变量 OKX_API_KEY, OKX_API_SECRET, OKX_API_PASSPHRASE
===== RUN Sat May  2 10:32:35 UTC 2026 =====
[2026-05-02 10:32:35] 🚀 启动 OKX 稳定版 v1
[2026-05-02 10:32:35] ❌ 请设置环境变量 OKX_API_KEY, OKX_API_SECRET, OKX_API_PASSPHRASE
===== RUN Sat May  2 11:28:48 UTC 2026 =====
[2026-05-02 11:28:48] 🚀 启动 OKX 稳定版 v1
[2026-05-02 11:28:48] ❌ 请设置环境变量 OKX_API_KEY, OKX_API_SECRET, OKX_API_PASSPHRASE
===== RUN Sat May  2 12:32:47 UTC 2026 =====
[2026-05-02 12:32:48] 🚀 启动 OKX 稳定版 v1
[2026-05-02 12:32:48] ❌ 请设置环境变量 OKX_API_KEY, OKX_API_SECRET, OKX_API_PASSPHRASE
===== RUN Sat May  2 13:56:54 UTC 2026 =====
[2026-05-02 13:56:55] 🚀 启动 OKX 稳定版 v1
[2026-05-02 13:56:55] ❌ 请设置环境变量 OKX_API_KEY, OKX_API_SECRET, OKX_API_PASSPHRASE
===== RUN Sat May  2 14:58:30 UTC 2026 =====
[2026-05-02 14:58:30] 🚀 启动 OKX 稳定版 v1
[2026-05-02 14:58:30] ❌ 请设置环境变量 OKX_API_KEY, OKX_API_SECRET, OKX_API_PASSPHRASE
===== RUN Sat May  2 15:56:48 UTC 2026 =====
[2026-05-02 15:56:49] 🚀 启动 OKX 稳定版 v1
[2026-05-02 15:56:49] ❌ 请设置环境变量 OKX_API_KEY, OKX_API_SECRET, OKX_API_PASSPHRASE
===== RUN Sat May  2 17:01:00 UTC 2026 =====
[2026-05-02 17:01:01] 🚀 启动 OKX 稳定版 v1
[2026-05-02 17:01:01] ❌ 请设置环境变量 OKX_API_KEY, OKX_API_SECRET, OKX_API_PASSPHRASE
===== RUN Sat May  2 17:58:57 UTC 2026 =====
[2026-05-02 17:58:57] 🚀 启动 OKX 稳定版 v1
[2026-05-02 17:58:57] ❌ 请设置环境变量 OKX_API_KEY, OKX_API_SECRET, OKX_API_PASSPHRASE
===== RUN Sat May  2 19:14:31 UTC 2026 =====
[2026-05-02 19:14:32] 🚀 启动 OKX 稳定版 v1
[2026-05-02 19:14:32] ❌ 请设置环境变量 OKX_API_KEY, OKX_API_SECRET, OKX_API_PASSPHRASE
===== RUN Sat May  2 20:01:30 UTC 2026 =====
[2026-05-02 20:01:30] 🚀 启动 OKX 稳定版 v1
[2026-05-02 20:01:30] ❌ 请设置环境变量 OKX_API_KEY, OKX_API_SECRET, OKX_API_PASSPHRASE
===== RUN Sat May  2 20:57:08 UTC 2026 =====
[2026-05-02 20:57:08] 🚀 启动 OKX 稳定版 v1
[2026-05-02 20:57:08] ❌ 请设置环境变量 OKX_API_KEY, OKX_API_SECRET, OKX_API_PASSPHRASE
===== RUN Sat May  2 21:53:37 UTC 2026 =====
[2026-05-02 21:53:38] 🚀 启动 OKX 稳定版 v1
[2026-05-02 21:53:38] ❌ 请设置环境变量 OKX_API_KEY, OKX_API_SECRET, OKX_API_PASSPHRASE
===== RUN Sat May  2 22:47:12 UTC 2026 =====
[2026-05-02 22:47:13] 🚀 启动 OKX 稳定版 v1
[2026-05-02 22:47:13] ❌ 请设置环境变量 OKX_API_KEY, OKX_API_SECRET, OKX_API_PASSPHRASE
===== RUN Sat May  2 23:31:02 UTC 2026 =====
[2026-05-02 23:31:03] 🚀 启动 OKX 稳定版 v1
[2026-05-02 23:31:03] ❌ 请设置环境变量 OKX_API_KEY, OKX_API_SECRET, OKX_API_PASSPHRASE
===== RUN Sun May  3 01:19:41 UTC 2026 =====
[2026-05-03 01:19:41] 🚀 启动 OKX 稳定版 v1
[2026-05-03 01:19:41] ❌ 请设置环境变量 OKX_API_KEY, OKX_API_SECRET, OKX_API_PASSPHRASE
===== RUN Sun May  3 04:54:47 UTC 2026 =====
[2026-05-03 04:54:47] 🚀 启动 OKX 稳定版 v1
[2026-05-03 04:54:47] ❌ 请设置环境变量 OKX_API_KEY, OKX_API_SECRET, OKX_API_PASSPHRASE
===== RUN Sun May  3 07:21:05 UTC 2026 =====
[2026-05-03 07:21:05] 🚀 启动 OKX 稳定版 v1
[2026-05-03 07:21:05] ❌ 请设置环境变量 OKX_API_KEY, OKX_API_SECRET, OKX_API_PASSPHRASE
===== RUN Sun May  3 09:01:35 UTC 2026 =====
[2026-05-03 09:01:36] 🚀 启动 OKX 稳定版 v1
[2026-05-03 09:01:36] ❌ 请设置环境变量 OKX_API_KEY, OKX_API_SECRET, OKX_API_PASSPHRASE
===== RUN Sun May  3 10:14:10 UTC 2026 =====
[2026-05-03 10:14:10] 🚀 启动 OKX 稳定版 v1
[2026-05-03 10:14:10] ❌ 请设置环境变量 OKX_API_KEY, OKX_API_SECRET, OKX_API_PASSPHRASE
===== RUN Sun May  3 11:09:36 UTC 2026 =====
[2026-05-03 11:09:37] 🚀 启动 OKX 稳定版 v1
[2026-05-03 11:09:37] ❌ 请设置环境变量 OKX_API_KEY, OKX_API_SECRET, OKX_API_PASSPHRASE
===== RUN Sun May  3 11:58:49 UTC 2026 =====
[2026-05-03 11:58:49] 🚀 启动 OKX 稳定版 v1
[2026-05-03 11:58:49] ❌ 请设置环境变量 OKX_API_KEY, OKX_API_SECRET, OKX_API_PASSPHRASE
===== RUN Sun May  3 13:43:32 UTC 2026 =====
[2026-05-03 13:43:33] 🚀 启动 OKX 稳定版 v1
[2026-05-03 13:43:33] ❌ 请设置环境变量 OKX_API_KEY, OKX_API_SECRET, OKX_API_PASSPHRASE
===== RUN Sun May  3 14:37:38 UTC 2026 =====
[2026-05-03 14:37:39] 🚀 启动 OKX 稳定版 v1
[2026-05-03 14:37:39] ❌ 请设置环境变量 OKX_API_KEY, OKX_API_SECRET, OKX_API_PASSPHRASE
===== RUN Sun May  3 15:31:19 UTC 2026 =====
[2026-05-03 15:31:20] 🚀 启动 OKX 稳定版 v1
[2026-05-03 15:31:20] ❌ 请设置环境变量 OKX_API_KEY, OKX_API_SECRET, OKX_API_PASSPHRASE
===== RUN Sun May  3 16:27:36 UTC 2026 =====
[2026-05-03 16:27:37] 🚀 启动 OKX 稳定版 v1
[2026-05-03 16:27:37] ❌ 请设置环境变量 OKX_API_KEY, OKX_API_SECRET, OKX_API_PASSPHRASE
===== RUN Sun May  3 17:28:37 UTC 2026 =====
[2026-05-03 17:28:38] 🚀 启动 OKX 稳定版 v1
[2026-05-03 17:28:38] ❌ 请设置环境变量 OKX_API_KEY, OKX_API_SECRET, OKX_API_PASSPHRASE
===== RUN Sun May  3 18:32:38 UTC 2026 =====
[2026-05-03 18:32:39] 🚀 启动 OKX 稳定版 v1
[2026-05-03 18:32:39] ❌ 请设置环境变量 OKX_API_KEY, OKX_API_SECRET, OKX_API_PASSPHRASE
===== RUN Sun May  3 19:39:28 UTC 2026 =====
[2026-05-03 19:39:29] 🚀 启动 OKX 稳定版 v1
[2026-05-03 19:39:29] ❌ 请设置环境变量 OKX_API_KEY, OKX_API_SECRET, OKX_API_PASSPHRASE
===== RUN Sun May  3 20:26:17 UTC 2026 =====
[2026-05-03 20:26:18] 🚀 启动 OKX 稳定版 v1
[2026-05-03 20:26:18] ❌ 请设置环境变量 OKX_API_KEY, OKX_API_SECRET, OKX_API_PASSPHRASE
===== RUN Sun May  3 21:23:09 UTC 2026 =====
[2026-05-03 21:23:10] 🚀 启动 OKX 稳定版 v1
[2026-05-03 21:23:10] ❌ 请设置环境变量 OKX_API_KEY, OKX_API_SECRET, OKX_API_PASSPHRASE
===== RUN Sun May  3 22:07:04 UTC 2026 =====
[2026-05-03 22:07:05] 🚀 启动 OKX 稳定版 v1
[2026-05-03 22:07:05] ❌ 请设置环境变量 OKX_API_KEY, OKX_API_SECRET, OKX_API_PASSPHRASE
===== RUN Sun May  3 23:02:54 UTC 2026 =====
[2026-05-03 23:02:57] 🚀 启动 OKX 稳定版 v1
[2026-05-03 23:02:57] ❌ 请设置环境变量 OKX_API_KEY, OKX_API_SECRET, OKX_API_PASSPHRASE
===== RUN Mon May  4 00:00:25 UTC 2026 =====
[2026-05-04 00:00:26] 🚀 启动 OKX 稳定版 v1
[2026-05-04 00:00:26] ❌ 请设置环境变量 OKX_API_KEY, OKX_API_SECRET, OKX_API_PASSPHRASE
===== RUN Mon May  4 04:03:57 UTC 2026 =====
[2026-05-04 04:03:57] 🚀 启动 OKX 稳定版 v1
[2026-05-04 04:03:57] ❌ 请设置环境变量 OKX_API_KEY, OKX_API_SECRET, OKX_API_PASSPHRASE
===== RUN Mon May  4 06:52:48 UTC 2026 =====
[2026-05-04 06:52:49] 🚀 启动 OKX 稳定版 v1
[2026-05-04 06:52:49] ❌ 请设置环境变量 OKX_API_KEY, OKX_API_SECRET, OKX_API_PASSPHRASE
===== RUN Mon May  4 09:19:58 UTC 2026 =====
[2026-05-04 09:19:59] 🚀 启动 OKX 稳定版 v1
[2026-05-04 09:19:59] ❌ 请设置环境变量 OKX_API_KEY, OKX_API_SECRET, OKX_API_PASSPHRASE
===== RUN Mon May  4 11:20:42 UTC 2026 =====
[2026-05-04 11:20:43] 🚀 启动 OKX 稳定版 v1
[2026-05-04 11:20:43] ❌ 请设置环境变量 OKX_API_KEY, OKX_API_SECRET, OKX_API_PASSPHRASE
===== RUN Mon May  4 13:04:34 UTC 2026 =====
[2026-05-04 13:04:34] 🚀 启动 OKX 稳定版 v1
[2026-05-04 13:04:34] ❌ 请设置环境变量 OKX_API_KEY, OKX_API_SECRET, OKX_API_PASSPHRASE
===== RUN Mon May  4 15:19:18 UTC 2026 =====
[2026-05-04 15:19:18] 🚀 启动 OKX 稳定版 v1
[2026-05-04 15:19:18] ❌ 请设置环境变量 OKX_API_KEY, OKX_API_SECRET, OKX_API_PASSPHRASE
===== RUN Mon May  4 17:08:51 UTC 2026 =====
[2026-05-04 17:08:51] 🚀 启动 OKX 稳定版 v1
[2026-05-04 17:08:51] ❌ 请设置环境变量 OKX_API_KEY, OKX_API_SECRET, OKX_API_PASSPHRASE
===== RUN Mon May  4 18:56:46 UTC 2026 =====
[2026-05-04 18:56:47] 🚀 启动 OKX 稳定版 v1
[2026-05-04 18:56:47] ❌ 请设置环境变量 OKX_API_KEY, OKX_API_SECRET, OKX_API_PASSPHRASE
===== RUN Mon May  4 20:23:27 UTC 2026 =====
[2026-05-04 20:23:27] 🚀 启动 OKX 稳定版 v1
[2026-05-04 20:23:27] ❌ 请设置环境变量 OKX_API_KEY, OKX_API_SECRET, OKX_API_PASSPHRASE
===== RUN Mon May  4 21:38:17 UTC 2026 =====
[2026-05-04 21:38:17] 🚀 启动 OKX 稳定版 v1
[2026-05-04 21:38:17] ❌ 请设置环境变量 OKX_API_KEY, OKX_API_SECRET, OKX_API_PASSPHRASE
===== RUN Mon May  4 22:40:22 UTC 2026 =====
[2026-05-04 22:40:22] 🚀 启动 OKX 稳定版 v1
[2026-05-04 22:40:22] ❌ 请设置环境变量 OKX_API_KEY, OKX_API_SECRET, OKX_API_PASSPHRASE
===== RUN Mon May  4 23:38:04 UTC 2026 =====
[2026-05-04 23:38:06] 🚀 启动 OKX 稳定版 v1
[2026-05-04 23:38:06] ❌ 请设置环境变量 OKX_API_KEY, OKX_API_SECRET, OKX_API_PASSPHRASE
===== RUN Tue May  5 01:19:19 UTC 2026 =====
[2026-05-05 01:19:19] 🚀 启动 OKX 稳定版 v1
[2026-05-05 01:19:19] ❌ 请设置环境变量 OKX_API_KEY, OKX_API_SECRET, OKX_API_PASSPHRASE
===== RUN Tue May  5 04:35:56 UTC 2026 =====
[2026-05-05 04:35:57] 🚀 启动 OKX 稳定版 v1
[2026-05-05 04:35:57] ❌ 请设置环境变量 OKX_API_KEY, OKX_API_SECRET, OKX_API_PASSPHRASE
===== RUN Tue May  5 07:04:37 UTC 2026 =====
[2026-05-05 07:04:38] 🚀 启动 OKX 稳定版 v1
[2026-05-05 07:04:38] ❌ 请设置环境变量 OKX_API_KEY, OKX_API_SECRET, OKX_API_PASSPHRASE
===== RUN Tue May  5 09:18:25 UTC 2026 =====
[2026-05-05 09:18:25] 🚀 启动 OKX 稳定版 v1
[2026-05-05 09:18:25] ❌ 请设置环境变量 OKX_API_KEY, OKX_API_SECRET, OKX_API_PASSPHRASE
===== RUN Tue May  5 10:57:18 UTC 2026 =====
[2026-05-05 10:57:19] 🚀 启动 OKX 稳定版 v1
[2026-05-05 10:57:19] ❌ 请设置环境变量 OKX_API_KEY, OKX_API_SECRET, OKX_API_PASSPHRASE
===== RUN Tue May  5 12:10:04 UTC 2026 =====
[2026-05-05 12:10:04] 🚀 启动 OKX 稳定版 v1
[2026-05-05 12:10:04] ❌ 请设置环境变量 OKX_API_KEY, OKX_API_SECRET, OKX_API_PASSPHRASE
===== RUN Tue May  5 16:12:18 UTC 2026 =====
[2026-05-05 16:12:18] 🚀 启动 OKX 稳定版 v1
[2026-05-05 16:12:18] ❌ 请设置环境变量 OKX_API_KEY, OKX_API_SECRET, OKX_API_PASSPHRASE
===== RUN Tue May  5 17:53:43 UTC 2026 =====
[2026-05-05 17:53:44] 🚀 启动 OKX 稳定版 v1
[2026-05-05 17:53:44] ❌ 请设置环境变量 OKX_API_KEY, OKX_API_SECRET, OKX_API_PASSPHRASE
===== RUN Tue May  5 19:26:24 UTC 2026 =====
[2026-05-05 19:26:25] 🚀 启动 OKX 稳定版 v1
[2026-05-05 19:26:25] ❌ 请设置环境变量 OKX_API_KEY, OKX_API_SECRET, OKX_API_PASSPHRASE
===== RUN Tue May  5 20:42:28 UTC 2026 =====
[2026-05-05 20:42:28] 🚀 启动 OKX 稳定版 v1
[2026-05-05 20:42:28] ❌ 请设置环境变量 OKX_API_KEY, OKX_API_SECRET, OKX_API_PASSPHRASE
===== RUN Tue May  5 21:45:15 UTC 2026 =====
[2026-05-05 21:45:16] 🚀 启动 OKX 稳定版 v1
[2026-05-05 21:45:16] ❌ 请设置环境变量 OKX_API_KEY, OKX_API_SECRET, OKX_API_PASSPHRASE
===== RUN Tue May  5 22:40:53 UTC 2026 =====
[2026-05-05 22:40:54] 🚀 启动 OKX 稳定版 v1
[2026-05-05 22:40:54] ❌ 请设置环境变量 OKX_API_KEY, OKX_API_SECRET, OKX_API_PASSPHRASE
===== RUN Tue May  5 23:35:12 UTC 2026 =====
[2026-05-05 23:35:14] 🚀 启动 OKX 稳定版 v1
[2026-05-05 23:35:14] ❌ 请设置环境变量 OKX_API_KEY, OKX_API_SECRET, OKX_API_PASSPHRASE
===== RUN Wed May  6 01:16:10 UTC 2026 =====
[2026-05-06 01:16:11] 🚀 启动 OKX 稳定版 v1
[2026-05-06 01:16:11] ❌ 请设置环境变量 OKX_API_KEY, OKX_API_SECRET, OKX_API_PASSPHRASE
===== RUN Wed May  6 04:46:41 UTC 2026 =====
[2026-05-06 04:46:41] 🚀 启动 OKX 稳定版 v1
[2026-05-06 04:46:41] ❌ 请设置环境变量 OKX_API_KEY, OKX_API_SECRET, OKX_API_PASSPHRASE
===== RUN Wed May  6 09:59:43 UTC 2026 =====
[2026-05-06 09:59:43] 🚀 启动 OKX 稳定版 v1
[2026-05-06 09:59:43] ❌ 请设置环境变量 OKX_API_KEY, OKX_API_SECRET, OKX_API_PASSPHRASE
===== RUN Wed May  6 12:01:12 UTC 2026 =====
[2026-05-06 12:01:13] 🚀 启动 OKX 稳定版 v1
[2026-05-06 12:01:13] ❌ 请设置环境变量 OKX_API_KEY, OKX_API_SECRET, OKX_API_PASSPHRASE
===== RUN Wed May  6 14:42:21 UTC 2026 =====
[2026-05-06 14:42:21] 🚀 启动 OKX 稳定版 v1
[2026-05-06 14:42:21] ❌ 请设置环境变量 OKX_API_KEY, OKX_API_SECRET, OKX_API_PASSPHRASE
===== RUN Wed May  6 16:20:32 UTC 2026 =====
[2026-05-06 16:20:33] 🚀 启动 OKX 稳定版 v1
[2026-05-06 16:20:33] ❌ 请设置环境变量 OKX_API_KEY, OKX_API_SECRET, OKX_API_PASSPHRASE
===== RUN Wed May  6 17:58:06 UTC 2026 =====
[2026-05-06 17:58:07] 🚀 启动 OKX 稳定版 v1
[2026-05-06 17:58:07] ❌ 请设置环境变量 OKX_API_KEY, OKX_API_SECRET, OKX_API_PASSPHRASE
===== RUN Wed May  6 19:58:58 UTC 2026 =====
[2026-05-06 19:58:59] 🚀 启动 OKX 稳定版 v1
[2026-05-06 19:58:59] ❌ 请设置环境变量 OKX_API_KEY, OKX_API_SECRET, OKX_API_PASSPHRASE
===== RUN Wed May  6 21:19:28 UTC 2026 =====
[2026-05-06 21:19:29] 🚀 启动 OKX 稳定版 v1
[2026-05-06 21:19:29] ❌ 请设置环境变量 OKX_API_KEY, OKX_API_SECRET, OKX_API_PASSPHRASE
===== RUN Wed May  6 22:12:08 UTC 2026 =====
[2026-05-06 22:12:08] 🚀 启动 OKX 稳定版 v1
[2026-05-06 22:12:08] ❌ 请设置环境变量 OKX_API_KEY, OKX_API_SECRET, OKX_API_PASSPHRASE
===== RUN Wed May  6 23:09:06 UTC 2026 =====
[2026-05-06 23:09:07] 🚀 启动 OKX 稳定版 v1
[2026-05-06 23:09:07] ❌ 请设置环境变量 OKX_API_KEY, OKX_API_SECRET, OKX_API_PASSPHRASE
===== RUN Thu May  7 00:05:59 UTC 2026 =====
[2026-05-07 00:05:59] 🚀 启动 OKX 稳定版 v1
[2026-05-07 00:05:59] ❌ 请设置环境变量 OKX_API_KEY, OKX_API_SECRET, OKX_API_PASSPHRASE
===== RUN Thu May  7 04:04:07 UTC 2026 =====
[2026-05-07 04:04:08] 🚀 启动 OKX 稳定版 v1
[2026-05-07 04:04:08] ❌ 请设置环境变量 OKX_API_KEY, OKX_API_SECRET, OKX_API_PASSPHRASE
===== RUN Thu May  7 06:50:46 UTC 2026 =====
[2026-05-07 06:50:47] 🚀 启动 OKX 稳定版 v1
[2026-05-07 06:50:47] ❌ 请设置环境变量 OKX_API_KEY, OKX_API_SECRET, OKX_API_PASSPHRASE
===== RUN Thu May  7 09:28:31 UTC 2026 =====
[2026-05-07 09:28:32] 🚀 启动 OKX 稳定版 v1
[2026-05-07 09:28:32] ❌ 请设置环境变量 OKX_API_KEY, OKX_API_SECRET, OKX_API_PASSPHRASE
===== RUN Thu May  7 11:28:06 UTC 2026 =====
[2026-05-07 11:28:06] 🚀 启动 OKX 稳定版 v1
[2026-05-07 11:28:06] ❌ 请设置环境变量 OKX_API_KEY, OKX_API_SECRET, OKX_API_PASSPHRASE
===== RUN Thu May  7 13:17:58 UTC 2026 =====
[2026-05-07 13:17:58] 🚀 启动 OKX 稳定版 v1
[2026-05-07 13:17:58] ❌ 请设置环境变量 OKX_API_KEY, OKX_API_SECRET, OKX_API_PASSPHRASE
===== RUN Thu May  7 15:41:02 UTC 2026 =====
[2026-05-07 15:41:02] 🚀 启动 OKX 稳定版 v1
[2026-05-07 15:41:02] ❌ 请设置环境变量 OKX_API_KEY, OKX_API_SECRET, OKX_API_PASSPHRASE
===== RUN Thu May  7 17:27:01 UTC 2026 =====
[2026-05-07 17:27:02] 🚀 启动 OKX 稳定版 v1
[2026-05-07 17:27:02] ❌ 请设置环境变量 OKX_API_KEY, OKX_API_SECRET, OKX_API_PASSPHRASE
===== RUN Thu May  7 19:17:22 UTC 2026 =====
[2026-05-07 19:17:22] 🚀 启动 OKX 稳定版 v1
[2026-05-07 19:17:22] ❌ 请设置环境变量 OKX_API_KEY, OKX_API_SECRET, OKX_API_PASSPHRASE
===== RUN Thu May  7 20:44:10 UTC 2026 =====
[2026-05-07 20:44:11] 🚀 启动 OKX 稳定版 v1
[2026-05-07 20:44:11] ❌ 请设置环境变量 OKX_API_KEY, OKX_API_SECRET, OKX_API_PASSPHRASE
===== RUN Thu May  7 21:41:32 UTC 2026 =====
[2026-05-07 21:41:33] 🚀 启动 OKX 稳定版 v1
[2026-05-07 21:41:33] ❌ 请设置环境变量 OKX_API_KEY, OKX_API_SECRET, OKX_API_PASSPHRASE
===== RUN Thu May  7 22:45:10 UTC 2026 =====
[2026-05-07 22:45:11] 🚀 启动 OKX 稳定版 v1
[2026-05-07 22:45:11] ❌ 请设置环境变量 OKX_API_KEY, OKX_API_SECRET, OKX_API_PASSPHRASE
===== RUN Thu May  7 23:39:28 UTC 2026 =====
[2026-05-07 23:39:29] 🚀 启动 OKX 稳定版 v1
[2026-05-07 23:39:29] ❌ 请设置环境变量 OKX_API_KEY, OKX_API_SECRET, OKX_API_PASSPHRASE
===== RUN Fri May  8 01:26:22 UTC 2026 =====
[2026-05-08 01:26:22] 🚀 启动 OKX 稳定版 v1
[2026-05-08 01:26:22] ❌ 请设置环境变量 OKX_API_KEY, OKX_API_SECRET, OKX_API_PASSPHRASE
===== RUN Fri May  8 04:41:52 UTC 2026 =====
[2026-05-08 04:41:53] 🚀 启动 OKX 稳定版 v1
[2026-05-08 04:41:53] ❌ 请设置环境变量 OKX_API_KEY, OKX_API_SECRET, OKX_API_PASSPHRASE
===== RUN Fri May  8 06:23:29 UTC 2026 =====
[2026-05-08 06:23:30] 🚀 启动 OKX 稳定版 v1
[2026-05-08 06:23:30] ❌ 请设置环境变量 OKX_API_KEY, OKX_API_SECRET, OKX_API_PASSPHRASE
===== RUN Fri May  8 08:09:21 UTC 2026 =====
[2026-05-08 08:09:21] 🚀 启动 OKX 稳定版 v1
[2026-05-08 08:09:21] ❌ 请设置环境变量 OKX_API_KEY, OKX_API_SECRET, OKX_API_PASSPHRASE
===== RUN Fri May  8 09:55:26 UTC 2026 =====
[2026-05-08 09:55:26] 🚀 启动 OKX 稳定版 v1
[2026-05-08 09:55:26] ❌ 请设置环境变量 OKX_API_KEY, OKX_API_SECRET, OKX_API_PASSPHRASE
===== RUN Fri May  8 11:24:45 UTC 2026 =====
[2026-05-08 11:24:45] 🚀 启动 OKX 稳定版 v1
[2026-05-08 11:24:45] ❌ 请设置环境变量 OKX_API_KEY, OKX_API_SECRET, OKX_API_PASSPHRASE
===== RUN Fri May  8 12:54:40 UTC 2026 =====
[2026-05-08 12:54:41] 🚀 启动 OKX 稳定版 v1
[2026-05-08 12:54:41] ❌ 请设置环境变量 OKX_API_KEY, OKX_API_SECRET, OKX_API_PASSPHRASE
===== RUN Fri May  8 14:56:40 UTC 2026 =====
[2026-05-08 14:56:41] 🚀 启动 OKX 稳定版 v1
[2026-05-08 14:56:41] ❌ 请设置环境变量 OKX_API_KEY, OKX_API_SECRET, OKX_API_PASSPHRASE
===== RUN Fri May  8 16:22:06 UTC 2026 =====
[2026-05-08 16:22:06] 🚀 启动 OKX 稳定版 v1
[2026-05-08 16:22:06] ❌ 请设置环境变量 OKX_API_KEY, OKX_API_SECRET, OKX_API_PASSPHRASE
===== RUN Fri May  8 17:51:57 UTC 2026 =====
[2026-05-08 17:51:57] 🚀 启动 OKX 稳定版 v1
[2026-05-08 17:51:57] ❌ 请设置环境变量 OKX_API_KEY, OKX_API_SECRET, OKX_API_PASSPHRASE
===== RUN Fri May  8 19:15:39 UTC 2026 =====
[2026-05-08 19:15:39] 🚀 启动 OKX 稳定版 v1
[2026-05-08 19:15:39] ❌ 请设置环境变量 OKX_API_KEY, OKX_API_SECRET, OKX_API_PASSPHRASE
===== RUN Fri May  8 20:31:56 UTC 2026 =====
[2026-05-08 20:31:56] 🚀 启动 OKX 稳定版 v1
[2026-05-08 20:31:56] ❌ 请设置环境变量 OKX_API_KEY, OKX_API_SECRET, OKX_API_PASSPHRASE
===== RUN Fri May  8 21:37:39 UTC 2026 =====
[2026-05-08 21:37:40] 🚀 启动 OKX 稳定版 v1
[2026-05-08 21:37:40] ❌ 请设置环境变量 OKX_API_KEY, OKX_API_SECRET, OKX_API_PASSPHRASE
===== RUN Fri May  8 22:37:27 UTC 2026 =====
[2026-05-08 22:37:28] 🚀 启动 OKX 稳定版 v1
[2026-05-08 22:37:28] ❌ 请设置环境变量 OKX_API_KEY, OKX_API_SECRET, OKX_API_PASSPHRASE
===== RUN Fri May  8 23:38:48 UTC 2026 =====
[2026-05-08 23:38:48] 🚀 启动 OKX 稳定版 v1
[2026-05-08 23:38:48] ❌ 请设置环境变量 OKX_API_KEY, OKX_API_SECRET, OKX_API_PASSPHRASE
===== RUN Sat May  9 01:23:37 UTC 2026 =====
[2026-05-09 01:23:37] 🚀 启动 OKX 稳定版 v1
[2026-05-09 01:23:37] ❌ 请设置环境变量 OKX_API_KEY, OKX_API_SECRET, OKX_API_PASSPHRASE
===== RUN Sat May  9 04:49:48 UTC 2026 =====
[2026-05-09 04:49:49] 🚀 启动 OKX 稳定版 v1
[2026-05-09 04:49:49] ❌ 请设置环境变量 OKX_API_KEY, OKX_API_SECRET, OKX_API_PASSPHRASE
===== RUN Sat May  9 07:02:54 UTC 2026 =====
[2026-05-09 07:02:55] 🚀 启动 OKX 稳定版 v1
[2026-05-09 07:02:55] ❌ 请设置环境变量 OKX_API_KEY, OKX_API_SECRET, OKX_API_PASSPHRASE
===== RUN Sat May  9 08:49:33 UTC 2026 =====
[2026-05-09 08:49:34] 🚀 启动 OKX 稳定版 v1
[2026-05-09 08:49:34] ❌ 请设置环境变量 OKX_API_KEY, OKX_API_SECRET, OKX_API_PASSPHRASE
===== RUN Sat May  9 10:01:02 UTC 2026 =====
[2026-05-09 10:01:02] 🚀 启动 OKX 稳定版 v1
[2026-05-09 10:01:02] ❌ 请设置环境变量 OKX_API_KEY, OKX_API_SECRET, OKX_API_PASSPHRASE
===== RUN Sat May  9 11:09:24 UTC 2026 =====
[2026-05-09 11:09:25] 🚀 启动 OKX 稳定版 v1
[2026-05-09 11:09:25] ❌ 请设置环境变量 OKX_API_KEY, OKX_API_SECRET, OKX_API_PASSPHRASE
===== RUN Sat May  9 12:02:01 UTC 2026 =====
[2026-05-09 12:02:02] 🚀 启动 OKX 稳定版 v1
[2026-05-09 12:02:02] ❌ 请设置环境变量 OKX_API_KEY, OKX_API_SECRET, OKX_API_PASSPHRASE
===== RUN Sat May  9 13:48:42 UTC 2026 =====
[2026-05-09 13:48:43] 🚀 启动 OKX 稳定版 v1
[2026-05-09 13:48:43] ❌ 请设置环境变量 OKX_API_KEY, OKX_API_SECRET, OKX_API_PASSPHRASE
===== RUN Sat May  9 14:41:44 UTC 2026 =====
[2026-05-09 14:41:44] 🚀 启动 OKX 稳定版 v1
[2026-05-09 14:41:44] ❌ 请设置环境变量 OKX_API_KEY, OKX_API_SECRET, OKX_API_PASSPHRASE
===== RUN Sat May  9 15:37:28 UTC 2026 =====
[2026-05-09 15:37:29] 🚀 启动 OKX 稳定版 v1
[2026-05-09 15:37:29] ❌ 请设置环境变量 OKX_API_KEY, OKX_API_SECRET, OKX_API_PASSPHRASE
===== RUN Sat May  9 16:35:30 UTC 2026 =====
[2026-05-09 16:35:31] 🚀 启动 OKX 稳定版 v1
[2026-05-09 16:35:31] ❌ 请设置环境变量 OKX_API_KEY, OKX_API_SECRET, OKX_API_PASSPHRASE
===== RUN Sat May  9 17:35:20 UTC 2026 =====
[2026-05-09 17:35:21] 🚀 启动 OKX 稳定版 v1
[2026-05-09 17:35:21] ❌ 请设置环境变量 OKX_API_KEY, OKX_API_SECRET, OKX_API_PASSPHRASE
===== RUN Sat May  9 18:37:21 UTC 2026 =====
[2026-05-09 18:37:22] 🚀 启动 OKX 稳定版 v1
[2026-05-09 18:37:22] ❌ 请设置环境变量 OKX_API_KEY, OKX_API_SECRET, OKX_API_PASSPHRASE
===== RUN Sat May  9 19:45:20 UTC 2026 =====
[2026-05-09 19:45:20] 🚀 启动 OKX 稳定版 v1
[2026-05-09 19:45:20] ❌ 请设置环境变量 OKX_API_KEY, OKX_API_SECRET, OKX_API_PASSPHRASE
===== RUN Sat May  9 20:30:22 UTC 2026 =====
[2026-05-09 20:30:23] 🚀 启动 OKX 稳定版 v1
[2026-05-09 20:30:23] ❌ 请设置环境变量 OKX_API_KEY, OKX_API_SECRET, OKX_API_PASSPHRASE
===== RUN Sat May  9 21:26:12 UTC 2026 =====
[2026-05-09 21:26:13] 🚀 启动 OKX 稳定版 v1
[2026-05-09 21:26:13] ❌ 请设置环境变量 OKX_API_KEY, OKX_API_SECRET, OKX_API_PASSPHRASE
===== RUN Sat May  9 22:10:46 UTC 2026 =====
[2026-05-09 22:10:47] 🚀 启动 OKX 稳定版 v1
[2026-05-09 22:10:47] ❌ 请设置环境变量 OKX_API_KEY, OKX_API_SECRET, OKX_API_PASSPHRASE
===== RUN Sat May  9 23:07:52 UTC 2026 =====
[2026-05-09 23:07:53] 🚀 启动 OKX 稳定版 v1
[2026-05-09 23:07:53] ❌ 请设置环境变量 OKX_API_KEY, OKX_API_SECRET, OKX_API_PASSPHRASE
===== RUN Sun May 10 00:04:32 UTC 2026 =====
[2026-05-10 00:04:32] 🚀 启动 OKX 稳定版 v1
[2026-05-10 00:04:32] ❌ 请设置环境变量 OKX_API_KEY, OKX_API_SECRET, OKX_API_PASSPHRASE
===== RUN Sun May 10 04:12:17 UTC 2026 =====
[2026-05-10 04:12:17] 🚀 启动 OKX 稳定版 v1
[2026-05-10 04:12:17] ❌ 请设置环境变量 OKX_API_KEY, OKX_API_SECRET, OKX_API_PASSPHRASE
===== RUN Sun May 10 06:47:17 UTC 2026 =====
[2026-05-10 06:47:18] 🚀 启动 OKX 稳定版 v1
[2026-05-10 06:47:18] ❌ 请设置环境变量 OKX_API_KEY, OKX_API_SECRET, OKX_API_PASSPHRASE
===== RUN Sun May 10 08:47:27 UTC 2026 =====
[2026-05-10 08:47:27] 🚀 启动 OKX 稳定版 v1
[2026-05-10 08:47:27] ❌ 请设置环境变量 OKX_API_KEY, OKX_API_SECRET, OKX_API_PASSPHRASE
===== RUN Sun May 10 10:03:54 UTC 2026 =====
[2026-05-10 10:03:54] 🚀 启动 OKX 稳定版 v1
[2026-05-10 10:03:54] ❌ 请设置环境变量 OKX_API_KEY, OKX_API_SECRET, OKX_API_PASSPHRASE
===== RUN Sun May 10 11:12:16 UTC 2026 =====
[2026-05-10 11:12:17] 🚀 启动 OKX 稳定版 v1
[2026-05-10 11:12:17] ❌ 请设置环境变量 OKX_API_KEY, OKX_API_SECRET, OKX_API_PASSPHRASE
===== RUN Sun May 10 12:06:09 UTC 2026 =====
[2026-05-10 12:06:10] 🚀 启动 OKX 稳定版 v1
[2026-05-10 12:06:10] ❌ 请设置环境变量 OKX_API_KEY, OKX_API_SECRET, OKX_API_PASSPHRASE
===== RUN Sun May 10 13:54:56 UTC 2026 =====
[2026-05-10 13:54:56] 🚀 启动 OKX 稳定版 v1
[2026-05-10 13:54:56] ❌ 请设置环境变量 OKX_API_KEY, OKX_API_SECRET, OKX_API_PASSPHRASE
===== RUN Sun May 10 14:59:26 UTC 2026 =====
[2026-05-10 14:59:27] 🚀 启动 OKX 稳定版 v1
[2026-05-10 14:59:27] ❌ 请设置环境变量 OKX_API_KEY, OKX_API_SECRET, OKX_API_PASSPHRASE
===== RUN Sun May 10 16:04:20 UTC 2026 =====
[2026-05-10 16:04:20] 🚀 启动 OKX 稳定版 v1
[2026-05-10 16:04:20] ❌ 请设置环境变量 OKX_API_KEY, OKX_API_SECRET, OKX_API_PASSPHRASE
===== RUN Sun May 10 17:10:52 UTC 2026 =====
[2026-05-10 17:10:53] 🚀 启动 OKX 稳定版 v1
[2026-05-10 17:10:53] ❌ 请设置环境变量 OKX_API_KEY, OKX_API_SECRET, OKX_API_PASSPHRASE
===== RUN Sun May 10 18:07:40 UTC 2026 =====
[2026-05-10 18:07:41] 🚀 启动 OKX 稳定版 v1
[2026-05-10 18:07:41] ❌ 请设置环境变量 OKX_API_KEY, OKX_API_SECRET, OKX_API_PASSPHRASE
===== RUN Sun May 10 19:33:26 UTC 2026 =====
[2026-05-10 19:33:26] 🚀 启动 OKX 稳定版 v1
[2026-05-10 19:33:26] ❌ 请设置环境变量 OKX_API_KEY, OKX_API_SECRET, OKX_API_PASSPHRASE
===== RUN Sun May 10 20:26:14 UTC 2026 =====
[2026-05-10 20:26:14] 🚀 启动 OKX 稳定版 v1
[2026-05-10 20:26:14] ❌ 请设置环境变量 OKX_API_KEY, OKX_API_SECRET, OKX_API_PASSPHRASE
===== RUN Sun May 10 21:26:52 UTC 2026 =====
[2026-05-10 21:26:53] 🚀 启动 OKX 稳定版 v1
[2026-05-10 21:26:53] ❌ 请设置环境变量 OKX_API_KEY, OKX_API_SECRET, OKX_API_PASSPHRASE
===== RUN Sun May 10 22:25:26 UTC 2026 =====
[2026-05-10 22:25:27] 🚀 启动 OKX 稳定版 v1
[2026-05-10 22:25:27] ❌ 请设置环境变量 OKX_API_KEY, OKX_API_SECRET, OKX_API_PASSPHRASE
===== RUN Sun May 10 23:29:58 UTC 2026 =====
[2026-05-10 23:29:58] 🚀 启动 OKX 稳定版 v1
[2026-05-10 23:29:58] ❌ 请设置环境变量 OKX_API_KEY, OKX_API_SECRET, OKX_API_PASSPHRASE
===== RUN Mon May 11 01:28:02 UTC 2026 =====
[2026-05-11 01:28:04] 🚀 启动 OKX 稳定版 v1
[2026-05-11 01:28:04] ❌ 请设置环境变量 OKX_API_KEY, OKX_API_SECRET, OKX_API_PASSPHRASE
===== RUN Mon May 11 05:41:02 UTC 2026 =====
[2026-05-11 05:41:03] 🚀 启动 OKX 稳定版 v1
[2026-05-11 05:41:03] ❌ 请设置环境变量 OKX_API_KEY, OKX_API_SECRET, OKX_API_PASSPHRASE
===== RUN Mon May 11 08:48:59 UTC 2026 =====
[2026-05-11 08:49:00] 🚀 启动 OKX 稳定版 v1
[2026-05-11 08:49:00] ❌ 请设置环境变量 OKX_API_KEY, OKX_API_SECRET, OKX_API_PASSPHRASE
===== RUN Mon May 11 11:57:36 UTC 2026 =====
[2026-05-11 11:57:37] 🚀 启动 OKX 稳定版 v1
[2026-05-11 11:57:37] ❌ 请设置环境变量 OKX_API_KEY, OKX_API_SECRET, OKX_API_PASSPHRASE
===== RUN Mon May 11 15:32:02 UTC 2026 =====
[2026-05-11 15:32:03] 🚀 启动 OKX 稳定版 v1
[2026-05-11 15:32:03] ❌ 请设置环境变量 OKX_API_KEY, OKX_API_SECRET, OKX_API_PASSPHRASE
===== RUN Mon May 11 17:35:20 UTC 2026 =====
[2026-05-11 17:35:21] 🚀 启动 OKX 稳定版 v1
[2026-05-11 17:35:21] ❌ 请设置环境变量 OKX_API_KEY, OKX_API_SECRET, OKX_API_PASSPHRASE
===== RUN Mon May 11 19:18:40 UTC 2026 =====
[2026-05-11 19:18:40] 🚀 启动 OKX 稳定版 v1
[2026-05-11 19:18:40] ❌ 请设置环境变量 OKX_API_KEY, OKX_API_SECRET, OKX_API_PASSPHRASE
===== RUN Mon May 11 20:58:05 UTC 2026 =====
[2026-05-11 20:58:05] 🚀 启动 OKX 稳定版 v1
[2026-05-11 20:58:05] ❌ 请设置环境变量 OKX_API_KEY, OKX_API_SECRET, OKX_API_PASSPHRASE
===== RUN Mon May 11 22:15:56 UTC 2026 =====
[2026-05-11 22:15:56] 🚀 启动 OKX 稳定版 v1
[2026-05-11 22:15:56] ❌ 请设置环境变量 OKX_API_KEY, OKX_API_SECRET, OKX_API_PASSPHRASE
===== RUN Mon May 11 23:15:33 UTC 2026 =====
[2026-05-11 23:15:33] 🚀 启动 OKX 稳定版 v1
[2026-05-11 23:15:33] ❌ 请设置环境变量 OKX_API_KEY, OKX_API_SECRET, OKX_API_PASSPHRASE
===== RUN Tue May 12 00:14:53 UTC 2026 =====
[2026-05-12 00:14:54] 🚀 启动 OKX 稳定版 v1
[2026-05-12 00:14:54] ❌ 请设置环境变量 OKX_API_KEY, OKX_API_SECRET, OKX_API_PASSPHRASE
===== RUN Tue May 12 04:10:20 UTC 2026 =====
[2026-05-12 04:10:21] 🚀 启动 OKX 稳定版 v1
[2026-05-12 04:10:21] ❌ 请设置环境变量 OKX_API_KEY, OKX_API_SECRET, OKX_API_PASSPHRASE
===== RUN Tue May 12 07:17:54 UTC 2026 =====
[2026-05-12 07:17:55] 🚀 启动 OKX 稳定版 v1
[2026-05-12 07:17:55] ❌ 请设置环境变量 OKX_API_KEY, OKX_API_SECRET, OKX_API_PASSPHRASE
===== RUN Tue May 12 10:02:12 UTC 2026 =====
[2026-05-12 10:02:13] 🚀 启动 OKX 稳定版 v1
[2026-05-12 10:02:13] ❌ 请设置环境变量 OKX_API_KEY, OKX_API_SECRET, OKX_API_PASSPHRASE
===== RUN Tue May 12 12:09:00 UTC 2026 =====
[2026-05-12 12:09:00] 🚀 启动 OKX 稳定版 v1
[2026-05-12 12:09:00] ❌ 请设置环境变量 OKX_API_KEY, OKX_API_SECRET, OKX_API_PASSPHRASE
===== RUN Tue May 12 14:51:25 UTC 2026 =====
[2026-05-12 14:51:26] 🚀 启动 OKX 稳定版 v1
[2026-05-12 14:51:26] ❌ 请设置环境变量 OKX_API_KEY, OKX_API_SECRET, OKX_API_PASSPHRASE
===== RUN Tue May 12 17:07:48 UTC 2026 =====
[2026-05-12 17:07:48] 🚀 启动 OKX 稳定版 v1
[2026-05-12 17:07:48] ❌ 请设置环境变量 OKX_API_KEY, OKX_API_SECRET, OKX_API_PASSPHRASE
===== RUN Tue May 12 19:11:36 UTC 2026 =====
[2026-05-12 19:11:37] 🚀 启动 OKX 稳定版 v1
[2026-05-12 19:11:37] ❌ 请设置环境变量 OKX_API_KEY, OKX_API_SECRET, OKX_API_PASSPHRASE
===== RUN Tue May 12 20:52:22 UTC 2026 =====
[2026-05-12 20:52:23] 🚀 启动 OKX 稳定版 v1
[2026-05-12 20:52:23] ❌ 请设置环境变量 OKX_API_KEY, OKX_API_SECRET, OKX_API_PASSPHRASE
===== RUN Tue May 12 22:11:16 UTC 2026 =====
[2026-05-12 22:11:16] 🚀 启动 OKX 稳定版 v1
[2026-05-12 22:11:16] ❌ 请设置环境变量 OKX_API_KEY, OKX_API_SECRET, OKX_API_PASSPHRASE
===== RUN Tue May 12 23:30:54 UTC 2026 =====
[2026-05-12 23:30:55] 🚀 启动 OKX 稳定版 v1
[2026-05-12 23:30:55] ❌ 请设置环境变量 OKX_API_KEY, OKX_API_SECRET, OKX_API_PASSPHRASE
===== RUN Wed May 13 01:25:14 UTC 2026 =====
[2026-05-13 01:25:14] 🚀 启动 OKX 稳定版 v1
[2026-05-13 01:25:14] ❌ 请设置环境变量 OKX_API_KEY, OKX_API_SECRET, OKX_API_PASSPHRASE
===== RUN Wed May 13 05:29:14 UTC 2026 =====
[2026-05-13 05:29:15] 🚀 启动 OKX 稳定版 v1
[2026-05-13 05:29:15] ❌ 请设置环境变量 OKX_API_KEY, OKX_API_SECRET, OKX_API_PASSPHRASE
===== RUN Wed May 13 08:18:03 UTC 2026 =====
[2026-05-13 08:18:03] 🚀 启动 OKX 稳定版 v1
[2026-05-13 08:18:03] ❌ 请设置环境变量 OKX_API_KEY, OKX_API_SECRET, OKX_API_PASSPHRASE
===== RUN Wed May 13 11:01:32 UTC 2026 =====
[2026-05-13 11:01:33] 🚀 启动 OKX 稳定版 v1
[2026-05-13 11:01:33] ❌ 请设置环境变量 OKX_API_KEY, OKX_API_SECRET, OKX_API_PASSPHRASE
===== RUN Wed May 13 13:25:56 UTC 2026 =====
[2026-05-13 13:25:57] 🚀 启动 OKX 稳定版 v1
[2026-05-13 13:25:57] ❌ 请设置环境变量 OKX_API_KEY, OKX_API_SECRET, OKX_API_PASSPHRASE
===== RUN Wed May 13 16:04:25 UTC 2026 =====
[2026-05-13 16:04:28] 🚀 启动 OKX 稳定版 v1
[2026-05-13 16:04:28] ❌ 请设置环境变量 OKX_API_KEY, OKX_API_SECRET, OKX_API_PASSPHRASE
===== RUN Wed May 13 18:11:27 UTC 2026 =====
[2026-05-13 18:11:27] 🚀 启动 OKX 稳定版 v1
[2026-05-13 18:11:27] ❌ 请设置环境变量 OKX_API_KEY, OKX_API_SECRET, OKX_API_PASSPHRASE
===== RUN Wed May 13 20:12:27 UTC 2026 =====
[2026-05-13 20:12:28] 🚀 启动 OKX 稳定版 v1
[2026-05-13 20:12:28] ❌ 请设置环境变量 OKX_API_KEY, OKX_API_SECRET, OKX_API_PASSPHRASE
===== RUN Wed May 13 21:47:33 UTC 2026 =====
[2026-05-13 21:47:35] 🚀 启动 OKX 稳定版 v1
[2026-05-13 21:47:35] ❌ 请设置环境变量 OKX_API_KEY, OKX_API_SECRET, OKX_API_PASSPHRASE
===== RUN Wed May 13 22:53:28 UTC 2026 =====
[2026-05-13 22:53:29] 🚀 启动 OKX 稳定版 v1
[2026-05-13 22:53:29] ❌ 请设置环境变量 OKX_API_KEY, OKX_API_SECRET, OKX_API_PASSPHRASE
===== RUN Thu May 14 00:02:15 UTC 2026 =====
[2026-05-14 00:02:16] 🚀 启动 OKX 稳定版 v1
[2026-05-14 00:02:16] ❌ 请设置环境变量 OKX_API_KEY, OKX_API_SECRET, OKX_API_PASSPHRASE
===== RUN Thu May 14 04:09:28 UTC 2026 =====
[2026-05-14 04:09:29] 🚀 启动 OKX 稳定版 v1
[2026-05-14 04:09:29] ❌ 请设置环境变量 OKX_API_KEY, OKX_API_SECRET, OKX_API_PASSPHRASE
===== RUN Thu May 14 07:23:32 UTC 2026 =====
[2026-05-14 07:23:32] 🚀 启动 OKX 稳定版 v1
[2026-05-14 07:23:32] ❌ 请设置环境变量 OKX_API_KEY, OKX_API_SECRET, OKX_API_PASSPHRASE
===== RUN Thu May 14 09:55:35 UTC 2026 =====
[2026-05-14 09:55:36] 🚀 启动 OKX 稳定版 v1
[2026-05-14 09:55:36] ❌ 请设置环境变量 OKX_API_KEY, OKX_API_SECRET, OKX_API_PASSPHRASE
===== RUN Thu May 14 11:58:47 UTC 2026 =====
[2026-05-14 11:58:47] 🚀 启动 OKX 稳定版 v1
[2026-05-14 11:58:47] ❌ 请设置环境变量 OKX_API_KEY, OKX_API_SECRET, OKX_API_PASSPHRASE
===== RUN Thu May 14 14:34:47 UTC 2026 =====
[2026-05-14 14:34:47] 🚀 启动 OKX 稳定版 v1
[2026-05-14 14:34:47] ❌ 请设置环境变量 OKX_API_KEY, OKX_API_SECRET, OKX_API_PASSPHRASE
===== RUN Thu May 14 16:32:05 UTC 2026 =====
[2026-05-14 16:32:06] 🚀 启动 OKX 稳定版 v1
[2026-05-14 16:32:06] ❌ 请设置环境变量 OKX_API_KEY, OKX_API_SECRET, OKX_API_PASSPHRASE
===== RUN Thu May 14 18:20:55 UTC 2026 =====
[2026-05-14 18:20:55] 🚀 启动 OKX 稳定版 v1
[2026-05-14 18:20:55] ❌ 请设置环境变量 OKX_API_KEY, OKX_API_SECRET, OKX_API_PASSPHRASE
===== RUN Thu May 14 20:12:23 UTC 2026 =====
[2026-05-14 20:12:23] 🚀 启动 OKX 稳定版 v1
[2026-05-14 20:12:23] ❌ 请设置环境变量 OKX_API_KEY, OKX_API_SECRET, OKX_API_PASSPHRASE
===== RUN Thu May 14 21:38:39 UTC 2026 =====
[2026-05-14 21:38:40] 🚀 启动 OKX 稳定版 v1
[2026-05-14 21:38:40] ❌ 请设置环境变量 OKX_API_KEY, OKX_API_SECRET, OKX_API_PASSPHRASE
===== RUN Thu May 14 22:41:38 UTC 2026 =====
[2026-05-14 22:41:38] 🚀 启动 OKX 稳定版 v1
[2026-05-14 22:41:38] ❌ 请设置环境变量 OKX_API_KEY, OKX_API_SECRET, OKX_API_PASSPHRASE
===== RUN Thu May 14 23:40:23 UTC 2026 =====
[2026-05-14 23:40:23] 🚀 启动 OKX 稳定版 v1
[2026-05-14 23:40:23] ❌ 请设置环境变量 OKX_API_KEY, OKX_API_SECRET, OKX_API_PASSPHRASE
===== RUN Fri May 15 01:31:41 UTC 2026 =====
[2026-05-15 01:31:41] 🚀 启动 OKX 稳定版 v1
[2026-05-15 01:31:41] ❌ 请设置环境变量 OKX_API_KEY, OKX_API_SECRET, OKX_API_PASSPHRASE
===== RUN Fri May 15 05:37:43 UTC 2026 =====
[2026-05-15 05:37:43] 🚀 启动 OKX 稳定版 v1
[2026-05-15 05:37:43] ❌ 请设置环境变量 OKX_API_KEY, OKX_API_SECRET, OKX_API_PASSPHRASE
===== RUN Fri May 15 08:30:11 UTC 2026 =====
[2026-05-15 08:30:12] 🚀 启动 OKX 稳定版 v1
[2026-05-15 08:30:12] ❌ 请设置环境变量 OKX_API_KEY, OKX_API_SECRET, OKX_API_PASSPHRASE
===== RUN Fri May 15 11:02:43 UTC 2026 =====
[2026-05-15 11:02:43] 🚀 启动 OKX 稳定版 v1
[2026-05-15 11:02:43] ❌ 请设置环境变量 OKX_API_KEY, OKX_API_SECRET, OKX_API_PASSPHRASE
===== RUN Fri May 15 13:02:17 UTC 2026 =====
[2026-05-15 13:02:18] 🚀 启动 OKX 稳定版 v1
[2026-05-15 13:02:18] ❌ 请设置环境变量 OKX_API_KEY, OKX_API_SECRET, OKX_API_PASSPHRASE
===== RUN Fri May 15 15:26:48 UTC 2026 =====
[2026-05-15 15:26:48] 🚀 启动 OKX 稳定版 v1
[2026-05-15 15:26:48] ❌ 请设置环境变量 OKX_API_KEY, OKX_API_SECRET, OKX_API_PASSPHRASE
===== RUN Fri May 15 17:11:59 UTC 2026 =====
[2026-05-15 17:12:00] 🚀 启动 OKX 稳定版 v1
[2026-05-15 17:12:00] ❌ 请设置环境变量 OKX_API_KEY, OKX_API_SECRET, OKX_API_PASSPHRASE
===== RUN Fri May 15 18:57:58 UTC 2026 =====
[2026-05-15 18:57:59] 🚀 启动 OKX 稳定版 v1
[2026-05-15 18:57:59] ❌ 请设置环境变量 OKX_API_KEY, OKX_API_SECRET, OKX_API_PASSPHRASE
===== RUN Fri May 15 20:20:52 UTC 2026 =====
[2026-05-15 20:20:52] 🚀 启动 OKX 稳定版 v1
[2026-05-15 20:20:52] ❌ 请设置环境变量 OKX_API_KEY, OKX_API_SECRET, OKX_API_PASSPHRASE
===== RUN Fri May 15 21:33:11 UTC 2026 =====
[2026-05-15 21:33:12] 🚀 启动 OKX 稳定版 v1
[2026-05-15 21:33:12] ❌ 请设置环境变量 OKX_API_KEY, OKX_API_SECRET, OKX_API_PASSPHRASE
===== RUN Fri May 15 22:35:06 UTC 2026 =====
[2026-05-15 22:35:06] 🚀 启动 OKX 稳定版 v1
[2026-05-15 22:35:06] ❌ 请设置环境变量 OKX_API_KEY, OKX_API_SECRET, OKX_API_PASSPHRASE
===== RUN Fri May 15 23:36:44 UTC 2026 =====
[2026-05-15 23:36:45] 🚀 启动 OKX 稳定版 v1
[2026-05-15 23:36:45] ❌ 请设置环境变量 OKX_API_KEY, OKX_API_SECRET, OKX_API_PASSPHRASE
===== RUN Sat May 16 01:23:42 UTC 2026 =====
[2026-05-16 01:23:42] 🚀 启动 OKX 稳定版 v1
[2026-05-16 01:23:42] ❌ 请设置环境变量 OKX_API_KEY, OKX_API_SECRET, OKX_API_PASSPHRASE
===== RUN Sat May 16 04:54:46 UTC 2026 =====
[2026-05-16 04:54:47] 🚀 启动 OKX 稳定版 v1
[2026-05-16 04:54:47] ❌ 请设置环境变量 OKX_API_KEY, OKX_API_SECRET, OKX_API_PASSPHRASE
===== RUN Sat May 16 07:20:54 UTC 2026 =====
[2026-05-16 07:20:55] 🚀 启动 OKX 稳定版 v1
[2026-05-16 07:20:55] ❌ 请设置环境变量 OKX_API_KEY, OKX_API_SECRET, OKX_API_PASSPHRASE
===== RUN Sat May 16 09:09:20 UTC 2026 =====
[2026-05-16 09:09:21] 🚀 启动 OKX 稳定版 v1
[2026-05-16 09:09:21] ❌ 请设置环境变量 OKX_API_KEY, OKX_API_SECRET, OKX_API_PASSPHRASE
===== RUN Sat May 16 10:38:58 UTC 2026 =====
[2026-05-16 10:38:58] 🚀 启动 OKX 稳定版 v1
[2026-05-16 10:38:58] ❌ 请设置环境变量 OKX_API_KEY, OKX_API_SECRET, OKX_API_PASSPHRASE
===== RUN Sat May 16 11:37:33 UTC 2026 =====
[2026-05-16 11:37:34] 🚀 启动 OKX 稳定版 v1
[2026-05-16 11:37:34] ❌ 请设置环境变量 OKX_API_KEY, OKX_API_SECRET, OKX_API_PASSPHRASE
===== RUN Sat May 16 12:44:53 UTC 2026 =====
[2026-05-16 12:44:54] 🚀 启动 OKX 稳定版 v1
[2026-05-16 12:44:54] ❌ 请设置环境变量 OKX_API_KEY, OKX_API_SECRET, OKX_API_PASSPHRASE
===== RUN Sat May 16 14:14:33 UTC 2026 =====
[2026-05-16 14:14:34] 🚀 启动 OKX 稳定版 v1
[2026-05-16 14:14:34] ❌ 请设置环境变量 OKX_API_KEY, OKX_API_SECRET, OKX_API_PASSPHRASE
===== RUN Sat May 16 15:30:12 UTC 2026 =====
[2026-05-16 15:30:12] 🚀 启动 OKX 稳定版 v1
[2026-05-16 15:30:12] ❌ 请设置环境变量 OKX_API_KEY, OKX_API_SECRET, OKX_API_PASSPHRASE
===== RUN Sat May 16 16:32:14 UTC 2026 =====
[2026-05-16 16:32:15] 🚀 启动 OKX 稳定版 v1
[2026-05-16 16:32:15] ❌ 请设置环境变量 OKX_API_KEY, OKX_API_SECRET, OKX_API_PASSPHRASE
===== RUN Sat May 16 17:36:34 UTC 2026 =====
[2026-05-16 17:36:35] 🚀 启动 OKX 稳定版 v1
[2026-05-16 17:36:35] ❌ 请设置环境变量 OKX_API_KEY, OKX_API_SECRET, OKX_API_PASSPHRASE
===== RUN Sat May 16 18:39:39 UTC 2026 =====
[2026-05-16 18:39:40] 🚀 启动 OKX 稳定版 v1
[2026-05-16 18:39:40] ❌ 请设置环境变量 OKX_API_KEY, OKX_API_SECRET, OKX_API_PASSPHRASE
===== RUN Sat May 16 19:49:06 UTC 2026 =====
[2026-05-16 19:49:07] 🚀 启动 OKX 稳定版 v1
[2026-05-16 19:49:07] ❌ 请设置环境变量 OKX_API_KEY, OKX_API_SECRET, OKX_API_PASSPHRASE
===== RUN Sat May 16 20:38:05 UTC 2026 =====
[2026-05-16 20:38:05] 🚀 启动 OKX 稳定版 v1
[2026-05-16 20:38:05] ❌ 请设置环境变量 OKX_API_KEY, OKX_API_SECRET, OKX_API_PASSPHRASE
===== RUN Sat May 16 21:34:12 UTC 2026 =====
[2026-05-16 21:34:12] 🚀 启动 OKX 稳定版 v1
[2026-05-16 21:34:12] ❌ 请设置环境变量 OKX_API_KEY, OKX_API_SECRET, OKX_API_PASSPHRASE
===== RUN Sat May 16 22:28:32 UTC 2026 =====
[2026-05-16 22:28:33] 🚀 启动 OKX 稳定版 v1
[2026-05-16 22:28:33] ❌ 请设置环境变量 OKX_API_KEY, OKX_API_SECRET, OKX_API_PASSPHRASE
===== RUN Sat May 16 23:32:05 UTC 2026 =====
[2026-05-16 23:32:05] 🚀 启动 OKX 稳定版 v1
[2026-05-16 23:32:05] ❌ 请设置环境变量 OKX_API_KEY, OKX_API_SECRET, OKX_API_PASSPHRASE
===== RUN Sun May 17 01:29:23 UTC 2026 =====
[2026-05-17 01:29:23] 🚀 启动 OKX 稳定版 v1
[2026-05-17 01:29:23] ❌ 请设置环境变量 OKX_API_KEY, OKX_API_SECRET, OKX_API_PASSPHRASE
===== RUN Sun May 17 05:32:24 UTC 2026 =====
[2026-05-17 05:32:24] 🚀 启动 OKX 稳定版 v1
[2026-05-17 05:32:24] ❌ 请设置环境变量 OKX_API_KEY, OKX_API_SECRET, OKX_API_PASSPHRASE
===== RUN Sun May 17 07:59:17 UTC 2026 =====
[2026-05-17 07:59:18] 🚀 启动 OKX 稳定版 v1
[2026-05-17 07:59:18] ❌ 请设置环境变量 OKX_API_KEY, OKX_API_SECRET, OKX_API_PASSPHRASE
===== RUN Sun May 17 09:57:53 UTC 2026 =====
[2026-05-17 09:57:53] 🚀 启动 OKX 稳定版 v1
[2026-05-17 09:57:53] ❌ 请设置环境变量 OKX_API_KEY, OKX_API_SECRET, OKX_API_PASSPHRASE
===== RUN Sun May 17 11:20:15 UTC 2026 =====
[2026-05-17 11:20:15] 🚀 启动 OKX 稳定版 v1
[2026-05-17 11:20:15] ❌ 请设置环境变量 OKX_API_KEY, OKX_API_SECRET, OKX_API_PASSPHRASE
===== RUN Sun May 17 12:09:35 UTC 2026 =====
[2026-05-17 12:09:36] 🚀 启动 OKX 稳定版 v1
[2026-05-17 12:09:36] ❌ 请设置环境变量 OKX_API_KEY, OKX_API_SECRET, OKX_API_PASSPHRASE
===== RUN Sun May 17 13:58:51 UTC 2026 =====
[2026-05-17 13:58:52] 🚀 启动 OKX 稳定版 v1
[2026-05-17 13:58:52] ❌ 请设置环境变量 OKX_API_KEY, OKX_API_SECRET, OKX_API_PASSPHRASE
===== RUN Sun May 17 15:10:18 UTC 2026 =====
[2026-05-17 15:10:18] 🚀 启动 OKX 稳定版 v1
[2026-05-17 15:10:18] ❌ 请设置环境变量 OKX_API_KEY, OKX_API_SECRET, OKX_API_PASSPHRASE
===== RUN Sun May 17 16:14:05 UTC 2026 =====
[2026-05-17 16:14:05] 🚀 启动 OKX 稳定版 v1
[2026-05-17 16:14:05] ❌ 请设置环境变量 OKX_API_KEY, OKX_API_SECRET, OKX_API_PASSPHRASE
===== RUN Sun May 17 17:30:11 UTC 2026 =====
[2026-05-17 17:30:11] 🚀 启动 OKX 稳定版 v1
[2026-05-17 17:30:11] ❌ 请设置环境变量 OKX_API_KEY, OKX_API_SECRET, OKX_API_PASSPHRASE
===== RUN Sun May 17 18:39:21 UTC 2026 =====
[2026-05-17 18:39:22] 🚀 启动 OKX 稳定版 v1
[2026-05-17 18:39:22] ❌ 请设置环境变量 OKX_API_KEY, OKX_API_SECRET, OKX_API_PASSPHRASE
===== RUN Sun May 17 19:51:57 UTC 2026 =====
[2026-05-17 19:51:58] 🚀 启动 OKX 稳定版 v1
[2026-05-17 19:51:58] ❌ 请设置环境变量 OKX_API_KEY, OKX_API_SECRET, OKX_API_PASSPHRASE
===== RUN Sun May 17 20:49:56 UTC 2026 =====
[2026-05-17 20:49:56] 🚀 启动 OKX 稳定版 v1
[2026-05-17 20:49:56] ❌ 请设置环境变量 OKX_API_KEY, OKX_API_SECRET, OKX_API_PASSPHRASE
===== RUN Sun May 17 21:47:25 UTC 2026 =====
[2026-05-17 21:47:26] 🚀 启动 OKX 稳定版 v1
[2026-05-17 21:47:26] ❌ 请设置环境变量 OKX_API_KEY, OKX_API_SECRET, OKX_API_PASSPHRASE
===== RUN Sun May 17 22:39:05 UTC 2026 =====
[2026-05-17 22:39:05] 🚀 启动 OKX 稳定版 v1
[2026-05-17 22:39:05] ❌ 请设置环境变量 OKX_API_KEY, OKX_API_SECRET, OKX_API_PASSPHRASE
===== RUN Sun May 17 23:42:37 UTC 2026 =====
[2026-05-17 23:42:37] 🚀 启动 OKX 稳定版 v1
[2026-05-17 23:42:37] ❌ 请设置环境变量 OKX_API_KEY, OKX_API_SECRET, OKX_API_PASSPHRASE
===== RUN Mon May 18 01:51:22 UTC 2026 =====
[2026-05-18 01:51:22] 🚀 启动 OKX 稳定版 v1
[2026-05-18 01:51:22] ❌ 请设置环境变量 OKX_API_KEY, OKX_API_SECRET, OKX_API_PASSPHRASE
===== RUN Mon May 18 06:11:09 UTC 2026 =====
[2026-05-18 06:11:09] 🚀 启动 OKX 稳定版 v1
[2026-05-18 06:11:09] ❌ 请设置环境变量 OKX_API_KEY, OKX_API_SECRET, OKX_API_PASSPHRASE
===== RUN Mon May 18 10:42:31 UTC 2026 =====
[2026-05-18 10:42:31] 🚀 启动 OKX 稳定版 v1
[2026-05-18 10:42:31] ❌ 请设置环境变量 OKX_API_KEY, OKX_API_SECRET, OKX_API_PASSPHRASE
===== RUN Mon May 18 14:20:37 UTC 2026 =====
[2026-05-18 14:20:39] 🚀 启动 OKX 稳定版 v1
[2026-05-18 14:20:39] ❌ 请设置环境变量 OKX_API_KEY, OKX_API_SECRET, OKX_API_PASSPHRASE
===== RUN Mon May 18 17:15:55 UTC 2026 =====
[2026-05-18 17:15:57] 🚀 启动 OKX 稳定版 v1
[2026-05-18 17:15:57] ❌ 请设置环境变量 OKX_API_KEY, OKX_API_SECRET, OKX_API_PASSPHRASE
===== RUN Mon May 18 19:09:10 UTC 2026 =====
[2026-05-18 19:09:11] 🚀 启动 OKX 稳定版 v1
[2026-05-18 19:09:11] ❌ 请设置环境变量 OKX_API_KEY, OKX_API_SECRET, OKX_API_PASSPHRASE
===== RUN Mon May 18 20:46:05 UTC 2026 =====
[2026-05-18 20:46:06] 🚀 启动 OKX 稳定版 v1
[2026-05-18 20:46:06] ❌ 请设置环境变量 OKX_API_KEY, OKX_API_SECRET, OKX_API_PASSPHRASE
===== RUN Mon May 18 21:55:38 UTC 2026 =====
[2026-05-18 21:55:38] 🚀 启动 OKX 稳定版 v1
[2026-05-18 21:55:38] ❌ 请设置环境变量 OKX_API_KEY, OKX_API_SECRET, OKX_API_PASSPHRASE
===== RUN Mon May 18 23:12:55 UTC 2026 =====
[2026-05-18 23:12:55] 🚀 启动 OKX 稳定版 v1
[2026-05-18 23:12:55] ❌ 请设置环境变量 OKX_API_KEY, OKX_API_SECRET, OKX_API_PASSPHRASE
===== RUN Tue May 19 01:25:25 UTC 2026 =====
[2026-05-19 01:25:26] 🚀 启动 OKX 稳定版 v1
[2026-05-19 01:25:26] ❌ 请设置环境变量 OKX_API_KEY, OKX_API_SECRET, OKX_API_PASSPHRASE
===== RUN Tue May 19 05:43:32 UTC 2026 =====
[2026-05-19 05:43:33] 🚀 启动 OKX 稳定版 v1
[2026-05-19 05:43:33] ❌ 请设置环境变量 OKX_API_KEY, OKX_API_SECRET, OKX_API_PASSPHRASE
===== RUN Tue May 19 08:50:14 UTC 2026 =====
[2026-05-19 08:50:15] 🚀 启动 OKX 稳定版 v1
[2026-05-19 08:50:15] ❌ 请设置环境变量 OKX_API_KEY, OKX_API_SECRET, OKX_API_PASSPHRASE
===== RUN Tue May 19 11:55:58 UTC 2026 =====
[2026-05-19 11:55:58] 🚀 启动 OKX 稳定版 v1
[2026-05-19 11:55:58] ❌ 请设置环境变量 OKX_API_KEY, OKX_API_SECRET, OKX_API_PASSPHRASE
===== RUN Tue May 19 15:43:31 UTC 2026 =====
[2026-05-19 15:43:32] 🚀 启动 OKX 稳定版 v1
[2026-05-19 15:43:32] ❌ 请设置环境变量 OKX_API_KEY, OKX_API_SECRET, OKX_API_PASSPHRASE
===== RUN Tue May 19 17:53:37 UTC 2026 =====
[2026-05-19 17:53:38] 🚀 启动 OKX 稳定版 v1
[2026-05-19 17:53:38] ❌ 请设置环境变量 OKX_API_KEY, OKX_API_SECRET, OKX_API_PASSPHRASE
===== RUN Tue May 19 19:55:07 UTC 2026 =====
[2026-05-19 19:55:08] 🚀 启动 OKX 稳定版 v1
[2026-05-19 19:55:08] ❌ 请设置环境变量 OKX_API_KEY, OKX_API_SECRET, OKX_API_PASSPHRASE
===== RUN Tue May 19 21:26:20 UTC 2026 =====
[2026-05-19 21:26:20] 🚀 启动 OKX 稳定版 v1
[2026-05-19 21:26:20] ❌ 请设置环境变量 OKX_API_KEY, OKX_API_SECRET, OKX_API_PASSPHRASE
===== RUN Tue May 19 22:46:23 UTC 2026 =====
[2026-05-19 22:46:24] 🚀 启动 OKX 稳定版 v1
[2026-05-19 22:46:24] ❌ 请设置环境变量 OKX_API_KEY, OKX_API_SECRET, OKX_API_PASSPHRASE
===== RUN Tue May 19 23:49:27 UTC 2026 =====
[2026-05-19 23:49:28] 🚀 启动 OKX 稳定版 v1
[2026-05-19 23:49:28] ❌ 请设置环境变量 OKX_API_KEY, OKX_API_SECRET, OKX_API_PASSPHRASE
===== RUN Wed May 20 02:31:05 UTC 2026 =====
[2026-05-20 02:31:05] 🚀 启动 OKX 稳定版 v1
[2026-05-20 02:31:05] ❌ 请设置环境变量 OKX_API_KEY, OKX_API_SECRET, OKX_API_PASSPHRASE
===== RUN Wed May 20 06:34:11 UTC 2026 =====
[2026-05-20 06:34:11] 🚀 启动 OKX 稳定版 v1
[2026-05-20 06:34:11] ❌ 请设置环境变量 OKX_API_KEY, OKX_API_SECRET, OKX_API_PASSPHRASE
===== RUN Wed May 20 10:03:10 UTC 2026 =====
[2026-05-20 10:03:10] 🚀 启动 OKX 稳定版 v1
[2026-05-20 10:03:10] ❌ 请设置环境变量 OKX_API_KEY, OKX_API_SECRET, OKX_API_PASSPHRASE
===== RUN Wed May 20 12:37:37 UTC 2026 =====
[2026-05-20 12:37:38] 🚀 启动 OKX 稳定版 v1
[2026-05-20 12:37:38] ❌ 请设置环境变量 OKX_API_KEY, OKX_API_SECRET, OKX_API_PASSPHRASE
===== RUN Wed May 20 16:17:36 UTC 2026 =====
[2026-05-20 16:17:37] 🚀 启动 OKX 稳定版 v1
[2026-05-20 16:17:37] ❌ 请设置环境变量 OKX_API_KEY, OKX_API_SECRET, OKX_API_PASSPHRASE
===== RUN Wed May 20 18:36:32 UTC 2026 =====
[2026-05-20 18:36:33] 🚀 启动 OKX 稳定版 v1
[2026-05-20 18:36:33] ❌ 请设置环境变量 OKX_API_KEY, OKX_API_SECRET, OKX_API_PASSPHRASE
===== RUN Wed May 20 20:54:53 UTC 2026 =====
[2026-05-20 20:54:54] 🚀 启动 OKX 稳定版 v1
[2026-05-20 20:54:54] ❌ 请设置环境变量 OKX_API_KEY, OKX_API_SECRET, OKX_API_PASSPHRASE
===== RUN Wed May 20 22:26:16 UTC 2026 =====
[2026-05-20 22:26:17] 🚀 启动 OKX 稳定版 v1
[2026-05-20 22:26:17] ❌ 请设置环境变量 OKX_API_KEY, OKX_API_SECRET, OKX_API_PASSPHRASE
===== RUN Wed May 20 23:50:10 UTC 2026 =====
[2026-05-20 23:50:11] 🚀 启动 OKX 稳定版 v1
[2026-05-20 23:50:11] ❌ 请设置环境变量 OKX_API_KEY, OKX_API_SECRET, OKX_API_PASSPHRASE
===== RUN Thu May 21 02:42:36 UTC 2026 =====
[2026-05-21 02:42:36] 🚀 启动 OKX 稳定版 v1
[2026-05-21 02:42:36] ❌ 请设置环境变量 OKX_API_KEY, OKX_API_SECRET, OKX_API_PASSPHRASE
===== RUN Thu May 21 06:38:03 UTC 2026 =====
[2026-05-21 06:38:04] 🚀 启动 OKX 稳定版 v1
[2026-05-21 06:38:04] ❌ 请设置环境变量 OKX_API_KEY, OKX_API_SECRET, OKX_API_PASSPHRASE
===== RUN Thu May 21 10:25:55 UTC 2026 =====
[2026-05-21 10:25:55] 🚀 启动 OKX 稳定版 v1
[2026-05-21 10:25:55] ❌ 请设置环境变量 OKX_API_KEY, OKX_API_SECRET, OKX_API_PASSPHRASE
===== RUN Thu May 21 13:46:33 UTC 2026 =====
[2026-05-21 13:46:33] 🚀 启动 OKX 稳定版 v1
[2026-05-21 13:46:33] ❌ 请设置环境变量 OKX_API_KEY, OKX_API_SECRET, OKX_API_PASSPHRASE
===== RUN Thu May 21 16:31:04 UTC 2026 =====
[2026-05-21 16:31:05] 🚀 启动 OKX 稳定版 v1
[2026-05-21 16:31:05] ❌ 请设置环境变量 OKX_API_KEY, OKX_API_SECRET, OKX_API_PASSPHRASE
===== RUN Thu May 21 18:24:33 UTC 2026 =====
[2026-05-21 18:24:34] 🚀 启动 OKX 稳定版 v1
[2026-05-21 18:24:34] ❌ 请设置环境变量 OKX_API_KEY, OKX_API_SECRET, OKX_API_PASSPHRASE
===== RUN Thu May 21 20:21:27 UTC 2026 =====
[2026-05-21 20:21:28] 🚀 启动 OKX 稳定版 v1
[2026-05-21 20:21:28] ❌ 请设置环境变量 OKX_API_KEY, OKX_API_SECRET, OKX_API_PASSPHRASE
===== RUN Thu May 21 21:56:06 UTC 2026 =====
[2026-05-21 21:56:06] 🚀 启动 OKX 稳定版 v1
[2026-05-21 21:56:06] ❌ 请设置环境变量 OKX_API_KEY, OKX_API_SECRET, OKX_API_PASSPHRASE
===== RUN Thu May 21 23:11:03 UTC 2026 =====
[2026-05-21 23:11:03] 🚀 启动 OKX 稳定版 v1
[2026-05-21 23:11:03] ❌ 请设置环境变量 OKX_API_KEY, OKX_API_SECRET, OKX_API_PASSPHRASE
===== RUN Fri May 22 00:17:02 UTC 2026 =====
[2026-05-22 00:17:03] 🚀 启动 OKX 稳定版 v1
[2026-05-22 00:17:03] ❌ 请设置环境变量 OKX_API_KEY, OKX_API_SECRET, OKX_API_PASSPHRASE
===== RUN Fri May 22 04:40:15 UTC 2026 =====
[2026-05-22 04:40:16] 🚀 启动 OKX 稳定版 v1
[2026-05-22 04:40:16] ❌ 请设置环境变量 OKX_API_KEY, OKX_API_SECRET, OKX_API_PASSPHRASE
===== RUN Fri May 22 08:04:20 UTC 2026 =====
[2026-05-22 08:04:20] 🚀 启动 OKX 稳定版 v1
[2026-05-22 08:04:20] ❌ 请设置环境变量 OKX_API_KEY, OKX_API_SECRET, OKX_API_PASSPHRASE
===== RUN Fri May 22 11:15:56 UTC 2026 =====
[2026-05-22 11:15:56] 🚀 启动 OKX 稳定版 v1
[2026-05-22 11:15:56] ❌ 请设置环境变量 OKX_API_KEY, OKX_API_SECRET, OKX_API_PASSPHRASE
===== RUN Fri May 22 13:40:13 UTC 2026 =====
[2026-05-22 13:40:15] 🚀 启动 OKX 稳定版 v1
[2026-05-22 13:40:15] ❌ 请设置环境变量 OKX_API_KEY, OKX_API_SECRET, OKX_API_PASSPHRASE
===== RUN Fri May 22 16:10:26 UTC 2026 =====
[2026-05-22 16:10:26] 🚀 启动 OKX 稳定版 v1
[2026-05-22 16:10:26] ❌ 请设置环境变量 OKX_API_KEY, OKX_API_SECRET, OKX_API_PASSPHRASE
===== RUN Fri May 22 18:07:09 UTC 2026 =====
[2026-05-22 18:07:09] 🚀 启动 OKX 稳定版 v1
[2026-05-22 18:07:09] ❌ 请设置环境变量 OKX_API_KEY, OKX_API_SECRET, OKX_API_PASSPHRASE
===== RUN Fri May 22 20:10:36 UTC 2026 =====
[2026-05-22 20:10:37] 🚀 启动 OKX 稳定版 v1
[2026-05-22 20:10:37] ❌ 请设置环境变量 OKX_API_KEY, OKX_API_SECRET, OKX_API_PASSPHRASE
===== RUN Fri May 22 21:36:59 UTC 2026 =====
[2026-05-22 21:36:59] 🚀 启动 OKX 稳定版 v1
[2026-05-22 21:36:59] ❌ 请设置环境变量 OKX_API_KEY, OKX_API_SECRET, OKX_API_PASSPHRASE
===== RUN Fri May 22 22:41:21 UTC 2026 =====
[2026-05-22 22:41:21] 🚀 启动 OKX 稳定版 v1
[2026-05-22 22:41:21] ❌ 请设置环境变量 OKX_API_KEY, OKX_API_SECRET, OKX_API_PASSPHRASE
===== RUN Fri May 22 23:50:31 UTC 2026 =====
[2026-05-22 23:50:32] 🚀 启动 OKX 稳定版 v1
[2026-05-22 23:50:32] ❌ 请设置环境变量 OKX_API_KEY, OKX_API_SECRET, OKX_API_PASSPHRASE
===== RUN Sat May 23 02:33:11 UTC 2026 =====
[2026-05-23 02:33:11] 🚀 启动 OKX 稳定版 v1
[2026-05-23 02:33:11] ❌ 请设置环境变量 OKX_API_KEY, OKX_API_SECRET, OKX_API_PASSPHRASE
===== RUN Sat May 23 05:54:04 UTC 2026 =====
[2026-05-23 05:54:05] 🚀 启动 OKX 稳定版 v1
[2026-05-23 05:54:05] ❌ 请设置环境变量 OKX_API_KEY, OKX_API_SECRET, OKX_API_PASSPHRASE
===== RUN Sat May 23 08:24:50 UTC 2026 =====
[2026-05-23 08:24:50] 🚀 启动 OKX 稳定版 v1
[2026-05-23 08:24:50] ❌ 请设置环境变量 OKX_API_KEY, OKX_API_SECRET, OKX_API_PASSPHRASE
===== RUN Sat May 23 10:12:47 UTC 2026 =====
[2026-05-23 10:12:48] 🚀 启动 OKX 稳定版 v1
[2026-05-23 10:12:48] ❌ 请设置环境变量 OKX_API_KEY, OKX_API_SECRET, OKX_API_PASSPHRASE
===== RUN Sat May 23 11:37:41 UTC 2026 =====
[2026-05-23 11:37:42] 🚀 启动 OKX 稳定版 v1
[2026-05-23 11:37:42] ❌ 请设置环境变量 OKX_API_KEY, OKX_API_SECRET, OKX_API_PASSPHRASE
===== RUN Sat May 23 12:42:45 UTC 2026 =====
[2026-05-23 12:42:45] 🚀 启动 OKX 稳定版 v1
[2026-05-23 12:42:45] ❌ 请设置环境变量 OKX_API_KEY, OKX_API_SECRET, OKX_API_PASSPHRASE
===== RUN Sat May 23 14:19:37 UTC 2026 =====
[2026-05-23 14:19:38] 🚀 启动 OKX 稳定版 v1
[2026-05-23 14:19:38] ❌ 请设置环境变量 OKX_API_KEY, OKX_API_SECRET, OKX_API_PASSPHRASE
===== RUN Sat May 23 15:38:10 UTC 2026 =====
[2026-05-23 15:38:12] 🚀 启动 OKX 稳定版 v1
[2026-05-23 15:38:12] ❌ 请设置环境变量 OKX_API_KEY, OKX_API_SECRET, OKX_API_PASSPHRASE
===== RUN Sat May 23 16:40:58 UTC 2026 =====
[2026-05-23 16:40:58] 🚀 启动 OKX 稳定版 v1
[2026-05-23 16:40:58] ❌ 请设置环境变量 OKX_API_KEY, OKX_API_SECRET, OKX_API_PASSPHRASE
===== RUN Sat May 23 17:46:00 UTC 2026 =====
[2026-05-23 17:46:01] 🚀 启动 OKX 稳定版 v1
[2026-05-23 17:46:01] ❌ 请设置环境变量 OKX_API_KEY, OKX_API_SECRET, OKX_API_PASSPHRASE
===== RUN Sat May 23 18:46:45 UTC 2026 =====
[2026-05-23 18:46:46] 🚀 启动 OKX 稳定版 v1
[2026-05-23 18:46:46] ❌ 请设置环境变量 OKX_API_KEY, OKX_API_SECRET, OKX_API_PASSPHRASE
===== RUN Sat May 23 19:57:28 UTC 2026 =====
[2026-05-23 19:57:29] 🚀 启动 OKX 稳定版 v1
[2026-05-23 19:57:29] ❌ 请设置环境变量 OKX_API_KEY, OKX_API_SECRET, OKX_API_PASSPHRASE
===== RUN Sat May 23 21:03:48 UTC 2026 =====
[2026-05-23 21:03:48] 🚀 启动 OKX 稳定版 v1
[2026-05-23 21:03:48] ❌ 请设置环境变量 OKX_API_KEY, OKX_API_SECRET, OKX_API_PASSPHRASE
===== RUN Sat May 23 22:05:53 UTC 2026 =====
[2026-05-23 22:05:53] 🚀 启动 OKX 稳定版 v1
[2026-05-23 22:05:53] ❌ 请设置环境变量 OKX_API_KEY, OKX_API_SECRET, OKX_API_PASSPHRASE
===== RUN Sat May 23 23:10:16 UTC 2026 =====
[2026-05-23 23:10:16] 🚀 启动 OKX 稳定版 v1
[2026-05-23 23:10:16] ❌ 请设置环境变量 OKX_API_KEY, OKX_API_SECRET, OKX_API_PASSPHRASE
===== RUN Sun May 24 00:13:23 UTC 2026 =====
[2026-05-24 00:13:24] 🚀 启动 OKX 稳定版 v1
[2026-05-24 00:13:24] ❌ 请设置环境变量 OKX_API_KEY, OKX_API_SECRET, OKX_API_PASSPHRASE
===== RUN Sun May 24 04:42:30 UTC 2026 =====
[2026-05-24 04:42:31] 🚀 启动 OKX 稳定版 v1
[2026-05-24 04:42:31] ❌ 请设置环境变量 OKX_API_KEY, OKX_API_SECRET, OKX_API_PASSPHRASE
===== RUN Sun May 24 07:42:38 UTC 2026 =====
[2026-05-24 07:42:38] 🚀 启动 OKX 稳定版 v1
[2026-05-24 07:42:38] ❌ 请设置环境变量 OKX_API_KEY, OKX_API_SECRET, OKX_API_PASSPHRASE
===== RUN Sun May 24 09:33:29 UTC 2026 =====
[2026-05-24 09:33:30] 🚀 启动 OKX 稳定版 v1
[2026-05-24 09:33:30] ❌ 请设置环境变量 OKX_API_KEY, OKX_API_SECRET, OKX_API_PASSPHRASE
===== RUN Sun May 24 11:01:06 UTC 2026 =====
[2026-05-24 11:01:06] 🚀 启动 OKX 稳定版 v1
[2026-05-24 11:01:06] ❌ 请设置环境变量 OKX_API_KEY, OKX_API_SECRET, OKX_API_PASSPHRASE
===== RUN Sun May 24 12:08:32 UTC 2026 =====
[2026-05-24 12:08:32] 🚀 启动 OKX 稳定版 v1
[2026-05-24 12:08:32] ❌ 请设置环境变量 OKX_API_KEY, OKX_API_SECRET, OKX_API_PASSPHRASE
===== RUN Sun May 24 14:01:04 UTC 2026 =====
[2026-05-24 14:01:04] 🚀 启动 OKX 稳定版 v1
[2026-05-24 14:01:04] ❌ 请设置环境变量 OKX_API_KEY, OKX_API_SECRET, OKX_API_PASSPHRASE
===== RUN Sun May 24 15:18:04 UTC 2026 =====
[2026-05-24 15:18:04] 🚀 启动 OKX 稳定版 v1
[2026-05-24 15:18:04] ❌ 请设置环境变量 OKX_API_KEY, OKX_API_SECRET, OKX_API_PASSPHRASE
===== RUN Sun May 24 16:30:47 UTC 2026 =====
[2026-05-24 16:30:47] 🚀 启动 OKX 稳定版 v1
[2026-05-24 16:30:47] ❌ 请设置环境变量 OKX_API_KEY, OKX_API_SECRET, OKX_API_PASSPHRASE
===== RUN Sun May 24 17:35:51 UTC 2026 =====
[2026-05-24 17:35:52] 🚀 启动 OKX 稳定版 v1
[2026-05-24 17:35:52] ❌ 请设置环境变量 OKX_API_KEY, OKX_API_SECRET, OKX_API_PASSPHRASE
===== RUN Sun May 24 18:46:57 UTC 2026 =====
[2026-05-24 18:46:58] 🚀 启动 OKX 稳定版 v1
[2026-05-24 18:46:58] ❌ 请设置环境变量 OKX_API_KEY, OKX_API_SECRET, OKX_API_PASSPHRASE
===== RUN Sun May 24 19:57:28 UTC 2026 =====
[2026-05-24 19:57:29] 🚀 启动 OKX 稳定版 v1
[2026-05-24 19:57:29] ❌ 请设置环境变量 OKX_API_KEY, OKX_API_SECRET, OKX_API_PASSPHRASE
===== RUN Sun May 24 21:07:01 UTC 2026 =====
[2026-05-24 21:07:02] 🚀 启动 OKX 稳定版 v1
[2026-05-24 21:07:02] ❌ 请设置环境变量 OKX_API_KEY, OKX_API_SECRET, OKX_API_PASSPHRASE
===== RUN Sun May 24 22:10:13 UTC 2026 =====
[2026-05-24 22:10:14] 🚀 启动 OKX 稳定版 v1
[2026-05-24 22:10:14] ❌ 请设置环境变量 OKX_API_KEY, OKX_API_SECRET, OKX_API_PASSPHRASE
===== RUN Sun May 24 23:16:17 UTC 2026 =====
[2026-05-24 23:16:17] 🚀 启动 OKX 稳定版 v1
[2026-05-24 23:16:17] ❌ 请设置环境变量 OKX_API_KEY, OKX_API_SECRET, OKX_API_PASSPHRASE
===== RUN Mon May 25 01:29:03 UTC 2026 =====
[2026-05-25 01:29:04] 🚀 启动 OKX 稳定版 v1
[2026-05-25 01:29:04] ❌ 请设置环境变量 OKX_API_KEY, OKX_API_SECRET, OKX_API_PASSPHRASE
===== RUN Mon May 25 06:06:11 UTC 2026 =====
[2026-05-25 06:06:12] 🚀 启动 OKX 稳定版 v1
[2026-05-25 06:06:12] ❌ 请设置环境变量 OKX_API_KEY, OKX_API_SECRET, OKX_API_PASSPHRASE
===== RUN Mon May 25 10:47:07 UTC 2026 =====
[2026-05-25 10:47:08] 🚀 启动 OKX 稳定版 v1
[2026-05-25 10:47:08] ❌ 请设置环境变量 OKX_API_KEY, OKX_API_SECRET, OKX_API_PASSPHRASE
===== RUN Mon May 25 13:53:14 UTC 2026 =====
[2026-05-25 13:53:15] 🚀 启动 OKX 稳定版 v1
[2026-05-25 13:53:15] ❌ 请设置环境变量 OKX_API_KEY, OKX_API_SECRET, OKX_API_PASSPHRASE
===== RUN Mon May 25 16:23:42 UTC 2026 =====
[2026-05-25 16:23:42] 🚀 启动 OKX 稳定版 v1
[2026-05-25 16:23:42] ❌ 请设置环境变量 OKX_API_KEY, OKX_API_SECRET, OKX_API_PASSPHRASE
===== RUN Mon May 25 18:09:59 UTC 2026 =====
[2026-05-25 18:09:59] 🚀 启动 OKX 稳定版 v1
[2026-05-25 18:09:59] ❌ 请设置环境变量 OKX_API_KEY, OKX_API_SECRET, OKX_API_PASSPHRASE
===== RUN Mon May 25 20:00:11 UTC 2026 =====
[2026-05-25 20:00:12] 🚀 启动 OKX 稳定版 v1
[2026-05-25 20:00:12] ❌ 请设置环境变量 OKX_API_KEY, OKX_API_SECRET, OKX_API_PASSPHRASE
===== RUN Mon May 25 21:20:44 UTC 2026 =====
[2026-05-25 21:20:44] 🚀 启动 OKX 稳定版 v1
[2026-05-25 21:20:44] ❌ 请设置环境变量 OKX_API_KEY, OKX_API_SECRET, OKX_API_PASSPHRASE
===== RUN Mon May 25 22:33:02 UTC 2026 =====
[2026-05-25 22:33:03] 🚀 启动 OKX 稳定版 v1
[2026-05-25 22:33:03] ❌ 请设置环境变量 OKX_API_KEY, OKX_API_SECRET, OKX_API_PASSPHRASE
===== RUN Mon May 25 23:43:03 UTC 2026 =====
[2026-05-25 23:43:04] 🚀 启动 OKX 稳定版 v1
[2026-05-25 23:43:04] ❌ 请设置环境变量 OKX_API_KEY, OKX_API_SECRET, OKX_API_PASSPHRASE
===== RUN Tue May 26 01:46:13 UTC 2026 =====
[2026-05-26 01:46:13] 🚀 启动 OKX 稳定版 v1
[2026-05-26 01:46:13] ❌ 请设置环境变量 OKX_API_KEY, OKX_API_SECRET, OKX_API_PASSPHRASE
===== RUN Tue May 26 05:53:49 UTC 2026 =====
[2026-05-26 05:53:50] 🚀 启动 OKX 稳定版 v1
[2026-05-26 05:53:50] ❌ 请设置环境变量 OKX_API_KEY, OKX_API_SECRET, OKX_API_PASSPHRASE
===== RUN Tue May 26 10:02:24 UTC 2026 =====
[2026-05-26 10:02:25] 🚀 启动 OKX 稳定版 v1
[2026-05-26 10:02:25] ❌ 请设置环境变量 OKX_API_KEY, OKX_API_SECRET, OKX_API_PASSPHRASE
===== RUN Tue May 26 16:34:48 UTC 2026 =====
[2026-05-26 16:34:49] 🚀 启动 OKX 稳定版 v1
[2026-05-26 16:34:49] ❌ 请设置环境变量 OKX_API_KEY, OKX_API_SECRET, OKX_API_PASSPHRASE
===== RUN Tue May 26 19:07:23 UTC 2026 =====
[2026-05-26 19:07:24] 🚀 启动 OKX 稳定版 v1
[2026-05-26 19:07:24] ❌ 请设置环境变量 OKX_API_KEY, OKX_API_SECRET, OKX_API_PASSPHRASE
===== RUN Tue May 26 21:00:01 UTC 2026 =====
[2026-05-26 21:00:02] 🚀 启动 OKX 稳定版 v1
[2026-05-26 21:00:02] ❌ 请设置环境变量 OKX_API_KEY, OKX_API_SECRET, OKX_API_PASSPHRASE
===== RUN Tue May 26 22:37:10 UTC 2026 =====
[2026-05-26 22:37:11] 🚀 启动 OKX 稳定版 v1
[2026-05-26 22:37:11] ❌ 请设置环境变量 OKX_API_KEY, OKX_API_SECRET, OKX_API_PASSPHRASE
===== RUN Tue May 26 23:47:57 UTC 2026 =====
[2026-05-26 23:47:58] 🚀 启动 OKX 稳定版 v1
[2026-05-26 23:47:58] ❌ 请设置环境变量 OKX_API_KEY, OKX_API_SECRET, OKX_API_PASSPHRASE
===== RUN Wed May 27 02:01:41 UTC 2026 =====
[2026-05-27 02:01:42] 🚀 启动 OKX 稳定版 v1
[2026-05-27 02:01:42] ❌ 请设置环境变量 OKX_API_KEY, OKX_API_SECRET, OKX_API_PASSPHRASE
===== RUN Wed May 27 06:38:43 UTC 2026 =====
[2026-05-27 06:38:44] 🚀 启动 OKX 稳定版 v1
[2026-05-27 06:38:44] ❌ 请设置环境变量 OKX_API_KEY, OKX_API_SECRET, OKX_API_PASSPHRASE
===== RUN Wed May 27 10:42:05 UTC 2026 =====
[2026-05-27 10:42:05] 🚀 启动 OKX 稳定版 v1
[2026-05-27 10:42:05] ❌ 请设置环境变量 OKX_API_KEY, OKX_API_SECRET, OKX_API_PASSPHRASE
===== RUN Wed May 27 14:13:48 UTC 2026 =====
[2026-05-27 14:13:48] 🚀 启动 OKX 稳定版 v1
[2026-05-27 14:13:48] ❌ 请设置环境变量 OKX_API_KEY, OKX_API_SECRET, OKX_API_PASSPHRASE
===== RUN Wed May 27 17:35:53 UTC 2026 =====
[2026-05-27 17:35:54] 🚀 启动 OKX 稳定版 v1
[2026-05-27 17:35:54] ❌ 请设置环境变量 OKX_API_KEY, OKX_API_SECRET, OKX_API_PASSPHRASE
===== RUN Wed May 27 19:48:09 UTC 2026 =====
[2026-05-27 19:48:09] 🚀 启动 OKX 稳定版 v1
[2026-05-27 19:48:09] ❌ 请设置环境变量 OKX_API_KEY, OKX_API_SECRET, OKX_API_PASSPHRASE
===== RUN Wed May 27 21:42:30 UTC 2026 =====
[2026-05-27 21:42:30] 🚀 启动 OKX 稳定版 v1
[2026-05-27 21:42:30] ❌ 请设置环境变量 OKX_API_KEY, OKX_API_SECRET, OKX_API_PASSPHRASE
===== RUN Wed May 27 23:04:52 UTC 2026 =====
[2026-05-27 23:04:53] 🚀 启动 OKX 稳定版 v1
[2026-05-27 23:04:53] ❌ 请设置环境变量 OKX_API_KEY, OKX_API_SECRET, OKX_API_PASSPHRASE
===== RUN Thu May 28 00:12:49 UTC 2026 =====
[2026-05-28 00:12:50] 🚀 启动 OKX 稳定版 v1
[2026-05-28 00:12:50] ❌ 请设置环境变量 OKX_API_KEY, OKX_API_SECRET, OKX_API_PASSPHRASE
===== RUN Thu May 28 04:44:08 UTC 2026 =====
[2026-05-28 04:44:09] 🚀 启动 OKX 稳定版 v1
[2026-05-28 04:44:09] ❌ 请设置环境变量 OKX_API_KEY, OKX_API_SECRET, OKX_API_PASSPHRASE
===== RUN Thu May 28 08:35:30 UTC 2026 =====
[2026-05-28 08:35:33] 🚀 启动 OKX 稳定版 v1
[2026-05-28 08:35:33] ❌ 请设置环境变量 OKX_API_KEY, OKX_API_SECRET, OKX_API_PASSPHRASE
===== RUN Thu May 28 12:04:53 UTC 2026 =====
[2026-05-28 12:04:54] 🚀 启动 OKX 稳定版 v1
[2026-05-28 12:04:54] ❌ 请设置环境变量 OKX_API_KEY, OKX_API_SECRET, OKX_API_PASSPHRASE
===== RUN Thu May 28 16:32:24 UTC 2026 =====
[2026-05-28 16:32:25] 🚀 启动 OKX 稳定版 v1
[2026-05-28 16:32:25] ❌ 请设置环境变量 OKX_API_KEY, OKX_API_SECRET, OKX_API_PASSPHRASE
===== RUN Thu May 28 19:16:22 UTC 2026 =====
[2026-05-28 19:16:23] 🚀 启动 OKX 稳定版 v1
[2026-05-28 19:16:23] ❌ 请设置环境变量 OKX_API_KEY, OKX_API_SECRET, OKX_API_PASSPHRASE
===== RUN Thu May 28 21:26:36 UTC 2026 =====
[2026-05-28 21:26:37] 🚀 启动 OKX 稳定版 v1
[2026-05-28 21:26:37] ❌ 请设置环境变量 OKX_API_KEY, OKX_API_SECRET, OKX_API_PASSPHRASE
===== RUN Thu May 28 22:55:07 UTC 2026 =====
[2026-05-28 22:55:07] 🚀 启动 OKX 稳定版 v1
[2026-05-28 22:55:07] ❌ 请设置环境变量 OKX_API_KEY, OKX_API_SECRET, OKX_API_PASSPHRASE
===== RUN Fri May 29 00:15:27 UTC 2026 =====
[2026-05-29 00:15:28] 🚀 启动 OKX 稳定版 v1
[2026-05-29 00:15:28] ❌ 请设置环境变量 OKX_API_KEY, OKX_API_SECRET, OKX_API_PASSPHRASE
===== RUN Fri May 29 04:48:46 UTC 2026 =====
[2026-05-29 04:48:47] 🚀 启动 OKX 稳定版 v1
[2026-05-29 04:48:47] ❌ 请设置环境变量 OKX_API_KEY, OKX_API_SECRET, OKX_API_PASSPHRASE
===== RUN Fri May 29 08:37:01 UTC 2026 =====
[2026-05-29 08:37:01] 🚀 启动 OKX 稳定版 v1
[2026-05-29 08:37:01] ❌ 请设置环境变量 OKX_API_KEY, OKX_API_SECRET, OKX_API_PASSPHRASE
===== RUN Fri May 29 11:56:10 UTC 2026 =====
[2026-05-29 11:56:11] 🚀 启动 OKX 稳定版 v1
[2026-05-29 11:56:11] ❌ 请设置环境变量 OKX_API_KEY, OKX_API_SECRET, OKX_API_PASSPHRASE
===== RUN Fri May 29 16:03:01 UTC 2026 =====
[2026-05-29 16:03:02] 🚀 启动 OKX 稳定版 v1
[2026-05-29 16:03:02] ❌ 请设置环境变量 OKX_API_KEY, OKX_API_SECRET, OKX_API_PASSPHRASE
===== RUN Fri May 29 18:40:28 UTC 2026 =====
[2026-05-29 18:40:29] 🚀 启动 OKX 稳定版 v1
[2026-05-29 18:40:29] ❌ 请设置环境变量 OKX_API_KEY, OKX_API_SECRET, OKX_API_PASSPHRASE
===== RUN Fri May 29 21:02:24 UTC 2026 =====
[2026-05-29 21:02:24] 🚀 启动 OKX 稳定版 v1
[2026-05-29 21:02:24] ❌ 请设置环境变量 OKX_API_KEY, OKX_API_SECRET, OKX_API_PASSPHRASE
===== RUN Fri May 29 22:41:16 UTC 2026 =====
[2026-05-29 22:41:18] 🚀 启动 OKX 稳定版 v1
[2026-05-29 22:41:18] ❌ 请设置环境变量 OKX_API_KEY, OKX_API_SECRET, OKX_API_PASSPHRASE
===== RUN Fri May 29 23:56:17 UTC 2026 =====
[2026-05-29 23:56:18] 🚀 启动 OKX 稳定版 v1
[2026-05-29 23:56:18] ❌ 请设置环境变量 OKX_API_KEY, OKX_API_SECRET, OKX_API_PASSPHRASE
===== RUN Sat May 30 04:10:59 UTC 2026 =====
[2026-05-30 04:11:00] 🚀 启动 OKX 稳定版 v1
[2026-05-30 04:11:00] ❌ 请设置环境变量 OKX_API_KEY, OKX_API_SECRET, OKX_API_PASSPHRASE
===== RUN Sat May 30 07:21:22 UTC 2026 =====
[2026-05-30 07:21:22] 🚀 启动 OKX 稳定版 v1
[2026-05-30 07:21:22] ❌ 请设置环境变量 OKX_API_KEY, OKX_API_SECRET, OKX_API_PASSPHRASE
===== RUN Sat May 30 09:29:15 UTC 2026 =====
[2026-05-30 09:29:16] 🚀 启动 OKX 稳定版 v1
[2026-05-30 09:29:16] ❌ 请设置环境变量 OKX_API_KEY, OKX_API_SECRET, OKX_API_PASSPHRASE
===== RUN Sat May 30 11:02:56 UTC 2026 =====
[2026-05-30 11:02:56] 🚀 启动 OKX 稳定版 v1
[2026-05-30 11:02:56] ❌ 请设置环境变量 OKX_API_KEY, OKX_API_SECRET, OKX_API_PASSPHRASE
===== RUN Sat May 30 12:13:41 UTC 2026 =====
[2026-05-30 12:13:41] 🚀 启动 OKX 稳定版 v1
[2026-05-30 12:13:41] ❌ 请设置环境变量 OKX_API_KEY, OKX_API_SECRET, OKX_API_PASSPHRASE
===== RUN Sat May 30 14:09:21 UTC 2026 =====
[2026-05-30 14:09:21] 🚀 启动 OKX 稳定版 v1
[2026-05-30 14:09:21] ❌ 请设置环境变量 OKX_API_KEY, OKX_API_SECRET, OKX_API_PASSPHRASE
===== RUN Sat May 30 15:37:29 UTC 2026 =====
[2026-05-30 15:37:29] 🚀 启动 OKX 稳定版 v1
[2026-05-30 15:37:29] ❌ 请设置环境变量 OKX_API_KEY, OKX_API_SECRET, OKX_API_PASSPHRASE
===== RUN Sat May 30 16:43:04 UTC 2026 =====
[2026-05-30 16:43:04] 🚀 启动 OKX 稳定版 v1
[2026-05-30 16:43:04] ❌ 请设置环境变量 OKX_API_KEY, OKX_API_SECRET, OKX_API_PASSPHRASE
===== RUN Sat May 30 17:49:06 UTC 2026 =====
[2026-05-30 17:49:06] 🚀 启动 OKX 稳定版 v1
[2026-05-30 17:49:06] ❌ 请设置环境变量 OKX_API_KEY, OKX_API_SECRET, OKX_API_PASSPHRASE
===== RUN Sat May 30 18:59:12 UTC 2026 =====
[2026-05-30 18:59:13] 🚀 启动 OKX 稳定版 v1
[2026-05-30 18:59:13] ❌ 请设置环境变量 OKX_API_KEY, OKX_API_SECRET, OKX_API_PASSPHRASE
===== RUN Sat May 30 20:14:42 UTC 2026 =====
[2026-05-30 20:14:42] 🚀 启动 OKX 稳定版 v1
[2026-05-30 20:14:42] ❌ 请设置环境变量 OKX_API_KEY, OKX_API_SECRET, OKX_API_PASSPHRASE
===== RUN Sat May 30 21:17:33 UTC 2026 =====
[2026-05-30 21:17:34] 🚀 启动 OKX 稳定版 v1
[2026-05-30 21:17:34] ❌ 请设置环境变量 OKX_API_KEY, OKX_API_SECRET, OKX_API_PASSPHRASE
===== RUN Sat May 30 22:29:19 UTC 2026 =====
[2026-05-30 22:29:20] 🚀 启动 OKX 稳定版 v1
[2026-05-30 22:29:20] ❌ 请设置环境变量 OKX_API_KEY, OKX_API_SECRET, OKX_API_PASSPHRASE
===== RUN Sat May 30 23:37:24 UTC 2026 =====
[2026-05-30 23:37:25] 🚀 启动 OKX 稳定版 v1
[2026-05-30 23:37:25] ❌ 请设置环境变量 OKX_API_KEY, OKX_API_SECRET, OKX_API_PASSPHRASE
===== RUN Sun May 31 01:52:05 UTC 2026 =====
[2026-05-31 01:52:06] 🚀 启动 OKX 稳定版 v1
[2026-05-31 01:52:06] ❌ 请设置环境变量 OKX_API_KEY, OKX_API_SECRET, OKX_API_PASSPHRASE
===== RUN Sun May 31 06:17:27 UTC 2026 =====
[2026-05-31 06:17:28] 🚀 启动 OKX 稳定版 v1
[2026-05-31 06:17:28] ❌ 请设置环境变量 OKX_API_KEY, OKX_API_SECRET, OKX_API_PASSPHRASE
===== RUN Sun May 31 09:26:29 UTC 2026 =====
[2026-05-31 09:26:30] 🚀 启动 OKX 稳定版 v1
[2026-05-31 09:26:30] ❌ 请设置环境变量 OKX_API_KEY, OKX_API_SECRET, OKX_API_PASSPHRASE
===== RUN Sun May 31 11:17:49 UTC 2026 =====
[2026-05-31 11:17:49] 🚀 启动 OKX 稳定版 v1
[2026-05-31 11:17:49] ❌ 请设置环境变量 OKX_API_KEY, OKX_API_SECRET, OKX_API_PASSPHRASE
===== RUN Sun May 31 12:53:12 UTC 2026 =====
[2026-05-31 12:53:12] 🚀 启动 OKX 稳定版 v1
[2026-05-31 12:53:12] ❌ 请设置环境变量 OKX_API_KEY, OKX_API_SECRET, OKX_API_PASSPHRASE
===== RUN Sun May 31 14:46:51 UTC 2026 =====
[2026-05-31 14:46:52] 🚀 启动 OKX 稳定版 v1
[2026-05-31 14:46:52] ❌ 请设置环境变量 OKX_API_KEY, OKX_API_SECRET, OKX_API_PASSPHRASE
===== RUN Sun May 31 15:57:27 UTC 2026 =====
[2026-05-31 15:57:29] 🚀 启动 OKX 稳定版 v1
[2026-05-31 15:57:29] ❌ 请设置环境变量 OKX_API_KEY, OKX_API_SECRET, OKX_API_PASSPHRASE
===== RUN Sun May 31 17:18:32 UTC 2026 =====
[2026-05-31 17:18:33] 🚀 启动 OKX 稳定版 v1
[2026-05-31 17:18:33] ❌ 请设置环境变量 OKX_API_KEY, OKX_API_SECRET, OKX_API_PASSPHRASE
===== RUN Sun May 31 18:40:16 UTC 2026 =====
[2026-05-31 18:40:16] 🚀 启动 OKX 稳定版 v1
[2026-05-31 18:40:16] ❌ 请设置环境变量 OKX_API_KEY, OKX_API_SECRET, OKX_API_PASSPHRASE
===== RUN Sun May 31 19:55:15 UTC 2026 =====
[2026-05-31 19:55:16] 🚀 启动 OKX 稳定版 v1
[2026-05-31 19:55:16] ❌ 请设置环境变量 OKX_API_KEY, OKX_API_SECRET, OKX_API_PASSPHRASE
===== RUN Sun May 31 21:09:05 UTC 2026 =====
[2026-05-31 21:09:05] 🚀 启动 OKX 稳定版 v1
[2026-05-31 21:09:05] ❌ 请设置环境变量 OKX_API_KEY, OKX_API_SECRET, OKX_API_PASSPHRASE
===== RUN Sun May 31 22:14:35 UTC 2026 =====
[2026-05-31 22:14:36] 🚀 启动 OKX 稳定版 v1
[2026-05-31 22:14:36] ❌ 请设置环境变量 OKX_API_KEY, OKX_API_SECRET, OKX_API_PASSPHRASE
===== RUN Sun May 31 23:34:25 UTC 2026 =====
[2026-05-31 23:34:25] 🚀 启动 OKX 稳定版 v1
[2026-05-31 23:34:25] ❌ 请设置环境变量 OKX_API_KEY, OKX_API_SECRET, OKX_API_PASSPHRASE
===== RUN Mon Jun  1 01:58:37 UTC 2026 =====
[2026-06-01 01:58:38] 🚀 启动 OKX 稳定版 v1
[2026-06-01 01:58:38] ❌ 请设置环境变量 OKX_API_KEY, OKX_API_SECRET, OKX_API_PASSPHRASE
===== RUN Mon Jun  1 07:17:08 UTC 2026 =====
[2026-06-01 07:17:09] 🚀 启动 OKX 稳定版 v1
[2026-06-01 07:17:09] ❌ 请设置环境变量 OKX_API_KEY, OKX_API_SECRET, OKX_API_PASSPHRASE
===== RUN Mon Jun  1 13:05:14 UTC 2026 =====
[2026-06-01 13:05:15] 🚀 启动 OKX 稳定版 v1
[2026-06-01 13:05:15] ❌ 请设置环境变量 OKX_API_KEY, OKX_API_SECRET, OKX_API_PASSPHRASE
===== RUN Mon Jun  1 18:50:16 UTC 2026 =====
[2026-06-01 18:50:16] 🚀 启动 OKX 稳定版 v1
[2026-06-01 18:50:16] ❌ 请设置环境变量 OKX_API_KEY, OKX_API_SECRET, OKX_API_PASSPHRASE
===== RUN Mon Jun  1 21:57:57 UTC 2026 =====
[2026-06-01 21:57:57] 🚀 启动 OKX 稳定版 v1
[2026-06-01 21:57:57] ❌ 请设置环境变量 OKX_API_KEY, OKX_API_SECRET, OKX_API_PASSPHRASE
===== RUN Mon Jun  1 23:41:17 UTC 2026 =====
[2026-06-01 23:41:17] 🚀 启动 OKX 稳定版 v1
[2026-06-01 23:41:17] ❌ 请设置环境变量 OKX_API_KEY, OKX_API_SECRET, OKX_API_PASSPHRASE
===== RUN Tue Jun  2 02:04:27 UTC 2026 =====
[2026-06-02 02:04:27] 🚀 启动 OKX 稳定版 v1
[2026-06-02 02:04:27] ❌ 请设置环境变量 OKX_API_KEY, OKX_API_SECRET, OKX_API_PASSPHRASE
===== RUN Tue Jun  2 06:54:53 UTC 2026 =====
[2026-06-02 06:54:54] 🚀 启动 OKX 稳定版 v1
[2026-06-02 06:54:54] ❌ 请设置环境变量 OKX_API_KEY, OKX_API_SECRET, OKX_API_PASSPHRASE
===== RUN Tue Jun  2 11:22:11 UTC 2026 =====
[2026-06-02 11:22:11] 🚀 启动 OKX 稳定版 v1
[2026-06-02 11:22:11] ❌ 请设置环境变量 OKX_API_KEY, OKX_API_SECRET, OKX_API_PASSPHRASE
===== RUN Tue Jun  2 15:40:42 UTC 2026 =====
[2026-06-02 15:40:43] 🚀 启动 OKX 稳定版 v1
[2026-06-02 15:40:43] ❌ 请设置环境变量 OKX_API_KEY, OKX_API_SECRET, OKX_API_PASSPHRASE
===== RUN Tue Jun  2 19:04:14 UTC 2026 =====
[2026-06-02 19:04:14] 🚀 启动 OKX 稳定版 v1
[2026-06-02 19:04:14] ❌ 请设置环境变量 OKX_API_KEY, OKX_API_SECRET, OKX_API_PASSPHRASE
===== RUN Tue Jun  2 22:03:13 UTC 2026 =====
[2026-06-02 22:03:14] 🚀 启动 OKX 稳定版 v1
[2026-06-02 22:03:14] ❌ 请设置环境变量 OKX_API_KEY, OKX_API_SECRET, OKX_API_PASSPHRASE
===== RUN Wed Jun  3 00:00:27 UTC 2026 =====
[2026-06-03 00:00:27] 🚀 启动 OKX 稳定版 v1
[2026-06-03 00:00:27] ❌ 请设置环境变量 OKX_API_KEY, OKX_API_SECRET, OKX_API_PASSPHRASE
===== RUN Wed Jun  3 05:07:29 UTC 2026 =====
[2026-06-03 05:07:29] 🚀 启动 OKX 稳定版 v1
[2026-06-03 05:07:29] ❌ 请设置环境变量 OKX_API_KEY, OKX_API_SECRET, OKX_API_PASSPHRASE
===== RUN Wed Jun  3 10:05:33 UTC 2026 =====
[2026-06-03 10:05:34] 🚀 启动 OKX 稳定版 v1
[2026-06-03 10:05:34] ❌ 请设置环境变量 OKX_API_KEY, OKX_API_SECRET, OKX_API_PASSPHRASE
===== RUN Wed Jun  3 15:02:37 UTC 2026 =====
[2026-06-03 15:02:37] 🚀 启动 OKX 稳定版 v1
[2026-06-03 15:02:37] ❌ 请设置环境变量 OKX_API_KEY, OKX_API_SECRET, OKX_API_PASSPHRASE
===== RUN Wed Jun  3 18:56:31 UTC 2026 =====
[2026-06-03 18:56:31] 🚀 启动 OKX 稳定版 v1
[2026-06-03 18:56:31] ❌ 请设置环境变量 OKX_API_KEY, OKX_API_SECRET, OKX_API_PASSPHRASE
===== RUN Wed Jun  3 21:56:11 UTC 2026 =====
[2026-06-03 21:56:12] 🚀 启动 OKX 稳定版 v1
[2026-06-03 21:56:12] ❌ 请设置环境变量 OKX_API_KEY, OKX_API_SECRET, OKX_API_PASSPHRASE
===== RUN Wed Jun  3 23:52:56 UTC 2026 =====
[2026-06-03 23:52:57] 🚀 启动 OKX 稳定版 v1
[2026-06-03 23:52:57] ❌ 请设置环境变量 OKX_API_KEY, OKX_API_SECRET, OKX_API_PASSPHRASE
===== RUN Thu Jun  4 04:08:35 UTC 2026 =====
[2026-06-04 04:08:36] 🚀 启动 OKX 稳定版 v1
[2026-06-04 04:08:36] ❌ 请设置环境变量 OKX_API_KEY, OKX_API_SECRET, OKX_API_PASSPHRASE
===== RUN Thu Jun  4 08:34:09 UTC 2026 =====
[2026-06-04 08:34:09] 🚀 启动 OKX 稳定版 v1
[2026-06-04 08:34:09] ❌ 请设置环境变量 OKX_API_KEY, OKX_API_SECRET, OKX_API_PASSPHRASE
===== RUN Thu Jun  4 11:38:10 UTC 2026 =====
[2026-06-04 11:38:10] 🚀 启动 OKX 稳定版 v1
[2026-06-04 11:38:10] ❌ 请设置环境变量 OKX_API_KEY, OKX_API_SECRET, OKX_API_PASSPHRASE
===== RUN Thu Jun  4 14:17:33 UTC 2026 =====
[2026-06-04 14:17:34] 🚀 启动 OKX 稳定版 v1
[2026-06-04 14:17:34] ❌ 请设置环境变量 OKX_API_KEY, OKX_API_SECRET, OKX_API_PASSPHRASE
===== RUN Thu Jun  4 17:26:07 UTC 2026 =====
[2026-06-04 17:26:08] 🚀 启动 OKX 稳定版 v1
[2026-06-04 17:26:08] ❌ 请设置环境变量 OKX_API_KEY, OKX_API_SECRET, OKX_API_PASSPHRASE
===== RUN Thu Jun  4 19:38:20 UTC 2026 =====
[2026-06-04 19:38:21] 🚀 启动 OKX 稳定版 v1
[2026-06-04 19:38:21] ❌ 请设置环境变量 OKX_API_KEY, OKX_API_SECRET, OKX_API_PASSPHRASE
===== RUN Thu Jun  4 21:17:50 UTC 2026 =====
[2026-06-04 21:17:51] 🚀 启动 OKX 稳定版 v1
[2026-06-04 21:17:51] ❌ 请设置环境变量 OKX_API_KEY, OKX_API_SECRET, OKX_API_PASSPHRASE
===== RUN Thu Jun  4 22:50:27 UTC 2026 =====
[2026-06-04 22:50:27] 🚀 启动 OKX 稳定版 v1
[2026-06-04 22:50:27] ❌ 请设置环境变量 OKX_API_KEY, OKX_API_SECRET, OKX_API_PASSPHRASE
===== RUN Fri Jun  5 00:00:51 UTC 2026 =====
[2026-06-05 00:00:52] 🚀 启动 OKX 稳定版 v1
[2026-06-05 00:00:52] ❌ 请设置环境变量 OKX_API_KEY, OKX_API_SECRET, OKX_API_PASSPHRASE
===== RUN Fri Jun  5 04:43:30 UTC 2026 =====
[2026-06-05 04:43:30] 🚀 启动 OKX 稳定版 v1
[2026-06-05 04:43:30] ❌ 请设置环境变量 OKX_API_KEY, OKX_API_SECRET, OKX_API_PASSPHRASE
===== RUN Fri Jun  5 08:34:37 UTC 2026 =====
[2026-06-05 08:34:38] 🚀 启动 OKX 稳定版 v1
[2026-06-05 08:34:38] ❌ 请设置环境变量 OKX_API_KEY, OKX_API_SECRET, OKX_API_PASSPHRASE
===== RUN Fri Jun  5 11:47:25 UTC 2026 =====
[2026-06-05 11:47:26] 🚀 启动 OKX 稳定版 v1
[2026-06-05 11:47:26] ❌ 请设置环境变量 OKX_API_KEY, OKX_API_SECRET, OKX_API_PASSPHRASE
===== RUN Fri Jun  5 14:13:40 UTC 2026 =====
[2026-06-05 14:13:41] 🚀 启动 OKX 稳定版 v1
[2026-06-05 14:13:41] ❌ 请设置环境变量 OKX_API_KEY, OKX_API_SECRET, OKX_API_PASSPHRASE
===== RUN Fri Jun  5 16:43:00 UTC 2026 =====
[2026-06-05 16:43:00] 🚀 启动 OKX 稳定版 v1
[2026-06-05 16:43:00] ❌ 请设置环境变量 OKX_API_KEY, OKX_API_SECRET, OKX_API_PASSPHRASE
===== RUN Fri Jun  5 18:31:32 UTC 2026 =====
[2026-06-05 18:31:33] 🚀 启动 OKX 稳定版 v1
[2026-06-05 18:31:33] ❌ 请设置环境变量 OKX_API_KEY, OKX_API_SECRET, OKX_API_PASSPHRASE
===== RUN Fri Jun  5 20:31:05 UTC 2026 =====
[2026-06-05 20:31:06] 🚀 启动 OKX 稳定版 v1
[2026-06-05 20:31:06] ❌ 请设置环境变量 OKX_API_KEY, OKX_API_SECRET, OKX_API_PASSPHRASE
===== RUN Fri Jun  5 22:04:06 UTC 2026 =====
[2026-06-05 22:04:06] 🚀 启动 OKX 稳定版 v1
[2026-06-05 22:04:06] ❌ 请设置环境变量 OKX_API_KEY, OKX_API_SECRET, OKX_API_PASSPHRASE
===== RUN Fri Jun  5 23:35:51 UTC 2026 =====
[2026-06-05 23:35:52] 🚀 启动 OKX 稳定版 v1
[2026-06-05 23:35:52] ❌ 请设置环境变量 OKX_API_KEY, OKX_API_SECRET, OKX_API_PASSPHRASE
===== RUN Sat Jun  6 01:33:04 UTC 2026 =====
[2026-06-06 01:33:04] 🚀 启动 OKX 稳定版 v1
[2026-06-06 01:33:04] ❌ 请设置环境变量 OKX_API_KEY, OKX_API_SECRET, OKX_API_PASSPHRASE
===== RUN Sat Jun  6 05:38:14 UTC 2026 =====
[2026-06-06 05:38:15] 🚀 启动 OKX 稳定版 v1
[2026-06-06 05:38:15] ❌ 请设置环境变量 OKX_API_KEY, OKX_API_SECRET, OKX_API_PASSPHRASE
===== RUN Sat Jun  6 08:14:02 UTC 2026 =====
[2026-06-06 08:14:03] 🚀 启动 OKX 稳定版 v1
[2026-06-06 08:14:03] ❌ 请设置环境变量 OKX_API_KEY, OKX_API_SECRET, OKX_API_PASSPHRASE
===== RUN Sat Jun  6 10:25:00 UTC 2026 =====
[2026-06-06 10:25:01] 🚀 启动 OKX 稳定版 v1
[2026-06-06 10:25:01] ❌ 请设置环境变量 OKX_API_KEY, OKX_API_SECRET, OKX_API_PASSPHRASE
===== RUN Sat Jun  6 11:56:09 UTC 2026 =====
[2026-06-06 11:56:10] 🚀 启动 OKX 稳定版 v1
[2026-06-06 11:56:10] ❌ 请设置环境变量 OKX_API_KEY, OKX_API_SECRET, OKX_API_PASSPHRASE
===== RUN Sat Jun  6 14:02:17 UTC 2026 =====
[2026-06-06 14:02:17] 🚀 启动 OKX 稳定版 v1
[2026-06-06 14:02:17] ❌ 请设置环境变量 OKX_API_KEY, OKX_API_SECRET, OKX_API_PASSPHRASE
===== RUN Sat Jun  6 15:37:12 UTC 2026 =====
[2026-06-06 15:37:12] 🚀 启动 OKX 稳定版 v1
[2026-06-06 15:37:12] ❌ 请设置环境变量 OKX_API_KEY, OKX_API_SECRET, OKX_API_PASSPHRASE
===== RUN Sat Jun  6 16:46:55 UTC 2026 =====
[2026-06-06 16:46:57] 🚀 启动 OKX 稳定版 v1
[2026-06-06 16:46:57] ❌ 请设置环境变量 OKX_API_KEY, OKX_API_SECRET, OKX_API_PASSPHRASE
===== RUN Sat Jun  6 17:56:32 UTC 2026 =====
[2026-06-06 17:56:32] 🚀 启动 OKX 稳定版 v1
[2026-06-06 17:56:32] ❌ 请设置环境变量 OKX_API_KEY, OKX_API_SECRET, OKX_API_PASSPHRASE
===== RUN Sat Jun  6 19:42:15 UTC 2026 =====
[2026-06-06 19:42:16] 🚀 启动 OKX 稳定版 v1
[2026-06-06 19:42:16] ❌ 请设置环境变量 OKX_API_KEY, OKX_API_SECRET, OKX_API_PASSPHRASE
===== RUN Sat Jun  6 20:47:39 UTC 2026 =====
[2026-06-06 20:47:39] 🚀 启动 OKX 稳定版 v1
[2026-06-06 20:47:39] ❌ 请设置环境变量 OKX_API_KEY, OKX_API_SECRET, OKX_API_PASSPHRASE
===== RUN Sat Jun  6 21:51:54 UTC 2026 =====
[2026-06-06 21:51:55] 🚀 启动 OKX 稳定版 v1
[2026-06-06 21:51:55] ❌ 请设置环境变量 OKX_API_KEY, OKX_API_SECRET, OKX_API_PASSPHRASE
===== RUN Sat Jun  6 23:02:03 UTC 2026 =====
[2026-06-06 23:02:04] 🚀 启动 OKX 稳定版 v1
[2026-06-06 23:02:04] ❌ 请设置环境变量 OKX_API_KEY, OKX_API_SECRET, OKX_API_PASSPHRASE
===== RUN Sun Jun  7 00:15:23 UTC 2026 =====
[2026-06-07 00:15:24] 🚀 启动 OKX 稳定版 v1
[2026-06-07 00:15:24] ❌ 请设置环境变量 OKX_API_KEY, OKX_API_SECRET, OKX_API_PASSPHRASE
===== RUN Sun Jun  7 04:59:54 UTC 2026 =====
[2026-06-07 04:59:55] 🚀 启动 OKX 稳定版 v1
[2026-06-07 04:59:55] ❌ 请设置环境变量 OKX_API_KEY, OKX_API_SECRET, OKX_API_PASSPHRASE
===== RUN Sun Jun  7 08:28:30 UTC 2026 =====
[2026-06-07 08:28:31] 🚀 启动 OKX 稳定版 v1
[2026-06-07 08:28:31] ❌ 请设置环境变量 OKX_API_KEY, OKX_API_SECRET, OKX_API_PASSPHRASE
===== RUN Sun Jun  7 10:53:57 UTC 2026 =====
[2026-06-07 10:53:58] 🚀 启动 OKX 稳定版 v1
[2026-06-07 10:53:58] ❌ 请设置环境变量 OKX_API_KEY, OKX_API_SECRET, OKX_API_PASSPHRASE
===== RUN Sun Jun  7 12:22:27 UTC 2026 =====
[2026-06-07 12:22:28] 🚀 启动 OKX 稳定版 v1
[2026-06-07 12:22:28] ❌ 请设置环境变量 OKX_API_KEY, OKX_API_SECRET, OKX_API_PASSPHRASE
===== RUN Sun Jun  7 14:27:52 UTC 2026 =====
[2026-06-07 14:27:52] 🚀 启动 OKX 稳定版 v1
[2026-06-07 14:27:52] ❌ 请设置环境变量 OKX_API_KEY, OKX_API_SECRET, OKX_API_PASSPHRASE
===== RUN Sun Jun  7 15:53:57 UTC 2026 =====
[2026-06-07 15:53:57] 🚀 启动 OKX 稳定版 v1
[2026-06-07 15:53:57] ❌ 请设置环境变量 OKX_API_KEY, OKX_API_SECRET, OKX_API_PASSPHRASE
===== RUN Sun Jun  7 17:22:09 UTC 2026 =====
[2026-06-07 17:22:09] 🚀 启动 OKX 稳定版 v1
[2026-06-07 17:22:09] ❌ 请设置环境变量 OKX_API_KEY, OKX_API_SECRET, OKX_API_PASSPHRASE
===== RUN Sun Jun  7 18:47:36 UTC 2026 =====
[2026-06-07 18:47:36] 🚀 启动 OKX 稳定版 v1
[2026-06-07 18:47:36] ❌ 请设置环境变量 OKX_API_KEY, OKX_API_SECRET, OKX_API_PASSPHRASE
===== RUN Sun Jun  7 20:04:26 UTC 2026 =====
[2026-06-07 20:04:27] 🚀 启动 OKX 稳定版 v1
[2026-06-07 20:04:27] ❌ 请设置环境变量 OKX_API_KEY, OKX_API_SECRET, OKX_API_PASSPHRASE
===== RUN Sun Jun  7 21:34:49 UTC 2026 =====
[2026-06-07 21:34:49] 🚀 启动 OKX 稳定版 v1
[2026-06-07 21:34:49] ❌ 请设置环境变量 OKX_API_KEY, OKX_API_SECRET, OKX_API_PASSPHRASE
===== RUN Sun Jun  7 22:44:15 UTC 2026 =====
[2026-06-07 22:44:16] 🚀 启动 OKX 稳定版 v1
[2026-06-07 22:44:16] ❌ 请设置环境变量 OKX_API_KEY, OKX_API_SECRET, OKX_API_PASSPHRASE
===== RUN Sun Jun  7 23:51:44 UTC 2026 =====
[2026-06-07 23:51:45] 🚀 启动 OKX 稳定版 v1
[2026-06-07 23:51:45] ❌ 请设置环境变量 OKX_API_KEY, OKX_API_SECRET, OKX_API_PASSPHRASE
===== RUN Mon Jun  8 03:47:48 UTC 2026 =====
[2026-06-08 03:47:48] 🚀 启动 OKX 稳定版 v1
[2026-06-08 03:47:48] ❌ 请设置环境变量 OKX_API_KEY, OKX_API_SECRET, OKX_API_PASSPHRASE
===== RUN Mon Jun  8 08:41:47 UTC 2026 =====
[2026-06-08 08:41:47] 🚀 启动 OKX 稳定版 v1
[2026-06-08 08:41:47] ❌ 请设置环境变量 OKX_API_KEY, OKX_API_SECRET, OKX_API_PASSPHRASE
===== RUN Mon Jun  8 12:51:33 UTC 2026 =====
[2026-06-08 12:51:33] 🚀 启动 OKX 稳定版 v1
[2026-06-08 12:51:33] ❌ 请设置环境变量 OKX_API_KEY, OKX_API_SECRET, OKX_API_PASSPHRASE
===== RUN Mon Jun  8 16:46:57 UTC 2026 =====
[2026-06-08 16:46:58] 🚀 启动 OKX 稳定版 v1
[2026-06-08 16:46:58] ❌ 请设置环境变量 OKX_API_KEY, OKX_API_SECRET, OKX_API_PASSPHRASE
===== RUN Mon Jun  8 19:11:28 UTC 2026 =====
[2026-06-08 19:11:29] 🚀 启动 OKX 稳定版 v1
[2026-06-08 19:11:29] ❌ 请设置环境变量 OKX_API_KEY, OKX_API_SECRET, OKX_API_PASSPHRASE
===== RUN Mon Jun  8 21:17:57 UTC 2026 =====
[2026-06-08 21:17:57] 🚀 启动 OKX 稳定版 v1
[2026-06-08 21:17:57] ❌ 请设置环境变量 OKX_API_KEY, OKX_API_SECRET, OKX_API_PASSPHRASE
===== RUN Mon Jun  8 22:53:24 UTC 2026 =====
[2026-06-08 22:53:25] 🚀 启动 OKX 稳定版 v1
[2026-06-08 22:53:25] ❌ 请设置环境变量 OKX_API_KEY, OKX_API_SECRET, OKX_API_PASSPHRASE
===== RUN Tue Jun  9 00:08:21 UTC 2026 =====
[2026-06-09 00:08:22] 🚀 启动 OKX 稳定版 v1
[2026-06-09 00:08:22] ❌ 请设置环境变量 OKX_API_KEY, OKX_API_SECRET, OKX_API_PASSPHRASE
===== RUN Tue Jun  9 04:35:38 UTC 2026 =====
[2026-06-09 04:35:39] 🚀 启动 OKX 稳定版 v1
[2026-06-09 04:35:39] ❌ 请设置环境变量 OKX_API_KEY, OKX_API_SECRET, OKX_API_PASSPHRASE
===== RUN Tue Jun  9 08:20:25 UTC 2026 =====
[2026-06-09 08:20:25] 🚀 启动 OKX 稳定版 v1
[2026-06-09 08:20:25] ❌ 请设置环境变量 OKX_API_KEY, OKX_API_SECRET, OKX_API_PASSPHRASE
===== RUN Tue Jun  9 11:36:28 UTC 2026 =====
[2026-06-09 11:36:29] 🚀 启动 OKX 稳定版 v1
[2026-06-09 11:36:29] ❌ 请设置环境变量 OKX_API_KEY, OKX_API_SECRET, OKX_API_PASSPHRASE
===== RUN Tue Jun  9 14:03:49 UTC 2026 =====
[2026-06-09 14:03:50] 🚀 启动 OKX 稳定版 v1
[2026-06-09 14:03:50] ❌ 请设置环境变量 OKX_API_KEY, OKX_API_SECRET, OKX_API_PASSPHRASE
===== RUN Tue Jun  9 16:44:43 UTC 2026 =====
[2026-06-09 16:44:44] 🚀 启动 OKX 稳定版 v1
[2026-06-09 16:44:44] ❌ 请设置环境变量 OKX_API_KEY, OKX_API_SECRET, OKX_API_PASSPHRASE
===== RUN Tue Jun  9 19:03:11 UTC 2026 =====
[2026-06-09 19:03:11] 🚀 启动 OKX 稳定版 v1
[2026-06-09 19:03:11] ❌ 请设置环境变量 OKX_API_KEY, OKX_API_SECRET, OKX_API_PASSPHRASE
===== RUN Tue Jun  9 21:06:26 UTC 2026 =====
[2026-06-09 21:06:26] 🚀 启动 OKX 稳定版 v1
[2026-06-09 21:06:26] ❌ 请设置环境变量 OKX_API_KEY, OKX_API_SECRET, OKX_API_PASSPHRASE
===== RUN Tue Jun  9 22:48:53 UTC 2026 =====
[2026-06-09 22:48:54] 🚀 启动 OKX 稳定版 v1
[2026-06-09 22:48:54] ❌ 请设置环境变量 OKX_API_KEY, OKX_API_SECRET, OKX_API_PASSPHRASE
===== RUN Wed Jun 10 00:04:27 UTC 2026 =====
[2026-06-10 00:04:28] 🚀 启动 OKX 稳定版 v1
[2026-06-10 00:04:28] ❌ 请设置环境变量 OKX_API_KEY, OKX_API_SECRET, OKX_API_PASSPHRASE
===== RUN Wed Jun 10 04:44:46 UTC 2026 =====
[2026-06-10 04:44:46] 🚀 启动 OKX 稳定版 v1
[2026-06-10 04:44:46] ❌ 请设置环境变量 OKX_API_KEY, OKX_API_SECRET, OKX_API_PASSPHRASE
===== RUN Wed Jun 10 08:40:07 UTC 2026 =====
[2026-06-10 08:40:08] 🚀 启动 OKX 稳定版 v1
[2026-06-10 08:40:08] ❌ 请设置环境变量 OKX_API_KEY, OKX_API_SECRET, OKX_API_PASSPHRASE
===== RUN Wed Jun 10 12:02:22 UTC 2026 =====
[2026-06-10 12:02:23] 🚀 启动 OKX 稳定版 v1
[2026-06-10 12:02:23] ❌ 请设置环境变量 OKX_API_KEY, OKX_API_SECRET, OKX_API_PASSPHRASE
===== RUN Wed Jun 10 16:04:27 UTC 2026 =====
[2026-06-10 16:04:30] 🚀 启动 OKX 稳定版 v1
[2026-06-10 16:04:30] ❌ 请设置环境变量 OKX_API_KEY, OKX_API_SECRET, OKX_API_PASSPHRASE
===== RUN Wed Jun 10 18:40:09 UTC 2026 =====
[2026-06-10 18:40:09] 🚀 启动 OKX 稳定版 v1
[2026-06-10 18:40:09] ❌ 请设置环境变量 OKX_API_KEY, OKX_API_SECRET, OKX_API_PASSPHRASE
===== RUN Wed Jun 10 21:16:42 UTC 2026 =====
[2026-06-10 21:16:44] 🚀 启动 OKX 稳定版 v1
[2026-06-10 21:16:44] ❌ 请设置环境变量 OKX_API_KEY, OKX_API_SECRET, OKX_API_PASSPHRASE
===== RUN Wed Jun 10 23:00:16 UTC 2026 =====
[2026-06-10 23:00:17] 🚀 启动 OKX 稳定版 v1
[2026-06-10 23:00:17] ❌ 请设置环境变量 OKX_API_KEY, OKX_API_SECRET, OKX_API_PASSPHRASE
===== RUN Thu Jun 11 01:34:44 UTC 2026 =====
[2026-06-11 01:34:44] 🚀 启动 OKX 稳定版 v1
[2026-06-11 01:34:44] ❌ 请设置环境变量 OKX_API_KEY, OKX_API_SECRET, OKX_API_PASSPHRASE
===== RUN Thu Jun 11 06:24:17 UTC 2026 =====
[2026-06-11 06:24:17] 🚀 启动 OKX 稳定版 v1
[2026-06-11 06:24:17] ❌ 请设置环境变量 OKX_API_KEY, OKX_API_SECRET, OKX_API_PASSPHRASE
===== RUN Thu Jun 11 11:10:47 UTC 2026 =====
[2026-06-11 11:10:48] 🚀 启动 OKX 稳定版 v1
[2026-06-11 11:10:48] ❌ 请设置环境变量 OKX_API_KEY, OKX_API_SECRET, OKX_API_PASSPHRASE
===== RUN Thu Jun 11 14:56:05 UTC 2026 =====
[2026-06-11 14:56:06] 🚀 启动 OKX 稳定版 v1
[2026-06-11 14:56:06] ❌ 请设置环境变量 OKX_API_KEY, OKX_API_SECRET, OKX_API_PASSPHRASE
===== RUN Thu Jun 11 18:22:50 UTC 2026 =====
[2026-06-11 18:22:50] 🚀 启动 OKX 稳定版 v1
[2026-06-11 18:22:50] ❌ 请设置环境变量 OKX_API_KEY, OKX_API_SECRET, OKX_API_PASSPHRASE
===== RUN Thu Jun 11 20:43:19 UTC 2026 =====
[2026-06-11 20:43:20] 🚀 启动 OKX 稳定版 v1
[2026-06-11 20:43:20] ❌ 请设置环境变量 OKX_API_KEY, OKX_API_SECRET, OKX_API_PASSPHRASE
===== RUN Thu Jun 11 22:31:07 UTC 2026 =====
[2026-06-11 22:31:08] 🚀 启动 OKX 稳定版 v1
[2026-06-11 22:31:08] ❌ 请设置环境变量 OKX_API_KEY, OKX_API_SECRET, OKX_API_PASSPHRASE
===== RUN Fri Jun 12 00:07:42 UTC 2026 =====
[2026-06-12 00:07:43] 🚀 启动 OKX 稳定版 v1
[2026-06-12 00:07:43] ❌ 请设置环境变量 OKX_API_KEY, OKX_API_SECRET, OKX_API_PASSPHRASE
===== RUN Fri Jun 12 05:03:05 UTC 2026 =====
[2026-06-12 05:03:06] 🚀 启动 OKX 稳定版 v1
[2026-06-12 05:03:06] ❌ 请设置环境变量 OKX_API_KEY, OKX_API_SECRET, OKX_API_PASSPHRASE
===== RUN Fri Jun 12 09:09:52 UTC 2026 =====
[2026-06-12 09:09:55] 🚀 启动 OKX 稳定版 v1
[2026-06-12 09:09:55] ❌ 请设置环境变量 OKX_API_KEY, OKX_API_SECRET, OKX_API_PASSPHRASE
===== RUN Fri Jun 12 12:32:25 UTC 2026 =====
[2026-06-12 12:32:27] 🚀 启动 OKX 稳定版 v1
[2026-06-12 12:32:27] ❌ 请设置环境变量 OKX_API_KEY, OKX_API_SECRET, OKX_API_PASSPHRASE
===== RUN Fri Jun 12 15:52:16 UTC 2026 =====
[2026-06-12 15:52:20] 🚀 启动 OKX 稳定版 v1
[2026-06-12 15:52:20] ❌ 请设置环境变量 OKX_API_KEY, OKX_API_SECRET, OKX_API_PASSPHRASE
===== RUN Fri Jun 12 18:05:39 UTC 2026 =====
[2026-06-12 18:05:41] 🚀 启动 OKX 稳定版 v1
[2026-06-12 18:05:41] ❌ 请设置环境变量 OKX_API_KEY, OKX_API_SECRET, OKX_API_PASSPHRASE
===== RUN Fri Jun 12 20:24:52 UTC 2026 =====
[2026-06-12 20:24:52] 🚀 启动 OKX 稳定版 v1
[2026-06-12 20:24:52] ❌ 请设置环境变量 OKX_API_KEY, OKX_API_SECRET, OKX_API_PASSPHRASE
===== RUN Fri Jun 12 22:08:30 UTC 2026 =====
[2026-06-12 22:08:30] 🚀 启动 OKX 稳定版 v1
[2026-06-12 22:08:30] ❌ 请设置环境变量 OKX_API_KEY, OKX_API_SECRET, OKX_API_PASSPHRASE
===== RUN Fri Jun 12 23:53:06 UTC 2026 =====
[2026-06-12 23:53:07] 🚀 启动 OKX 稳定版 v1
[2026-06-12 23:53:07] ❌ 请设置环境变量 OKX_API_KEY, OKX_API_SECRET, OKX_API_PASSPHRASE
===== RUN Sat Jun 13 03:35:46 UTC 2026 =====
[2026-06-13 03:35:47] 🚀 启动 OKX 稳定版 v1
[2026-06-13 03:35:47] ❌ 请设置环境变量 OKX_API_KEY, OKX_API_SECRET, OKX_API_PASSPHRASE
===== RUN Sat Jun 13 07:35:06 UTC 2026 =====
[2026-06-13 07:35:07] 🚀 启动 OKX 稳定版 v1
[2026-06-13 07:35:07] ❌ 请设置环境变量 OKX_API_KEY, OKX_API_SECRET, OKX_API_PASSPHRASE
===== RUN Sat Jun 13 10:16:09 UTC 2026 =====
[2026-06-13 10:16:09] 🚀 启动 OKX 稳定版 v1
[2026-06-13 10:16:09] ❌ 请设置环境变量 OKX_API_KEY, OKX_API_SECRET, OKX_API_PASSPHRASE
===== RUN Sat Jun 13 12:05:46 UTC 2026 =====
[2026-06-13 12:05:46] 🚀 启动 OKX 稳定版 v1
[2026-06-13 12:05:46] ❌ 请设置环境变量 OKX_API_KEY, OKX_API_SECRET, OKX_API_PASSPHRASE
===== RUN Sat Jun 13 14:23:54 UTC 2026 =====
[2026-06-13 14:23:54] 🚀 启动 OKX 稳定版 v1
[2026-06-13 14:23:54] ❌ 请设置环境变量 OKX_API_KEY, OKX_API_SECRET, OKX_API_PASSPHRASE
===== RUN Sat Jun 13 15:59:30 UTC 2026 =====
[2026-06-13 15:59:30] 🚀 启动 OKX 稳定版 v1
[2026-06-13 15:59:30] ❌ 请设置环境变量 OKX_API_KEY, OKX_API_SECRET, OKX_API_PASSPHRASE
===== RUN Sat Jun 13 17:40:55 UTC 2026 =====
[2026-06-13 17:40:55] 🚀 启动 OKX 稳定版 v1
[2026-06-13 17:40:55] ❌ 请设置环境变量 OKX_API_KEY, OKX_API_SECRET, OKX_API_PASSPHRASE
===== RUN Sat Jun 13 18:58:55 UTC 2026 =====
[2026-06-13 18:58:56] 🚀 启动 OKX 稳定版 v1
[2026-06-13 18:58:56] ❌ 请设置环境变量 OKX_API_KEY, OKX_API_SECRET, OKX_API_PASSPHRASE
===== RUN Sat Jun 13 20:23:26 UTC 2026 =====
[2026-06-13 20:23:27] 🚀 启动 OKX 稳定版 v1
[2026-06-13 20:23:27] ❌ 请设置环境变量 OKX_API_KEY, OKX_API_SECRET, OKX_API_PASSPHRASE
===== RUN Sat Jun 13 21:46:52 UTC 2026 =====
[2026-06-13 21:46:52] 🚀 启动 OKX 稳定版 v1
[2026-06-13 21:46:52] ❌ 请设置环境变量 OKX_API_KEY, OKX_API_SECRET, OKX_API_PASSPHRASE
===== RUN Sat Jun 13 22:50:01 UTC 2026 =====
[2026-06-13 22:50:01] 🚀 启动 OKX 稳定版 v1
[2026-06-13 22:50:01] ❌ 请设置环境变量 OKX_API_KEY, OKX_API_SECRET, OKX_API_PASSPHRASE
===== RUN Sun Jun 14 00:00:17 UTC 2026 =====
[2026-06-14 00:00:18] 🚀 启动 OKX 稳定版 v1
[2026-06-14 00:00:18] ❌ 请设置环境变量 OKX_API_KEY, OKX_API_SECRET, OKX_API_PASSPHRASE
===== RUN Sun Jun 14 05:02:18 UTC 2026 =====
[2026-06-14 05:02:18] 🚀 启动 OKX 稳定版 v1
[2026-06-14 05:02:18] ❌ 请设置环境变量 OKX_API_KEY, OKX_API_SECRET, OKX_API_PASSPHRASE
===== RUN Sun Jun 14 08:47:30 UTC 2026 =====
[2026-06-14 08:47:30] 🚀 启动 OKX 稳定版 v1
[2026-06-14 08:47:30] ❌ 请设置环境变量 OKX_API_KEY, OKX_API_SECRET, OKX_API_PASSPHRASE
===== RUN Sun Jun 14 11:20:36 UTC 2026 =====
[2026-06-14 11:20:36] 🚀 启动 OKX 稳定版 v1
[2026-06-14 11:20:36] ❌ 请设置环境变量 OKX_API_KEY, OKX_API_SECRET, OKX_API_PASSPHRASE
===== RUN Sun Jun 14 13:11:32 UTC 2026 =====
[2026-06-14 13:11:32] 🚀 启动 OKX 稳定版 v1
[2026-06-14 13:11:32] ❌ 请设置环境变量 OKX_API_KEY, OKX_API_SECRET, OKX_API_PASSPHRASE
===== RUN Sun Jun 14 15:19:54 UTC 2026 =====
[2026-06-14 15:19:54] 🚀 启动 OKX 稳定版 v1
[2026-06-14 15:19:54] ❌ 请设置环境变量 OKX_API_KEY, OKX_API_SECRET, OKX_API_PASSPHRASE
===== RUN Sun Jun 14 16:52:50 UTC 2026 =====
[2026-06-14 16:52:51] 🚀 启动 OKX 稳定版 v1
[2026-06-14 16:52:51] ❌ 请设置环境变量 OKX_API_KEY, OKX_API_SECRET, OKX_API_PASSPHRASE
===== RUN Sun Jun 14 18:13:29 UTC 2026 =====
[2026-06-14 18:13:30] 🚀 启动 OKX 稳定版 v1
[2026-06-14 18:13:30] ❌ 请设置环境变量 OKX_API_KEY, OKX_API_SECRET, OKX_API_PASSPHRASE
===== RUN Sun Jun 14 20:00:43 UTC 2026 =====
[2026-06-14 20:00:43] 🚀 启动 OKX 稳定版 v1
[2026-06-14 20:00:43] ❌ 请设置环境变量 OKX_API_KEY, OKX_API_SECRET, OKX_API_PASSPHRASE
===== RUN Sun Jun 14 21:23:41 UTC 2026 =====
[2026-06-14 21:23:41] 🚀 启动 OKX 稳定版 v1
[2026-06-14 21:23:41] ❌ 请设置环境变量 OKX_API_KEY, OKX_API_SECRET, OKX_API_PASSPHRASE
===== RUN Sun Jun 14 22:42:25 UTC 2026 =====
[2026-06-14 22:42:25] 🚀 启动 OKX 稳定版 v1
[2026-06-14 22:42:25] ❌ 请设置环境变量 OKX_API_KEY, OKX_API_SECRET, OKX_API_PASSPHRASE
===== RUN Sun Jun 14 23:54:43 UTC 2026 =====
[2026-06-14 23:54:44] 🚀 启动 OKX 稳定版 v1
[2026-06-14 23:54:44] ❌ 请设置环境变量 OKX_API_KEY, OKX_API_SECRET, OKX_API_PASSPHRASE
===== RUN Mon Jun 15 05:03:41 UTC 2026 =====
[2026-06-15 05:03:41] 🚀 启动 OKX 稳定版 v1
[2026-06-15 05:03:41] ❌ 请设置环境变量 OKX_API_KEY, OKX_API_SECRET, OKX_API_PASSPHRASE
===== RUN Mon Jun 15 11:21:18 UTC 2026 =====
[2026-06-15 11:21:18] 🚀 启动 OKX 稳定版 v1
[2026-06-15 11:21:18] ❌ 请设置环境变量 OKX_API_KEY, OKX_API_SECRET, OKX_API_PASSPHRASE
===== RUN Mon Jun 15 16:25:18 UTC 2026 =====
[2026-06-15 16:25:19] 🚀 启动 OKX 稳定版 v1
[2026-06-15 16:25:19] ❌ 请设置环境变量 OKX_API_KEY, OKX_API_SECRET, OKX_API_PASSPHRASE
===== RUN Mon Jun 15 20:03:16 UTC 2026 =====
[2026-06-15 20:03:16] 🚀 启动 OKX 稳定版 v1
[2026-06-15 20:03:16] ❌ 请设置环境变量 OKX_API_KEY, OKX_API_SECRET, OKX_API_PASSPHRASE
===== RUN Mon Jun 15 22:26:59 UTC 2026 =====
[2026-06-15 22:26:59] 🚀 启动 OKX 稳定版 v1
[2026-06-15 22:26:59] ❌ 请设置环境变量 OKX_API_KEY, OKX_API_SECRET, OKX_API_PASSPHRASE
===== RUN Tue Jun 16 00:13:45 UTC 2026 =====
[2026-06-16 00:13:46] 🚀 启动 OKX 稳定版 v1
[2026-06-16 00:13:46] ❌ 请设置环境变量 OKX_API_KEY, OKX_API_SECRET, OKX_API_PASSPHRASE
===== RUN Tue Jun 16 05:38:28 UTC 2026 =====
[2026-06-16 05:38:29] 🚀 启动 OKX 稳定版 v1
[2026-06-16 05:38:29] ❌ 请设置环境变量 OKX_API_KEY, OKX_API_SECRET, OKX_API_PASSPHRASE
===== RUN Tue Jun 16 10:31:26 UTC 2026 =====
[2026-06-16 10:31:26] 🚀 启动 OKX 稳定版 v1
[2026-06-16 10:31:26] ❌ 请设置环境变量 OKX_API_KEY, OKX_API_SECRET, OKX_API_PASSPHRASE
===== RUN Tue Jun 16 15:32:04 UTC 2026 =====
[2026-06-16 15:32:04] 🚀 启动 OKX 稳定版 v1
[2026-06-16 15:32:04] ❌ 请设置环境变量 OKX_API_KEY, OKX_API_SECRET, OKX_API_PASSPHRASE
===== RUN Tue Jun 16 19:05:20 UTC 2026 =====
[2026-06-16 19:05:21] 🚀 启动 OKX 稳定版 v1
[2026-06-16 19:05:21] ❌ 请设置环境变量 OKX_API_KEY, OKX_API_SECRET, OKX_API_PASSPHRASE
===== RUN Tue Jun 16 21:47:04 UTC 2026 =====
[2026-06-16 21:47:04] 🚀 启动 OKX 稳定版 v1
[2026-06-16 21:47:04] ❌ 请设置环境变量 OKX_API_KEY, OKX_API_SECRET, OKX_API_PASSPHRASE
===== RUN Tue Jun 16 23:14:44 UTC 2026 =====
[2026-06-16 23:14:45] 🚀 启动 OKX 稳定版 v1
[2026-06-16 23:14:45] ❌ 请设置环境变量 OKX_API_KEY, OKX_API_SECRET, OKX_API_PASSPHRASE
===== RUN Wed Jun 17 01:44:25 UTC 2026 =====
[2026-06-17 01:44:26] 🚀 启动 OKX 稳定版 v1
[2026-06-17 01:44:26] ❌ 请设置环境变量 OKX_API_KEY, OKX_API_SECRET, OKX_API_PASSPHRASE
===== RUN Wed Jun 17 06:54:21 UTC 2026 =====
[2026-06-17 06:54:21] 🚀 启动 OKX 稳定版 v1
[2026-06-17 06:54:21] ❌ 请设置环境变量 OKX_API_KEY, OKX_API_SECRET, OKX_API_PASSPHRASE
===== RUN Wed Jun 17 11:53:19 UTC 2026 =====
[2026-06-17 11:53:19] 🚀 启动 OKX 稳定版 v1
[2026-06-17 11:53:19] ❌ 请设置环境变量 OKX_API_KEY, OKX_API_SECRET, OKX_API_PASSPHRASE
===== RUN Wed Jun 17 15:36:48 UTC 2026 =====
[2026-06-17 15:36:48] 🚀 启动 OKX 稳定版 v1
[2026-06-17 15:36:48] ❌ 请设置环境变量 OKX_API_KEY, OKX_API_SECRET, OKX_API_PASSPHRASE
===== RUN Wed Jun 17 18:04:34 UTC 2026 =====
[2026-06-17 18:04:34] 🚀 启动 OKX 稳定版 v1
[2026-06-17 18:04:34] ❌ 请设置环境变量 OKX_API_KEY, OKX_API_SECRET, OKX_API_PASSPHRASE
===== RUN Wed Jun 17 20:28:28 UTC 2026 =====
[2026-06-17 20:28:29] 🚀 启动 OKX 稳定版 v1
[2026-06-17 20:28:29] ❌ 请设置环境变量 OKX_API_KEY, OKX_API_SECRET, OKX_API_PASSPHRASE
===== RUN Wed Jun 17 22:22:54 UTC 2026 =====
[2026-06-17 22:22:55] 🚀 启动 OKX 稳定版 v1
[2026-06-17 22:22:55] ❌ 请设置环境变量 OKX_API_KEY, OKX_API_SECRET, OKX_API_PASSPHRASE
===== RUN Wed Jun 17 23:56:37 UTC 2026 =====
[2026-06-17 23:56:38] 🚀 启动 OKX 稳定版 v1
[2026-06-17 23:56:38] ❌ 请设置环境变量 OKX_API_KEY, OKX_API_SECRET, OKX_API_PASSPHRASE
===== RUN Thu Jun 18 04:53:21 UTC 2026 =====
[2026-06-18 04:53:22] 🚀 启动 OKX 稳定版 v1
[2026-06-18 04:53:22] ❌ 请设置环境变量 OKX_API_KEY, OKX_API_SECRET, OKX_API_PASSPHRASE
===== RUN Thu Jun 18 09:15:39 UTC 2026 =====
[2026-06-18 09:15:39] 🚀 启动 OKX 稳定版 v1
[2026-06-18 09:15:39] ❌ 请设置环境变量 OKX_API_KEY, OKX_API_SECRET, OKX_API_PASSPHRASE
===== RUN Thu Jun 18 12:33:55 UTC 2026 =====
[2026-06-18 12:33:55] 🚀 启动 OKX 稳定版 v1
[2026-06-18 12:33:55] ❌ 请设置环境变量 OKX_API_KEY, OKX_API_SECRET, OKX_API_PASSPHRASE
===== RUN Thu Jun 18 16:04:48 UTC 2026 =====
[2026-06-18 16:04:49] 🚀 启动 OKX 稳定版 v1
[2026-06-18 16:04:49] ❌ 请设置环境变量 OKX_API_KEY, OKX_API_SECRET, OKX_API_PASSPHRASE
===== RUN Thu Jun 18 18:34:15 UTC 2026 =====
[2026-06-18 18:34:18] 🚀 启动 OKX 稳定版 v1
[2026-06-18 18:34:18] ❌ 请设置环境变量 OKX_API_KEY, OKX_API_SECRET, OKX_API_PASSPHRASE
===== RUN Thu Jun 18 21:10:31 UTC 2026 =====
[2026-06-18 21:10:32] 🚀 启动 OKX 稳定版 v1
[2026-06-18 21:10:32] ❌ 请设置环境变量 OKX_API_KEY, OKX_API_SECRET, OKX_API_PASSPHRASE
===== RUN Thu Jun 18 23:10:59 UTC 2026 =====
[2026-06-18 23:10:59] 🚀 启动 OKX 稳定版 v1
[2026-06-18 23:10:59] ❌ 请设置环境变量 OKX_API_KEY, OKX_API_SECRET, OKX_API_PASSPHRASE
===== RUN Fri Jun 19 02:06:57 UTC 2026 =====
[2026-06-19 02:06:58] 🚀 启动 OKX 稳定版 v1
[2026-06-19 02:06:58] ❌ 请设置环境变量 OKX_API_KEY, OKX_API_SECRET, OKX_API_PASSPHRASE
===== RUN Fri Jun 19 07:27:17 UTC 2026 =====
[2026-06-19 07:27:17] 🚀 启动 OKX 稳定版 v1
[2026-06-19 07:27:17] ❌ 请设置环境变量 OKX_API_KEY, OKX_API_SECRET, OKX_API_PASSPHRASE
===== RUN Fri Jun 19 11:50:24 UTC 2026 =====
[2026-06-19 11:50:24] 🚀 启动 OKX 稳定版 v1
[2026-06-19 11:50:24] ❌ 请设置环境变量 OKX_API_KEY, OKX_API_SECRET, OKX_API_PASSPHRASE
===== RUN Fri Jun 19 14:51:06 UTC 2026 =====
[2026-06-19 14:51:07] 🚀 启动 OKX 稳定版 v1
[2026-06-19 14:51:07] ❌ 请设置环境变量 OKX_API_KEY, OKX_API_SECRET, OKX_API_PASSPHRASE
===== RUN Fri Jun 19 17:16:15 UTC 2026 =====
[2026-06-19 17:16:16] 🚀 启动 OKX 稳定版 v1
[2026-06-19 17:16:16] ❌ 请设置环境变量 OKX_API_KEY, OKX_API_SECRET, OKX_API_PASSPHRASE
===== RUN Fri Jun 19 19:12:38 UTC 2026 =====
[2026-06-19 19:12:39] 🚀 启动 OKX 稳定版 v1
[2026-06-19 19:12:39] ❌ 请设置环境变量 OKX_API_KEY, OKX_API_SECRET, OKX_API_PASSPHRASE
===== RUN Fri Jun 19 20:48:35 UTC 2026 =====
[2026-06-19 20:48:36] 🚀 启动 OKX 稳定版 v1
[2026-06-19 20:48:36] ❌ 请设置环境变量 OKX_API_KEY, OKX_API_SECRET, OKX_API_PASSPHRASE
===== RUN Fri Jun 19 21:57:11 UTC 2026 =====
[2026-06-19 21:57:12] 🚀 启动 OKX 稳定版 v1
[2026-06-19 21:57:12] ❌ 请设置环境变量 OKX_API_KEY, OKX_API_SECRET, OKX_API_PASSPHRASE
===== RUN Fri Jun 19 23:08:31 UTC 2026 =====
[2026-06-19 23:08:31] 🚀 启动 OKX 稳定版 v1
[2026-06-19 23:08:31] ❌ 请设置环境变量 OKX_API_KEY, OKX_API_SECRET, OKX_API_PASSPHRASE
===== RUN Sat Jun 20 01:28:33 UTC 2026 =====
[2026-06-20 01:28:33] 🚀 启动 OKX 稳定版 v1
[2026-06-20 01:28:33] ❌ 请设置环境变量 OKX_API_KEY, OKX_API_SECRET, OKX_API_PASSPHRASE
===== RUN Sat Jun 20 05:59:24 UTC 2026 =====
[2026-06-20 05:59:24] 🚀 启动 OKX 稳定版 v1
[2026-06-20 05:59:24] ❌ 请设置环境变量 OKX_API_KEY, OKX_API_SECRET, OKX_API_PASSPHRASE
===== RUN Sat Jun 20 09:33:18 UTC 2026 =====
[2026-06-20 09:33:19] 🚀 启动 OKX 稳定版 v1
[2026-06-20 09:33:19] ❌ 请设置环境变量 OKX_API_KEY, OKX_API_SECRET, OKX_API_PASSPHRASE
===== RUN Sat Jun 20 11:32:52 UTC 2026 =====
[2026-06-20 11:32:52] 🚀 启动 OKX 稳定版 v1
[2026-06-20 11:32:52] ❌ 请设置环境变量 OKX_API_KEY, OKX_API_SECRET, OKX_API_PASSPHRASE
===== RUN Sat Jun 20 13:10:51 UTC 2026 =====
[2026-06-20 13:10:51] 🚀 启动 OKX 稳定版 v1
[2026-06-20 13:10:51] ❌ 请设置环境变量 OKX_API_KEY, OKX_API_SECRET, OKX_API_PASSPHRASE
===== RUN Sat Jun 20 15:16:00 UTC 2026 =====
[2026-06-20 15:16:01] 🚀 启动 OKX 稳定版 v1
[2026-06-20 15:16:01] ❌ 请设置环境变量 OKX_API_KEY, OKX_API_SECRET, OKX_API_PASSPHRASE
===== RUN Sat Jun 20 16:55:59 UTC 2026 =====
[2026-06-20 16:55:59] 🚀 启动 OKX 稳定版 v1
[2026-06-20 16:55:59] ❌ 请设置环境变量 OKX_API_KEY, OKX_API_SECRET, OKX_API_PASSPHRASE
===== RUN Sat Jun 20 18:20:13 UTC 2026 =====
[2026-06-20 18:20:13] 🚀 启动 OKX 稳定版 v1
[2026-06-20 18:20:13] ❌ 请设置环境变量 OKX_API_KEY, OKX_API_SECRET, OKX_API_PASSPHRASE
===== RUN Sat Jun 20 20:02:49 UTC 2026 =====
[2026-06-20 20:02:49] 🚀 启动 OKX 稳定版 v1
[2026-06-20 20:02:49] ❌ 请设置环境变量 OKX_API_KEY, OKX_API_SECRET, OKX_API_PASSPHRASE
===== RUN Sat Jun 20 21:38:04 UTC 2026 =====
[2026-06-20 21:38:05] 🚀 启动 OKX 稳定版 v1
[2026-06-20 21:38:05] ❌ 请设置环境变量 OKX_API_KEY, OKX_API_SECRET, OKX_API_PASSPHRASE
===== RUN Sat Jun 20 22:49:00 UTC 2026 =====
[2026-06-20 22:49:00] 🚀 启动 OKX 稳定版 v1
[2026-06-20 22:49:00] ❌ 请设置环境变量 OKX_API_KEY, OKX_API_SECRET, OKX_API_PASSPHRASE
===== RUN Sat Jun 20 23:58:34 UTC 2026 =====
[2026-06-20 23:58:35] 🚀 启动 OKX 稳定版 v1
[2026-06-20 23:58:35] ❌ 请设置环境变量 OKX_API_KEY, OKX_API_SECRET, OKX_API_PASSPHRASE
===== RUN Sun Jun 21 05:11:10 UTC 2026 =====
[2026-06-21 05:11:10] 🚀 启动 OKX 稳定版 v1
[2026-06-21 05:11:10] ❌ 请设置环境变量 OKX_API_KEY, OKX_API_SECRET, OKX_API_PASSPHRASE
===== RUN Sun Jun 21 09:03:30 UTC 2026 =====
[2026-06-21 09:03:32] 🚀 启动 OKX 稳定版 v1
[2026-06-21 09:03:32] ❌ 请设置环境变量 OKX_API_KEY, OKX_API_SECRET, OKX_API_PASSPHRASE
===== RUN Sun Jun 21 11:51:42 UTC 2026 =====
[2026-06-21 11:51:42] 🚀 启动 OKX 稳定版 v1
[2026-06-21 11:51:42] ❌ 请设置环境变量 OKX_API_KEY, OKX_API_SECRET, OKX_API_PASSPHRASE
===== RUN Sun Jun 21 14:05:10 UTC 2026 =====
[2026-06-21 14:05:11] 🚀 启动 OKX 稳定版 v1
[2026-06-21 14:05:11] ❌ 请设置环境变量 OKX_API_KEY, OKX_API_SECRET, OKX_API_PASSPHRASE
===== RUN Sun Jun 21 16:09:16 UTC 2026 =====
[2026-06-21 16:09:17] 🚀 启动 OKX 稳定版 v1
[2026-06-21 16:09:17] ❌ 请设置环境变量 OKX_API_KEY, OKX_API_SECRET, OKX_API_PASSPHRASE
===== RUN Sun Jun 21 17:53:15 UTC 2026 =====
[2026-06-21 17:53:15] 🚀 启动 OKX 稳定版 v1
[2026-06-21 17:53:15] ❌ 请设置环境变量 OKX_API_KEY, OKX_API_SECRET, OKX_API_PASSPHRASE
===== RUN Sun Jun 21 19:44:49 UTC 2026 =====
[2026-06-21 19:44:49] 🚀 启动 OKX 稳定版 v1
[2026-06-21 19:44:49] ❌ 请设置环境变量 OKX_API_KEY, OKX_API_SECRET, OKX_API_PASSPHRASE
===== RUN Sun Jun 21 20:59:41 UTC 2026 =====
[2026-06-21 20:59:41] 🚀 启动 OKX 稳定版 v1
[2026-06-21 20:59:41] ❌ 请设置环境变量 OKX_API_KEY, OKX_API_SECRET, OKX_API_PASSPHRASE
===== RUN Sun Jun 21 22:21:03 UTC 2026 =====
[2026-06-21 22:21:04] 🚀 启动 OKX 稳定版 v1
[2026-06-21 22:21:04] ❌ 请设置环境变量 OKX_API_KEY, OKX_API_SECRET, OKX_API_PASSPHRASE
===== RUN Sun Jun 21 23:49:34 UTC 2026 =====
[2026-06-21 23:49:34] 🚀 启动 OKX 稳定版 v1
[2026-06-21 23:49:34] ❌ 请设置环境变量 OKX_API_KEY, OKX_API_SECRET, OKX_API_PASSPHRASE
===== RUN Mon Jun 22 02:55:14 UTC 2026 =====
[2026-06-22 02:55:15] 🚀 启动 OKX 稳定版 v1
[2026-06-22 02:55:15] ❌ 请设置环境变量 OKX_API_KEY, OKX_API_SECRET, OKX_API_PASSPHRASE
===== RUN Mon Jun 22 09:16:56 UTC 2026 =====
[2026-06-22 09:16:57] 🚀 启动 OKX 稳定版 v1
[2026-06-22 09:16:57] ❌ 请设置环境变量 OKX_API_KEY, OKX_API_SECRET, OKX_API_PASSPHRASE
===== RUN Mon Jun 22 15:02:19 UTC 2026 =====
[2026-06-22 15:02:20] 🚀 启动 OKX 稳定版 v1
[2026-06-22 15:02:20] ❌ 请设置环境变量 OKX_API_KEY, OKX_API_SECRET, OKX_API_PASSPHRASE
===== RUN Mon Jun 22 18:52:34 UTC 2026 =====
[2026-06-22 18:52:35] 🚀 启动 OKX 稳定版 v1
[2026-06-22 18:52:35] ❌ 请设置环境变量 OKX_API_KEY, OKX_API_SECRET, OKX_API_PASSPHRASE
===== RUN Mon Jun 22 21:31:08 UTC 2026 =====
[2026-06-22 21:31:09] 🚀 启动 OKX 稳定版 v1
[2026-06-22 21:31:09] ❌ 请设置环境变量 OKX_API_KEY, OKX_API_SECRET, OKX_API_PASSPHRASE
===== RUN Mon Jun 22 23:05:04 UTC 2026 =====
[2026-06-22 23:05:05] 🚀 启动 OKX 稳定版 v1
[2026-06-22 23:05:05] ❌ 请设置环境变量 OKX_API_KEY, OKX_API_SECRET, OKX_API_PASSPHRASE
===== RUN Tue Jun 23 00:19:28 UTC 2026 =====
[2026-06-23 00:19:29] 🚀 启动 OKX 稳定版 v1
[2026-06-23 00:19:29] ❌ 请设置环境变量 OKX_API_KEY, OKX_API_SECRET, OKX_API_PASSPHRASE
===== RUN Tue Jun 23 04:37:14 UTC 2026 =====
[2026-06-23 04:37:15] 🚀 启动 OKX 稳定版 v1
[2026-06-23 04:37:15] ❌ 请设置环境变量 OKX_API_KEY, OKX_API_SECRET, OKX_API_PASSPHRASE
===== RUN Tue Jun 23 08:19:43 UTC 2026 =====
[2026-06-23 08:19:44] 🚀 启动 OKX 稳定版 v1
[2026-06-23 08:19:44] ❌ 请设置环境变量 OKX_API_KEY, OKX_API_SECRET, OKX_API_PASSPHRASE
===== RUN Tue Jun 23 11:36:25 UTC 2026 =====
[2026-06-23 11:36:26] 🚀 启动 OKX 稳定版 v1
[2026-06-23 11:36:26] ❌ 请设置环境变量 OKX_API_KEY, OKX_API_SECRET, OKX_API_PASSPHRASE
===== RUN Tue Jun 23 14:03:52 UTC 2026 =====
[2026-06-23 14:03:52] 🚀 启动 OKX 稳定版 v1
[2026-06-23 14:03:52] ❌ 请设置环境变量 OKX_API_KEY, OKX_API_SECRET, OKX_API_PASSPHRASE
===== RUN Tue Jun 23 16:39:07 UTC 2026 =====
[2026-06-23 16:39:08] 🚀 启动 OKX 稳定版 v1
[2026-06-23 16:39:08] ❌ 请设置环境变量 OKX_API_KEY, OKX_API_SECRET, OKX_API_PASSPHRASE
===== RUN Tue Jun 23 18:31:53 UTC 2026 =====
[2026-06-23 18:31:53] 🚀 启动 OKX 稳定版 v1
[2026-06-23 18:31:53] ❌ 请设置环境变量 OKX_API_KEY, OKX_API_SECRET, OKX_API_PASSPHRASE
===== RUN Tue Jun 23 20:37:44 UTC 2026 =====
[2026-06-23 20:37:44] 🚀 启动 OKX 稳定版 v1
[2026-06-23 20:37:44] ❌ 请设置环境变量 OKX_API_KEY, OKX_API_SECRET, OKX_API_PASSPHRASE
===== RUN Tue Jun 23 22:04:21 UTC 2026 =====
[2026-06-23 22:04:21] 🚀 启动 OKX 稳定版 v1
[2026-06-23 22:04:21] ❌ 请设置环境变量 OKX_API_KEY, OKX_API_SECRET, OKX_API_PASSPHRASE
===== RUN Tue Jun 23 23:20:27 UTC 2026 =====
[2026-06-23 23:20:27] 🚀 启动 OKX 稳定版 v1
[2026-06-23 23:20:27] ❌ 请设置环境变量 OKX_API_KEY, OKX_API_SECRET, OKX_API_PASSPHRASE
===== RUN Wed Jun 24 01:23:06 UTC 2026 =====
[2026-06-24 01:23:06] 🚀 启动 OKX 稳定版 v1
[2026-06-24 01:23:06] ❌ 请设置环境变量 OKX_API_KEY, OKX_API_SECRET, OKX_API_PASSPHRASE
===== RUN Wed Jun 24 05:38:44 UTC 2026 =====
[2026-06-24 05:38:45] 🚀 启动 OKX 稳定版 v1
[2026-06-24 05:38:45] ❌ 请设置环境变量 OKX_API_KEY, OKX_API_SECRET, OKX_API_PASSPHRASE
===== RUN Wed Jun 24 08:44:07 UTC 2026 =====
[2026-06-24 08:44:08] 🚀 启动 OKX 稳定版 v1
[2026-06-24 08:44:08] ❌ 请设置环境变量 OKX_API_KEY, OKX_API_SECRET, OKX_API_PASSPHRASE
===== RUN Wed Jun 24 11:33:22 UTC 2026 =====
[2026-06-24 11:33:23] 🚀 启动 OKX 稳定版 v1
[2026-06-24 11:33:23] ❌ 请设置环境变量 OKX_API_KEY, OKX_API_SECRET, OKX_API_PASSPHRASE
===== RUN Wed Jun 24 13:51:10 UTC 2026 =====
[2026-06-24 13:51:11] 🚀 启动 OKX 稳定版 v1
[2026-06-24 13:51:11] ❌ 请设置环境变量 OKX_API_KEY, OKX_API_SECRET, OKX_API_PASSPHRASE
===== RUN Wed Jun 24 16:14:58 UTC 2026 =====
[2026-06-24 16:14:59] 🚀 启动 OKX 稳定版 v1
[2026-06-24 16:14:59] ❌ 请设置环境变量 OKX_API_KEY, OKX_API_SECRET, OKX_API_PASSPHRASE
===== RUN Wed Jun 24 18:13:56 UTC 2026 =====
[2026-06-24 18:13:57] 🚀 启动 OKX 稳定版 v1
[2026-06-24 18:13:57] ❌ 请设置环境变量 OKX_API_KEY, OKX_API_SECRET, OKX_API_PASSPHRASE
===== RUN Wed Jun 24 20:13:32 UTC 2026 =====
[2026-06-24 20:13:33] 🚀 启动 OKX 稳定版 v1
[2026-06-24 20:13:33] ❌ 请设置环境变量 OKX_API_KEY, OKX_API_SECRET, OKX_API_PASSPHRASE
===== RUN Wed Jun 24 21:49:39 UTC 2026 =====
[2026-06-24 21:49:39] 🚀 启动 OKX 稳定版 v1
[2026-06-24 21:49:39] ❌ 请设置环境变量 OKX_API_KEY, OKX_API_SECRET, OKX_API_PASSPHRASE
===== RUN Wed Jun 24 22:59:17 UTC 2026 =====
[2026-06-24 22:59:18] 🚀 启动 OKX 稳定版 v1
[2026-06-24 22:59:18] ❌ 请设置环境变量 OKX_API_KEY, OKX_API_SECRET, OKX_API_PASSPHRASE
===== RUN Thu Jun 25 00:19:40 UTC 2026 =====
[2026-06-25 00:19:40] 🚀 启动 OKX 稳定版 v1
[2026-06-25 00:19:40] ❌ 请设置环境变量 OKX_API_KEY, OKX_API_SECRET, OKX_API_PASSPHRASE
===== RUN Thu Jun 25 04:40:17 UTC 2026 =====
[2026-06-25 04:40:17] 🚀 启动 OKX 稳定版 v1
[2026-06-25 04:40:17] ❌ 请设置环境变量 OKX_API_KEY, OKX_API_SECRET, OKX_API_PASSPHRASE
===== RUN Thu Jun 25 08:14:02 UTC 2026 =====
[2026-06-25 08:14:02] 🚀 启动 OKX 稳定版 v1
[2026-06-25 08:14:02] ❌ 请设置环境变量 OKX_API_KEY, OKX_API_SECRET, OKX_API_PASSPHRASE
===== RUN Thu Jun 25 11:09:40 UTC 2026 =====
[2026-06-25 11:09:40] 🚀 启动 OKX 稳定版 v1
[2026-06-25 11:09:40] ❌ 请设置环境变量 OKX_API_KEY, OKX_API_SECRET, OKX_API_PASSPHRASE
===== RUN Thu Jun 25 13:26:55 UTC 2026 =====
[2026-06-25 13:26:57] 🚀 启动 OKX 稳定版 v1
[2026-06-25 13:26:57] ❌ 请设置环境变量 OKX_API_KEY, OKX_API_SECRET, OKX_API_PASSPHRASE
===== RUN Thu Jun 25 16:04:18 UTC 2026 =====
[2026-06-25 16:04:19] 🚀 启动 OKX 稳定版 v1
[2026-06-25 16:04:19] ❌ 请设置环境变量 OKX_API_KEY, OKX_API_SECRET, OKX_API_PASSPHRASE
===== RUN Thu Jun 25 18:24:06 UTC 2026 =====
[2026-06-25 18:24:07] 🚀 启动 OKX 稳定版 v1
[2026-06-25 18:24:07] ❌ 请设置环境变量 OKX_API_KEY, OKX_API_SECRET, OKX_API_PASSPHRASE
===== RUN Thu Jun 25 20:31:44 UTC 2026 =====
[2026-06-25 20:31:44] 🚀 启动 OKX 稳定版 v1
[2026-06-25 20:31:44] ❌ 请设置环境变量 OKX_API_KEY, OKX_API_SECRET, OKX_API_PASSPHRASE
===== RUN Thu Jun 25 22:08:17 UTC 2026 =====
[2026-06-25 22:08:19] 🚀 启动 OKX 稳定版 v1
[2026-06-25 22:08:19] ❌ 请设置环境变量 OKX_API_KEY, OKX_API_SECRET, OKX_API_PASSPHRASE
===== RUN Thu Jun 25 23:45:48 UTC 2026 =====
[2026-06-25 23:45:49] 🚀 启动 OKX 稳定版 v1
[2026-06-25 23:45:49] ❌ 请设置环境变量 OKX_API_KEY, OKX_API_SECRET, OKX_API_PASSPHRASE
===== RUN Fri Jun 26 01:54:33 UTC 2026 =====
[2026-06-26 01:54:34] 🚀 启动 OKX 稳定版 v1
[2026-06-26 01:54:34] ❌ 请设置环境变量 OKX_API_KEY, OKX_API_SECRET, OKX_API_PASSPHRASE
===== RUN Fri Jun 26 06:16:04 UTC 2026 =====
[2026-06-26 06:16:04] 🚀 启动 OKX 稳定版 v1
[2026-06-26 06:16:04] ❌ 请设置环境变量 OKX_API_KEY, OKX_API_SECRET, OKX_API_PASSPHRASE
===== RUN Fri Jun 26 09:54:34 UTC 2026 =====
[2026-06-26 09:54:35] 🚀 启动 OKX 稳定版 v1
[2026-06-26 09:54:35] ❌ 请设置环境变量 OKX_API_KEY, OKX_API_SECRET, OKX_API_PASSPHRASE
===== RUN Fri Jun 26 12:15:49 UTC 2026 =====
[2026-06-26 12:15:49] 🚀 启动 OKX 稳定版 v1
[2026-06-26 12:15:49] ❌ 请设置环境变量 OKX_API_KEY, OKX_API_SECRET, OKX_API_PASSPHRASE
===== RUN Fri Jun 26 15:05:50 UTC 2026 =====
[2026-06-26 15:05:50] 🚀 启动 OKX 稳定版 v1
[2026-06-26 15:05:50] ❌ 请设置环境变量 OKX_API_KEY, OKX_API_SECRET, OKX_API_PASSPHRASE
===== RUN Fri Jun 26 17:06:41 UTC 2026 =====
[2026-06-26 17:06:41] 🚀 启动 OKX 稳定版 v1
[2026-06-26 17:06:41] ❌ 请设置环境变量 OKX_API_KEY, OKX_API_SECRET, OKX_API_PASSPHRASE
===== RUN Fri Jun 26 19:02:54 UTC 2026 =====
[2026-06-26 19:02:56] 🚀 启动 OKX 稳定版 v1
[2026-06-26 19:02:56] ❌ 请设置环境变量 OKX_API_KEY, OKX_API_SECRET, OKX_API_PASSPHRASE
===== RUN Fri Jun 26 20:52:05 UTC 2026 =====
[2026-06-26 20:52:05] 🚀 启动 OKX 稳定版 v1
[2026-06-26 20:52:05] ❌ 请设置环境变量 OKX_API_KEY, OKX_API_SECRET, OKX_API_PASSPHRASE
===== RUN Fri Jun 26 22:12:09 UTC 2026 =====
[2026-06-26 22:12:10] 🚀 启动 OKX 稳定版 v1
[2026-06-26 22:12:10] ❌ 请设置环境变量 OKX_API_KEY, OKX_API_SECRET, OKX_API_PASSPHRASE
===== RUN Fri Jun 26 23:36:06 UTC 2026 =====
[2026-06-26 23:36:07] 🚀 启动 OKX 稳定版 v1
[2026-06-26 23:36:07] ❌ 请设置环境变量 OKX_API_KEY, OKX_API_SECRET, OKX_API_PASSPHRASE
===== RUN Sat Jun 27 01:33:30 UTC 2026 =====
[2026-06-27 01:33:30] 🚀 启动 OKX 稳定版 v1
[2026-06-27 01:33:30] ❌ 请设置环境变量 OKX_API_KEY, OKX_API_SECRET, OKX_API_PASSPHRASE
===== RUN Sat Jun 27 05:37:04 UTC 2026 =====
[2026-06-27 05:37:04] 🚀 启动 OKX 稳定版 v1
[2026-06-27 05:37:04] ❌ 请设置环境变量 OKX_API_KEY, OKX_API_SECRET, OKX_API_PASSPHRASE
===== RUN Sat Jun 27 08:16:59 UTC 2026 =====
[2026-06-27 08:16:59] 🚀 启动 OKX 稳定版 v1
[2026-06-27 08:16:59] ❌ 请设置环境变量 OKX_API_KEY, OKX_API_SECRET, OKX_API_PASSPHRASE
===== RUN Sat Jun 27 10:28:53 UTC 2026 =====
[2026-06-27 10:28:53] 🚀 启动 OKX 稳定版 v1
[2026-06-27 10:28:53] ❌ 请设置环境变量 OKX_API_KEY, OKX_API_SECRET, OKX_API_PASSPHRASE
===== RUN Sat Jun 27 11:58:01 UTC 2026 =====
[2026-06-27 11:58:01] 🚀 启动 OKX 稳定版 v1
[2026-06-27 11:58:01] ❌ 请设置环境变量 OKX_API_KEY, OKX_API_SECRET, OKX_API_PASSPHRASE
===== RUN Sat Jun 27 14:01:30 UTC 2026 =====
[2026-06-27 14:01:30] 🚀 启动 OKX 稳定版 v1
[2026-06-27 14:01:30] ❌ 请设置环境变量 OKX_API_KEY, OKX_API_SECRET, OKX_API_PASSPHRASE
===== RUN Sat Jun 27 15:35:03 UTC 2026 =====
[2026-06-27 15:35:03] 🚀 启动 OKX 稳定版 v1
[2026-06-27 15:35:03] ❌ 请设置环境变量 OKX_API_KEY, OKX_API_SECRET, OKX_API_PASSPHRASE
===== RUN Sat Jun 27 16:44:32 UTC 2026 =====
[2026-06-27 16:44:32] 🚀 启动 OKX 稳定版 v1
[2026-06-27 16:44:32] ❌ 请设置环境变量 OKX_API_KEY, OKX_API_SECRET, OKX_API_PASSPHRASE
===== RUN Sat Jun 27 17:49:18 UTC 2026 =====
[2026-06-27 17:49:19] 🚀 启动 OKX 稳定版 v1
[2026-06-27 17:49:19] ❌ 请设置环境变量 OKX_API_KEY, OKX_API_SECRET, OKX_API_PASSPHRASE
===== RUN Sat Jun 27 19:05:05 UTC 2026 =====
[2026-06-27 19:05:05] 🚀 启动 OKX 稳定版 v1
[2026-06-27 19:05:05] ❌ 请设置环境变量 OKX_API_KEY, OKX_API_SECRET, OKX_API_PASSPHRASE
===== RUN Sat Jun 27 20:18:43 UTC 2026 =====
[2026-06-27 20:18:43] 🚀 启动 OKX 稳定版 v1
[2026-06-27 20:18:43] ❌ 请设置环境变量 OKX_API_KEY, OKX_API_SECRET, OKX_API_PASSPHRASE
===== RUN Sat Jun 27 21:35:06 UTC 2026 =====
[2026-06-27 21:35:07] 🚀 启动 OKX 稳定版 v1
[2026-06-27 21:35:07] ❌ 请设置环境变量 OKX_API_KEY, OKX_API_SECRET, OKX_API_PASSPHRASE
===== RUN Sat Jun 27 22:42:01 UTC 2026 =====
[2026-06-27 22:42:02] 🚀 启动 OKX 稳定版 v1
[2026-06-27 22:42:02] ❌ 请设置环境变量 OKX_API_KEY, OKX_API_SECRET, OKX_API_PASSPHRASE
===== RUN Sat Jun 27 23:43:57 UTC 2026 =====
[2026-06-27 23:43:57] 🚀 启动 OKX 稳定版 v1
[2026-06-27 23:43:57] ❌ 请设置环境变量 OKX_API_KEY, OKX_API_SECRET, OKX_API_PASSPHRASE
===== RUN Sun Jun 28 01:56:07 UTC 2026 =====
[2026-06-28 01:56:07] 🚀 启动 OKX 稳定版 v1
[2026-06-28 01:56:07] ❌ 请设置环境变量 OKX_API_KEY, OKX_API_SECRET, OKX_API_PASSPHRASE
===== RUN Sun Jun 28 06:33:43 UTC 2026 =====
[2026-06-28 06:33:44] 🚀 启动 OKX 稳定版 v1
[2026-06-28 06:33:44] ❌ 请设置环境变量 OKX_API_KEY, OKX_API_SECRET, OKX_API_PASSPHRASE
===== RUN Sun Jun 28 09:45:34 UTC 2026 =====
[2026-06-28 09:45:34] 🚀 启动 OKX 稳定版 v1
[2026-06-28 09:45:34] ❌ 请设置环境变量 OKX_API_KEY, OKX_API_SECRET, OKX_API_PASSPHRASE
===== RUN Sun Jun 28 11:27:34 UTC 2026 =====
[2026-06-28 11:27:34] 🚀 启动 OKX 稳定版 v1
[2026-06-28 11:27:34] ❌ 请设置环境变量 OKX_API_KEY, OKX_API_SECRET, OKX_API_PASSPHRASE
===== RUN Sun Jun 28 13:02:08 UTC 2026 =====
[2026-06-28 13:02:08] 🚀 启动 OKX 稳定版 v1
[2026-06-28 13:02:08] ❌ 请设置环境变量 OKX_API_KEY, OKX_API_SECRET, OKX_API_PASSPHRASE
===== RUN Sun Jun 28 14:55:07 UTC 2026 =====
[2026-06-28 14:55:07] 🚀 启动 OKX 稳定版 v1
[2026-06-28 14:55:07] ❌ 请设置环境变量 OKX_API_KEY, OKX_API_SECRET, OKX_API_PASSPHRASE
===== RUN Sun Jun 28 16:18:35 UTC 2026 =====
[2026-06-28 16:18:35] 🚀 启动 OKX 稳定版 v1
[2026-06-28 16:18:35] ❌ 请设置环境变量 OKX_API_KEY, OKX_API_SECRET, OKX_API_PASSPHRASE
===== RUN Sun Jun 28 17:41:05 UTC 2026 =====
[2026-06-28 17:41:06] 🚀 启动 OKX 稳定版 v1
[2026-06-28 17:41:06] ❌ 请设置环境变量 OKX_API_KEY, OKX_API_SECRET, OKX_API_PASSPHRASE
===== RUN Sun Jun 28 18:52:49 UTC 2026 =====
[2026-06-28 18:52:49] 🚀 启动 OKX 稳定版 v1
[2026-06-28 18:52:49] ❌ 请设置环境变量 OKX_API_KEY, OKX_API_SECRET, OKX_API_PASSPHRASE
===== RUN Sun Jun 28 20:14:11 UTC 2026 =====
[2026-06-28 20:14:11] 🚀 启动 OKX 稳定版 v1
[2026-06-28 20:14:11] ❌ 请设置环境变量 OKX_API_KEY, OKX_API_SECRET, OKX_API_PASSPHRASE
===== RUN Sun Jun 28 21:32:01 UTC 2026 =====
[2026-06-28 21:32:02] 🚀 启动 OKX 稳定版 v1
[2026-06-28 21:32:02] ❌ 请设置环境变量 OKX_API_KEY, OKX_API_SECRET, OKX_API_PASSPHRASE
===== RUN Sun Jun 28 22:40:44 UTC 2026 =====
[2026-06-28 22:40:45] 🚀 启动 OKX 稳定版 v1
[2026-06-28 22:40:45] ❌ 请设置环境变量 OKX_API_KEY, OKX_API_SECRET, OKX_API_PASSPHRASE
===== RUN Sun Jun 28 23:49:00 UTC 2026 =====
[2026-06-28 23:49:00] 🚀 启动 OKX 稳定版 v1
[2026-06-28 23:49:00] ❌ 请设置环境变量 OKX_API_KEY, OKX_API_SECRET, OKX_API_PASSPHRASE
===== RUN Mon Jun 29 02:32:54 UTC 2026 =====
[2026-06-29 02:32:55] 🚀 启动 OKX 稳定版 v1
[2026-06-29 02:32:55] ❌ 请设置环境变量 OKX_API_KEY, OKX_API_SECRET, OKX_API_PASSPHRASE
===== RUN Mon Jun 29 07:14:03 UTC 2026 =====
[2026-06-29 07:14:04] 🚀 启动 OKX 稳定版 v1
[2026-06-29 07:14:04] ❌ 请设置环境变量 OKX_API_KEY, OKX_API_SECRET, OKX_API_PASSPHRASE
===== RUN Mon Jun 29 12:12:11 UTC 2026 =====
[2026-06-29 12:12:11] 🚀 启动 OKX 稳定版 v1
[2026-06-29 12:12:11] ❌ 请设置环境变量 OKX_API_KEY, OKX_API_SECRET, OKX_API_PASSPHRASE
===== RUN Mon Jun 29 16:12:41 UTC 2026 =====
[2026-06-29 16:12:41] 🚀 启动 OKX 稳定版 v1
[2026-06-29 16:12:41] ❌ 请设置环境变量 OKX_API_KEY, OKX_API_SECRET, OKX_API_PASSPHRASE
===== RUN Mon Jun 29 18:26:12 UTC 2026 =====
[2026-06-29 18:26:12] 🚀 启动 OKX 稳定版 v1
[2026-06-29 18:26:12] ❌ 请设置环境变量 OKX_API_KEY, OKX_API_SECRET, OKX_API_PASSPHRASE
===== RUN Mon Jun 29 20:27:19 UTC 2026 =====
[2026-06-29 20:27:20] 🚀 启动 OKX 稳定版 v1
[2026-06-29 20:27:20] ❌ 请设置环境变量 OKX_API_KEY, OKX_API_SECRET, OKX_API_PASSPHRASE
===== RUN Mon Jun 29 21:55:03 UTC 2026 =====
[2026-06-29 21:55:03] 🚀 启动 OKX 稳定版 v1
[2026-06-29 21:55:03] ❌ 请设置环境变量 OKX_API_KEY, OKX_API_SECRET, OKX_API_PASSPHRASE
===== RUN Mon Jun 29 23:03:56 UTC 2026 =====
[2026-06-29 23:03:57] 🚀 启动 OKX 稳定版 v1
[2026-06-29 23:03:57] ❌ 请设置环境变量 OKX_API_KEY, OKX_API_SECRET, OKX_API_PASSPHRASE
===== RUN Tue Jun 30 00:17:15 UTC 2026 =====
[2026-06-30 00:17:15] 🚀 启动 OKX 稳定版 v1
[2026-06-30 00:17:15] ❌ 请设置环境变量 OKX_API_KEY, OKX_API_SECRET, OKX_API_PASSPHRASE
===== RUN Tue Jun 30 04:39:09 UTC 2026 =====
[2026-06-30 04:39:09] 🚀 启动 OKX 稳定版 v1
[2026-06-30 04:39:09] ❌ 请设置环境变量 OKX_API_KEY, OKX_API_SECRET, OKX_API_PASSPHRASE
===== RUN Tue Jun 30 08:21:42 UTC 2026 =====
[2026-06-30 08:21:43] 🚀 启动 OKX 稳定版 v1
[2026-06-30 08:21:43] ❌ 请设置环境变量 OKX_API_KEY, OKX_API_SECRET, OKX_API_PASSPHRASE
===== RUN Tue Jun 30 11:26:22 UTC 2026 =====
[2026-06-30 11:26:23] 🚀 启动 OKX 稳定版 v1
[2026-06-30 11:26:23] ❌ 请设置环境变量 OKX_API_KEY, OKX_API_SECRET, OKX_API_PASSPHRASE
===== RUN Tue Jun 30 13:24:39 UTC 2026 =====
[2026-06-30 13:24:40] 🚀 启动 OKX 稳定版 v1
[2026-06-30 13:24:40] ❌ 请设置环境变量 OKX_API_KEY, OKX_API_SECRET, OKX_API_PASSPHRASE
===== RUN Tue Jun 30 16:10:42 UTC 2026 =====
[2026-06-30 16:10:42] 🚀 启动 OKX 稳定版 v1
[2026-06-30 16:10:42] ❌ 请设置环境变量 OKX_API_KEY, OKX_API_SECRET, OKX_API_PASSPHRASE
===== RUN Tue Jun 30 18:15:49 UTC 2026 =====
[2026-06-30 18:15:49] 🚀 启动 OKX 稳定版 v1
[2026-06-30 18:15:49] ❌ 请设置环境变量 OKX_API_KEY, OKX_API_SECRET, OKX_API_PASSPHRASE
===== RUN Tue Jun 30 20:23:42 UTC 2026 =====
[2026-06-30 20:23:43] 🚀 启动 OKX 稳定版 v1
[2026-06-30 20:23:43] ❌ 请设置环境变量 OKX_API_KEY, OKX_API_SECRET, OKX_API_PASSPHRASE
===== RUN Tue Jun 30 21:56:38 UTC 2026 =====
[2026-06-30 21:56:38] 🚀 启动 OKX 稳定版 v1
[2026-06-30 21:56:38] ❌ 请设置环境变量 OKX_API_KEY, OKX_API_SECRET, OKX_API_PASSPHRASE
===== RUN Tue Jun 30 23:21:13 UTC 2026 =====
[2026-06-30 23:21:14] 🚀 启动 OKX 稳定版 v1
[2026-06-30 23:21:14] ❌ 请设置环境变量 OKX_API_KEY, OKX_API_SECRET, OKX_API_PASSPHRASE
===== RUN Wed Jul  1 01:38:24 UTC 2026 =====
[2026-07-01 01:38:25] 🚀 启动 OKX 稳定版 v1
[2026-07-01 01:38:25] ❌ 请设置环境变量 OKX_API_KEY, OKX_API_SECRET, OKX_API_PASSPHRASE
===== RUN Wed Jul  1 06:11:20 UTC 2026 =====
[2026-07-01 06:11:21] 🚀 启动 OKX 稳定版 v1
[2026-07-01 06:11:21] ❌ 请设置环境变量 OKX_API_KEY, OKX_API_SECRET, OKX_API_PASSPHRASE
===== RUN Wed Jul  1 10:16:32 UTC 2026 =====
[2026-07-01 10:16:32] 🚀 启动 OKX 稳定版 v1
[2026-07-01 10:16:32] ❌ 请设置环境变量 OKX_API_KEY, OKX_API_SECRET, OKX_API_PASSPHRASE
===== RUN Wed Jul  1 13:14:11 UTC 2026 =====
[2026-07-01 13:14:11] 🚀 启动 OKX 稳定版 v1
[2026-07-01 13:14:11] ❌ 请设置环境变量 OKX_API_KEY, OKX_API_SECRET, OKX_API_PASSPHRASE
===== RUN Wed Jul  1 15:58:38 UTC 2026 =====
[2026-07-01 15:58:38] 🚀 启动 OKX 稳定版 v1
[2026-07-01 15:58:38] ❌ 请设置环境变量 OKX_API_KEY, OKX_API_SECRET, OKX_API_PASSPHRASE
===== RUN Wed Jul  1 18:06:57 UTC 2026 =====
[2026-07-01 18:06:58] 🚀 启动 OKX 稳定版 v1
[2026-07-01 18:06:58] ❌ 请设置环境变量 OKX_API_KEY, OKX_API_SECRET, OKX_API_PASSPHRASE
===== RUN Wed Jul  1 20:13:47 UTC 2026 =====
[2026-07-01 20:13:48] 🚀 启动 OKX 稳定版 v1
[2026-07-01 20:13:48] ❌ 请设置环境变量 OKX_API_KEY, OKX_API_SECRET, OKX_API_PASSPHRASE
===== RUN Wed Jul  1 21:52:36 UTC 2026 =====
[2026-07-01 21:52:36] 🚀 启动 OKX 稳定版 v1
[2026-07-01 21:52:36] ❌ 请设置环境变量 OKX_API_KEY, OKX_API_SECRET, OKX_API_PASSPHRASE
===== RUN Wed Jul  1 23:15:22 UTC 2026 =====
[2026-07-01 23:15:22] 🚀 启动 OKX 稳定版 v1
[2026-07-01 23:15:22] ❌ 请设置环境变量 OKX_API_KEY, OKX_API_SECRET, OKX_API_PASSPHRASE
===== RUN Thu Jul  2 01:27:28 UTC 2026 =====
[2026-07-02 01:27:29] 🚀 启动 OKX 稳定版 v1
[2026-07-02 01:27:29] ❌ 请设置环境变量 OKX_API_KEY, OKX_API_SECRET, OKX_API_PASSPHRASE
===== RUN Thu Jul  2 05:37:23 UTC 2026 =====
[2026-07-02 05:37:24] 🚀 启动 OKX 稳定版 v1
[2026-07-02 05:37:24] ❌ 请设置环境变量 OKX_API_KEY, OKX_API_SECRET, OKX_API_PASSPHRASE
===== RUN Thu Jul  2 08:33:18 UTC 2026 =====
[2026-07-02 08:33:18] 🚀 启动 OKX 稳定版 v1
[2026-07-02 08:33:18] ❌ 请设置环境变量 OKX_API_KEY, OKX_API_SECRET, OKX_API_PASSPHRASE
===== RUN Thu Jul  2 11:16:36 UTC 2026 =====
[2026-07-02 11:16:37] 🚀 启动 OKX 稳定版 v1
[2026-07-02 11:16:37] ❌ 请设置环境变量 OKX_API_KEY, OKX_API_SECRET, OKX_API_PASSPHRASE
===== RUN Thu Jul  2 13:12:25 UTC 2026 =====
[2026-07-02 13:12:26] 🚀 启动 OKX 稳定版 v1
[2026-07-02 13:12:26] ❌ 请设置环境变量 OKX_API_KEY, OKX_API_SECRET, OKX_API_PASSPHRASE
===== RUN Thu Jul  2 15:34:19 UTC 2026 =====
[2026-07-02 15:34:20] 🚀 启动 OKX 稳定版 v1
[2026-07-02 15:34:20] ❌ 请设置环境变量 OKX_API_KEY, OKX_API_SECRET, OKX_API_PASSPHRASE
===== RUN Thu Jul  2 17:16:29 UTC 2026 =====
[2026-07-02 17:16:29] 🚀 启动 OKX 稳定版 v1
[2026-07-02 17:16:29] ❌ 请设置环境变量 OKX_API_KEY, OKX_API_SECRET, OKX_API_PASSPHRASE
===== RUN Thu Jul  2 18:52:48 UTC 2026 =====
[2026-07-02 18:52:49] 🚀 启动 OKX 稳定版 v1
[2026-07-02 18:52:49] ❌ 请设置环境变量 OKX_API_KEY, OKX_API_SECRET, OKX_API_PASSPHRASE
===== RUN Thu Jul  2 20:18:17 UTC 2026 =====
[2026-07-02 20:18:17] 🚀 启动 OKX 稳定版 v1
[2026-07-02 20:18:17] ❌ 请设置环境变量 OKX_API_KEY, OKX_API_SECRET, OKX_API_PASSPHRASE
===== RUN Thu Jul  2 21:39:36 UTC 2026 =====
[2026-07-02 21:39:37] 🚀 启动 OKX 稳定版 v1
[2026-07-02 21:39:37] ❌ 请设置环境变量 OKX_API_KEY, OKX_API_SECRET, OKX_API_PASSPHRASE
===== RUN Thu Jul  2 22:47:31 UTC 2026 =====
[2026-07-02 22:47:32] 🚀 启动 OKX 稳定版 v1
[2026-07-02 22:47:32] ❌ 请设置环境变量 OKX_API_KEY, OKX_API_SECRET, OKX_API_PASSPHRASE
===== RUN Thu Jul  2 23:51:12 UTC 2026 =====
[2026-07-02 23:51:13] 🚀 启动 OKX 稳定版 v1
[2026-07-02 23:51:13] ❌ 请设置环境变量 OKX_API_KEY, OKX_API_SECRET, OKX_API_PASSPHRASE
===== RUN Fri Jul  3 02:35:34 UTC 2026 =====
[2026-07-03 02:35:35] 🚀 启动 OKX 稳定版 v1
[2026-07-03 02:35:35] ❌ 请设置环境变量 OKX_API_KEY, OKX_API_SECRET, OKX_API_PASSPHRASE
===== RUN Fri Jul  3 06:16:53 UTC 2026 =====
[2026-07-03 06:16:53] 🚀 启动 OKX 稳定版 v1
[2026-07-03 06:16:53] ❌ 请设置环境变量 OKX_API_KEY, OKX_API_SECRET, OKX_API_PASSPHRASE
===== RUN Fri Jul  3 09:38:40 UTC 2026 =====
[2026-07-03 09:38:41] 🚀 启动 OKX 稳定版 v1
[2026-07-03 09:38:41] ❌ 请设置环境变量 OKX_API_KEY, OKX_API_SECRET, OKX_API_PASSPHRASE
===== RUN Fri Jul  3 11:55:25 UTC 2026 =====
[2026-07-03 11:55:26] 🚀 启动 OKX 稳定版 v1
[2026-07-03 11:55:26] ❌ 请设置环境变量 OKX_API_KEY, OKX_API_SECRET, OKX_API_PASSPHRASE
===== RUN Fri Jul  3 14:26:10 UTC 2026 =====
[2026-07-03 14:26:10] 🚀 启动 OKX 稳定版 v1
[2026-07-03 14:26:10] ❌ 请设置环境变量 OKX_API_KEY, OKX_API_SECRET, OKX_API_PASSPHRASE
===== RUN Fri Jul  3 16:07:53 UTC 2026 =====
[2026-07-03 16:07:53] 🚀 启动 OKX 稳定版 v1
[2026-07-03 16:07:53] ❌ 请设置环境变量 OKX_API_KEY, OKX_API_SECRET, OKX_API_PASSPHRASE
===== RUN Fri Jul  3 17:47:22 UTC 2026 =====
[2026-07-03 17:47:23] 🚀 启动 OKX 稳定版 v1
[2026-07-03 17:47:23] ❌ 请设置环境变量 OKX_API_KEY, OKX_API_SECRET, OKX_API_PASSPHRASE
===== RUN Fri Jul  3 18:54:47 UTC 2026 =====
[2026-07-03 18:54:48] 🚀 启动 OKX 稳定版 v1
[2026-07-03 18:54:48] ❌ 请设置环境变量 OKX_API_KEY, OKX_API_SECRET, OKX_API_PASSPHRASE
===== RUN Fri Jul  3 20:17:54 UTC 2026 =====
[2026-07-03 20:17:55] 🚀 启动 OKX 稳定版 v1
[2026-07-03 20:17:55] ❌ 请设置环境变量 OKX_API_KEY, OKX_API_SECRET, OKX_API_PASSPHRASE
===== RUN Fri Jul  3 21:36:12 UTC 2026 =====
[2026-07-03 21:36:12] 🚀 启动 OKX 稳定版 v1
[2026-07-03 21:36:12] ❌ 请设置环境变量 OKX_API_KEY, OKX_API_SECRET, OKX_API_PASSPHRASE
===== RUN Fri Jul  3 22:41:20 UTC 2026 =====
[2026-07-03 22:41:20] 🚀 启动 OKX 稳定版 v1
[2026-07-03 22:41:20] ❌ 请设置环境变量 OKX_API_KEY, OKX_API_SECRET, OKX_API_PASSPHRASE
===== RUN Fri Jul  3 23:46:18 UTC 2026 =====
[2026-07-03 23:46:18] 🚀 启动 OKX 稳定版 v1
[2026-07-03 23:46:18] ❌ 请设置环境变量 OKX_API_KEY, OKX_API_SECRET, OKX_API_PASSPHRASE
===== RUN Sat Jul  4 01:21:51 UTC 2026 =====
[2026-07-04 01:21:51] 🚀 启动 OKX 稳定版 v1
[2026-07-04 01:21:51] ❌ 请设置环境变量 OKX_API_KEY, OKX_API_SECRET, OKX_API_PASSPHRASE
===== RUN Sat Jul  4 05:07:31 UTC 2026 =====
[2026-07-04 05:07:32] 🚀 启动 OKX 稳定版 v1
[2026-07-04 05:07:32] ❌ 请设置环境变量 OKX_API_KEY, OKX_API_SECRET, OKX_API_PASSPHRASE
===== RUN Sat Jul  4 08:05:00 UTC 2026 =====
[2026-07-04 08:05:01] 🚀 启动 OKX 稳定版 v1
[2026-07-04 08:05:01] ❌ 请设置环境变量 OKX_API_KEY, OKX_API_SECRET, OKX_API_PASSPHRASE
===== RUN Sat Jul  4 10:23:35 UTC 2026 =====
[2026-07-04 10:23:35] 🚀 启动 OKX 稳定版 v1
[2026-07-04 10:23:35] ❌ 请设置环境变量 OKX_API_KEY, OKX_API_SECRET, OKX_API_PASSPHRASE
===== RUN Sat Jul  4 11:52:09 UTC 2026 =====
[2026-07-04 11:52:09] 🚀 启动 OKX 稳定版 v1
[2026-07-04 11:52:09] ❌ 请设置环境变量 OKX_API_KEY, OKX_API_SECRET, OKX_API_PASSPHRASE
===== RUN Sat Jul  4 13:22:34 UTC 2026 =====
[2026-07-04 13:22:34] 🚀 启动 OKX 稳定版 v1
[2026-07-04 13:22:34] ❌ 请设置环境变量 OKX_API_KEY, OKX_API_SECRET, OKX_API_PASSPHRASE
===== RUN Sat Jul  4 14:49:18 UTC 2026 =====
[2026-07-04 14:49:18] 🚀 启动 OKX 稳定版 v1
[2026-07-04 14:49:18] ❌ 请设置环境变量 OKX_API_KEY, OKX_API_SECRET, OKX_API_PASSPHRASE
===== RUN Sat Jul  4 15:54:55 UTC 2026 =====
[2026-07-04 15:54:55] 🚀 启动 OKX 稳定版 v1
[2026-07-04 15:54:55] ❌ 请设置环境变量 OKX_API_KEY, OKX_API_SECRET, OKX_API_PASSPHRASE
===== RUN Sat Jul  4 17:13:07 UTC 2026 =====
[2026-07-04 17:13:08] 🚀 启动 OKX 稳定版 v1
[2026-07-04 17:13:08] ❌ 请设置环境变量 OKX_API_KEY, OKX_API_SECRET, OKX_API_PASSPHRASE
===== RUN Sat Jul  4 18:15:09 UTC 2026 =====
[2026-07-04 18:15:10] 🚀 启动 OKX 稳定版 v1
[2026-07-04 18:15:10] ❌ 请设置环境变量 OKX_API_KEY, OKX_API_SECRET, OKX_API_PASSPHRASE
===== RUN Sat Jul  4 19:40:54 UTC 2026 =====
[2026-07-04 19:40:54] 🚀 启动 OKX 稳定版 v1
[2026-07-04 19:40:54] ❌ 请设置环境变量 OKX_API_KEY, OKX_API_SECRET, OKX_API_PASSPHRASE
===== RUN Sat Jul  4 20:36:15 UTC 2026 =====
[2026-07-04 20:36:16] 🚀 启动 OKX 稳定版 v1
[2026-07-04 20:36:16] ❌ 请设置环境变量 OKX_API_KEY, OKX_API_SECRET, OKX_API_PASSPHRASE
===== RUN Sat Jul  4 21:39:23 UTC 2026 =====
[2026-07-04 21:39:23] 🚀 启动 OKX 稳定版 v1
[2026-07-04 21:39:23] ❌ 请设置环境变量 OKX_API_KEY, OKX_API_SECRET, OKX_API_PASSPHRASE
===== RUN Sat Jul  4 22:40:21 UTC 2026 =====
[2026-07-04 22:40:21] 🚀 启动 OKX 稳定版 v1
[2026-07-04 22:40:21] ❌ 请设置环境变量 OKX_API_KEY, OKX_API_SECRET, OKX_API_PASSPHRASE
===== RUN Sat Jul  4 23:45:10 UTC 2026 =====
[2026-07-04 23:45:10] 🚀 启动 OKX 稳定版 v1
[2026-07-04 23:45:10] ❌ 请设置环境变量 OKX_API_KEY, OKX_API_SECRET, OKX_API_PASSPHRASE
===== RUN Sun Jul  5 01:27:49 UTC 2026 =====
[2026-07-05 01:27:49] 🚀 启动 OKX 稳定版 v1
[2026-07-05 01:27:49] ❌ 请设置环境变量 OKX_API_KEY, OKX_API_SECRET, OKX_API_PASSPHRASE
===== RUN Sun Jul  5 05:45:25 UTC 2026 =====
[2026-07-05 05:45:25] 🚀 启动 OKX 稳定版 v1
[2026-07-05 05:45:25] ❌ 请设置环境变量 OKX_API_KEY, OKX_API_SECRET, OKX_API_PASSPHRASE
===== RUN Sun Jul  5 08:33:07 UTC 2026 =====
[2026-07-05 08:33:08] 🚀 启动 OKX 稳定版 v1
[2026-07-05 08:33:08] ❌ 请设置环境变量 OKX_API_KEY, OKX_API_SECRET, OKX_API_PASSPHRASE
===== RUN Sun Jul  5 10:49:52 UTC 2026 =====
[2026-07-05 10:49:53] 🚀 启动 OKX 稳定版 v1
[2026-07-05 10:49:53] ❌ 请设置环境变量 OKX_API_KEY, OKX_API_SECRET, OKX_API_PASSPHRASE
===== RUN Sun Jul  5 12:10:34 UTC 2026 =====
[2026-07-05 12:10:34] 🚀 启动 OKX 稳定版 v1
[2026-07-05 12:10:34] ❌ 请设置环境变量 OKX_API_KEY, OKX_API_SECRET, OKX_API_PASSPHRASE
===== RUN Sun Jul  5 14:11:02 UTC 2026 =====
[2026-07-05 14:11:02] 🚀 启动 OKX 稳定版 v1
[2026-07-05 14:11:02] ❌ 请设置环境变量 OKX_API_KEY, OKX_API_SECRET, OKX_API_PASSPHRASE
===== RUN Sun Jul  5 15:39:30 UTC 2026 =====
[2026-07-05 15:39:31] 🚀 启动 OKX 稳定版 v1
[2026-07-05 15:39:31] ❌ 请设置环境变量 OKX_API_KEY, OKX_API_SECRET, OKX_API_PASSPHRASE
===== RUN Sun Jul  5 16:45:25 UTC 2026 =====
[2026-07-05 16:45:26] 🚀 启动 OKX 稳定版 v1
[2026-07-05 16:45:26] ❌ 请设置环境变量 OKX_API_KEY, OKX_API_SECRET, OKX_API_PASSPHRASE
===== RUN Sun Jul  5 17:51:46 UTC 2026 =====
[2026-07-05 17:51:46] 🚀 启动 OKX 稳定版 v1
[2026-07-05 17:51:46] ❌ 请设置环境变量 OKX_API_KEY, OKX_API_SECRET, OKX_API_PASSPHRASE
===== RUN Sun Jul  5 19:13:56 UTC 2026 =====
[2026-07-05 19:13:57] 🚀 启动 OKX 稳定版 v1
[2026-07-05 19:13:57] ❌ 请设置环境变量 OKX_API_KEY, OKX_API_SECRET, OKX_API_PASSPHRASE
===== RUN Sun Jul  5 20:32:20 UTC 2026 =====
[2026-07-05 20:32:20] 🚀 启动 OKX 稳定版 v1
[2026-07-05 20:32:20] ❌ 请设置环境变量 OKX_API_KEY, OKX_API_SECRET, OKX_API_PASSPHRASE
===== RUN Sun Jul  5 21:38:12 UTC 2026 =====
[2026-07-05 21:38:12] 🚀 启动 OKX 稳定版 v1
[2026-07-05 21:38:12] ❌ 请设置环境变量 OKX_API_KEY, OKX_API_SECRET, OKX_API_PASSPHRASE
===== RUN Sun Jul  5 22:40:17 UTC 2026 =====
[2026-07-05 22:40:17] 🚀 启动 OKX 稳定版 v1
[2026-07-05 22:40:17] ❌ 请设置环境变量 OKX_API_KEY, OKX_API_SECRET, OKX_API_PASSPHRASE
===== RUN Sun Jul  5 23:46:31 UTC 2026 =====
[2026-07-05 23:46:32] 🚀 启动 OKX 稳定版 v1
[2026-07-05 23:46:32] ❌ 请设置环境变量 OKX_API_KEY, OKX_API_SECRET, OKX_API_PASSPHRASE
===== RUN Mon Jul  6 01:28:51 UTC 2026 =====
[2026-07-06 01:28:52] 🚀 启动 OKX 稳定版 v1
[2026-07-06 01:28:52] ❌ 请设置环境变量 OKX_API_KEY, OKX_API_SECRET, OKX_API_PASSPHRASE
===== RUN Mon Jul  6 06:07:56 UTC 2026 =====
[2026-07-06 06:07:56] 🚀 启动 OKX 稳定版 v1
[2026-07-06 06:07:56] ❌ 请设置环境变量 OKX_API_KEY, OKX_API_SECRET, OKX_API_PASSPHRASE
===== RUN Mon Jul  6 11:02:56 UTC 2026 =====
[2026-07-06 11:02:57] 🚀 启动 OKX 稳定版 v1
[2026-07-06 11:02:57] ❌ 请设置环境变量 OKX_API_KEY, OKX_API_SECRET, OKX_API_PASSPHRASE
===== RUN Mon Jul  6 14:34:21 UTC 2026 =====
[2026-07-06 14:34:23] 🚀 启动 OKX 稳定版 v1
[2026-07-06 14:34:23] ❌ 请设置环境变量 OKX_API_KEY, OKX_API_SECRET, OKX_API_PASSPHRASE
===== RUN Mon Jul  6 17:26:05 UTC 2026 =====
[2026-07-06 17:26:05] 🚀 启动 OKX 稳定版 v1
[2026-07-06 17:26:05] ❌ 请设置环境变量 OKX_API_KEY, OKX_API_SECRET, OKX_API_PASSPHRASE
===== RUN Mon Jul  6 19:18:52 UTC 2026 =====
[2026-07-06 19:18:52] 🚀 启动 OKX 稳定版 v1
[2026-07-06 19:18:52] ❌ 请设置环境变量 OKX_API_KEY, OKX_API_SECRET, OKX_API_PASSPHRASE
===== RUN Mon Jul  6 21:07:21 UTC 2026 =====
[2026-07-06 21:07:21] 🚀 启动 OKX 稳定版 v1
[2026-07-06 21:07:21] ❌ 请设置环境变量 OKX_API_KEY, OKX_API_SECRET, OKX_API_PASSPHRASE
===== RUN Mon Jul  6 22:37:21 UTC 2026 =====
[2026-07-06 22:37:21] 🚀 启动 OKX 稳定版 v1
[2026-07-06 22:37:21] ❌ 请设置环境变量 OKX_API_KEY, OKX_API_SECRET, OKX_API_PASSPHRASE
===== RUN Mon Jul  6 23:45:08 UTC 2026 =====
[2026-07-06 23:45:08] 🚀 启动 OKX 稳定版 v1
[2026-07-06 23:45:08] ❌ 请设置环境变量 OKX_API_KEY, OKX_API_SECRET, OKX_API_PASSPHRASE
===== RUN Tue Jul  7 01:28:18 UTC 2026 =====
[2026-07-07 01:28:19] 🚀 启动 OKX 稳定版 v1
[2026-07-07 01:28:19] ❌ 请设置环境变量 OKX_API_KEY, OKX_API_SECRET, OKX_API_PASSPHRASE
===== RUN Tue Jul  7 05:47:51 UTC 2026 =====
[2026-07-07 05:47:51] 🚀 启动 OKX 稳定版 v1
[2026-07-07 05:47:51] ❌ 请设置环境变量 OKX_API_KEY, OKX_API_SECRET, OKX_API_PASSPHRASE
===== RUN Tue Jul  7 09:00:23 UTC 2026 =====
[2026-07-07 09:00:23] 🚀 启动 OKX 稳定版 v1
[2026-07-07 09:00:23] ❌ 请设置环境变量 OKX_API_KEY, OKX_API_SECRET, OKX_API_PASSPHRASE
===== RUN Tue Jul  7 12:07:17 UTC 2026 =====
[2026-07-07 12:07:17] 🚀 启动 OKX 稳定版 v1
[2026-07-07 12:07:17] ❌ 请设置环境变量 OKX_API_KEY, OKX_API_SECRET, OKX_API_PASSPHRASE
===== RUN Tue Jul  7 15:13:42 UTC 2026 =====
[2026-07-07 15:13:43] 🚀 启动 OKX 稳定版 v1
[2026-07-07 15:13:43] ❌ 请设置环境变量 OKX_API_KEY, OKX_API_SECRET, OKX_API_PASSPHRASE
===== RUN Tue Jul  7 17:27:48 UTC 2026 =====
[2026-07-07 17:27:49] 🚀 启动 OKX 稳定版 v1
[2026-07-07 17:27:49] ❌ 请设置环境变量 OKX_API_KEY, OKX_API_SECRET, OKX_API_PASSPHRASE
===== RUN Tue Jul  7 19:22:23 UTC 2026 =====
[2026-07-07 19:22:23] 🚀 启动 OKX 稳定版 v1
[2026-07-07 19:22:23] ❌ 请设置环境变量 OKX_API_KEY, OKX_API_SECRET, OKX_API_PASSPHRASE
===== RUN Tue Jul  7 21:05:23 UTC 2026 =====
[2026-07-07 21:05:23] 🚀 启动 OKX 稳定版 v1
[2026-07-07 21:05:23] ❌ 请设置环境变量 OKX_API_KEY, OKX_API_SECRET, OKX_API_PASSPHRASE
===== RUN Tue Jul  7 22:21:59 UTC 2026 =====
[2026-07-07 22:21:59] 🚀 启动 OKX 稳定版 v1
[2026-07-07 22:21:59] ❌ 请设置环境变量 OKX_API_KEY, OKX_API_SECRET, OKX_API_PASSPHRASE
===== RUN Tue Jul  7 23:28:54 UTC 2026 =====
[2026-07-07 23:28:54] 🚀 启动 OKX 稳定版 v1
[2026-07-07 23:28:54] ❌ 请设置环境变量 OKX_API_KEY, OKX_API_SECRET, OKX_API_PASSPHRASE
===== RUN Wed Jul  8 01:05:01 UTC 2026 =====
[2026-07-08 01:05:02] 🚀 启动 OKX 稳定版 v1
[2026-07-08 01:05:02] ❌ 请设置环境变量 OKX_API_KEY, OKX_API_SECRET, OKX_API_PASSPHRASE
===== RUN Wed Jul  8 04:29:54 UTC 2026 =====
[2026-07-08 04:29:54] 🚀 启动 OKX 稳定版 v1
[2026-07-08 04:29:54] ❌ 请设置环境变量 OKX_API_KEY, OKX_API_SECRET, OKX_API_PASSPHRASE
===== RUN Wed Jul  8 07:10:10 UTC 2026 =====
[2026-07-08 07:10:10] 🚀 启动 OKX 稳定版 v1
[2026-07-08 07:10:10] ❌ 请设置环境变量 OKX_API_KEY, OKX_API_SECRET, OKX_API_PASSPHRASE
===== RUN Wed Jul  8 09:38:36 UTC 2026 =====
[2026-07-08 09:38:36] 🚀 启动 OKX 稳定版 v1
[2026-07-08 09:38:36] ❌ 请设置环境变量 OKX_API_KEY, OKX_API_SECRET, OKX_API_PASSPHRASE
===== RUN Wed Jul  8 11:30:58 UTC 2026 =====
[2026-07-08 11:30:58] 🚀 启动 OKX 稳定版 v1
[2026-07-08 11:30:58] ❌ 请设置环境变量 OKX_API_KEY, OKX_API_SECRET, OKX_API_PASSPHRASE
===== RUN Wed Jul  8 13:13:04 UTC 2026 =====
[2026-07-08 13:13:05] 🚀 启动 OKX 稳定版 v1
[2026-07-08 13:13:05] ❌ 请设置环境变量 OKX_API_KEY, OKX_API_SECRET, OKX_API_PASSPHRASE
===== RUN Wed Jul  8 15:37:03 UTC 2026 =====
[2026-07-08 15:37:03] 🚀 启动 OKX 稳定版 v1
[2026-07-08 15:37:03] ❌ 请设置环境变量 OKX_API_KEY, OKX_API_SECRET, OKX_API_PASSPHRASE
===== RUN Wed Jul  8 17:07:54 UTC 2026 =====
[2026-07-08 17:07:55] 🚀 启动 OKX 稳定版 v1
[2026-07-08 17:07:55] ❌ 请设置环境变量 OKX_API_KEY, OKX_API_SECRET, OKX_API_PASSPHRASE
===== RUN Wed Jul  8 18:45:18 UTC 2026 =====
[2026-07-08 18:45:18] 🚀 启动 OKX 稳定版 v1
[2026-07-08 18:45:18] ❌ 请设置环境变量 OKX_API_KEY, OKX_API_SECRET, OKX_API_PASSPHRASE
===== RUN Wed Jul  8 20:13:42 UTC 2026 =====
[2026-07-08 20:13:42] 🚀 启动 OKX 稳定版 v1
[2026-07-08 20:13:42] ❌ 请设置环境变量 OKX_API_KEY, OKX_API_SECRET, OKX_API_PASSPHRASE
===== RUN Wed Jul  8 21:33:42 UTC 2026 =====
[2026-07-08 21:33:42] 🚀 启动 OKX 稳定版 v1
[2026-07-08 21:33:42] ❌ 请设置环境变量 OKX_API_KEY, OKX_API_SECRET, OKX_API_PASSPHRASE
===== RUN Wed Jul  8 22:40:33 UTC 2026 =====
[2026-07-08 22:40:34] 🚀 启动 OKX 稳定版 v1
[2026-07-08 22:40:34] ❌ 请设置环境变量 OKX_API_KEY, OKX_API_SECRET, OKX_API_PASSPHRASE
===== RUN Wed Jul  8 23:48:46 UTC 2026 =====
[2026-07-08 23:48:46] 🚀 启动 OKX 稳定版 v1
[2026-07-08 23:48:46] ❌ 请设置环境变量 OKX_API_KEY, OKX_API_SECRET, OKX_API_PASSPHRASE
===== RUN Thu Jul  9 01:53:18 UTC 2026 =====
[2026-07-09 01:53:18] 🚀 启动 OKX 稳定版 v1
[2026-07-09 01:53:18] ❌ 请设置环境变量 OKX_API_KEY, OKX_API_SECRET, OKX_API_PASSPHRASE
===== RUN Thu Jul  9 06:07:01 UTC 2026 =====
[2026-07-09 06:07:02] 🚀 启动 OKX 稳定版 v1
[2026-07-09 06:07:02] ❌ 请设置环境变量 OKX_API_KEY, OKX_API_SECRET, OKX_API_PASSPHRASE
===== RUN Thu Jul  9 10:01:32 UTC 2026 =====
[2026-07-09 10:01:32] 🚀 启动 OKX 稳定版 v1
[2026-07-09 10:01:32] ❌ 请设置环境变量 OKX_API_KEY, OKX_API_SECRET, OKX_API_PASSPHRASE
===== RUN Thu Jul  9 12:37:20 UTC 2026 =====
[2026-07-09 12:37:21] 🚀 启动 OKX 稳定版 v1
[2026-07-09 12:37:21] ❌ 请设置环境变量 OKX_API_KEY, OKX_API_SECRET, OKX_API_PASSPHRASE
===== RUN Thu Jul  9 15:46:31 UTC 2026 =====
[2026-07-09 15:46:31] 🚀 启动 OKX 稳定版 v1
[2026-07-09 15:46:31] ❌ 请设置环境变量 OKX_API_KEY, OKX_API_SECRET, OKX_API_PASSPHRASE
===== RUN Thu Jul  9 17:43:14 UTC 2026 =====
[2026-07-09 17:43:14] 🚀 启动 OKX 稳定版 v1
[2026-07-09 17:43:14] ❌ 请设置环境变量 OKX_API_KEY, OKX_API_SECRET, OKX_API_PASSPHRASE
===== RUN Thu Jul  9 19:12:58 UTC 2026 =====
[2026-07-09 19:12:58] 🚀 启动 OKX 稳定版 v1
[2026-07-09 19:12:58] ❌ 请设置环境变量 OKX_API_KEY, OKX_API_SECRET, OKX_API_PASSPHRASE
===== RUN Thu Jul  9 20:57:33 UTC 2026 =====
[2026-07-09 20:57:33] 🚀 启动 OKX 稳定版 v1
[2026-07-09 20:57:33] ❌ 请设置环境变量 OKX_API_KEY, OKX_API_SECRET, OKX_API_PASSPHRASE
===== RUN Thu Jul  9 22:39:49 UTC 2026 =====
[2026-07-09 22:39:49] 🚀 启动 OKX 稳定版 v1
[2026-07-09 22:39:49] ❌ 请设置环境变量 OKX_API_KEY, OKX_API_SECRET, OKX_API_PASSPHRASE
===== RUN Thu Jul  9 23:51:44 UTC 2026 =====
[2026-07-09 23:51:44] 🚀 启动 OKX 稳定版 v1
[2026-07-09 23:51:44] ❌ 请设置环境变量 OKX_API_KEY, OKX_API_SECRET, OKX_API_PASSPHRASE
===== RUN Fri Jul 10 02:48:52 UTC 2026 =====
[2026-07-10 02:48:52] 🚀 启动 OKX 稳定版 v1
[2026-07-10 02:48:52] ❌ 请设置环境变量 OKX_API_KEY, OKX_API_SECRET, OKX_API_PASSPHRASE
===== RUN Fri Jul 10 06:32:05 UTC 2026 =====
[2026-07-10 06:32:05] 🚀 启动 OKX 稳定版 v1
[2026-07-10 06:32:05] ❌ 请设置环境变量 OKX_API_KEY, OKX_API_SECRET, OKX_API_PASSPHRASE
===== RUN Fri Jul 10 10:03:04 UTC 2026 =====
[2026-07-10 10:03:05] 🚀 启动 OKX 稳定版 v1
[2026-07-10 10:03:05] ❌ 请设置环境变量 OKX_API_KEY, OKX_API_SECRET, OKX_API_PASSPHRASE
===== RUN Fri Jul 10 12:35:19 UTC 2026 =====
[2026-07-10 12:35:20] 🚀 启动 OKX 稳定版 v1
[2026-07-10 12:35:20] ❌ 请设置环境变量 OKX_API_KEY, OKX_API_SECRET, OKX_API_PASSPHRASE
===== RUN Fri Jul 10 15:18:27 UTC 2026 =====
[2026-07-10 15:18:28] 🚀 启动 OKX 稳定版 v1
[2026-07-10 15:18:28] ❌ 请设置环境变量 OKX_API_KEY, OKX_API_SECRET, OKX_API_PASSPHRASE
===== RUN Fri Jul 10 17:13:50 UTC 2026 =====
[2026-07-10 17:13:50] 🚀 启动 OKX 稳定版 v1
[2026-07-10 17:13:50] ❌ 请设置环境变量 OKX_API_KEY, OKX_API_SECRET, OKX_API_PASSPHRASE
===== RUN Fri Jul 10 18:50:27 UTC 2026 =====
[2026-07-10 18:50:27] 🚀 启动 OKX 稳定版 v1
[2026-07-10 18:50:27] ❌ 请设置环境变量 OKX_API_KEY, OKX_API_SECRET, OKX_API_PASSPHRASE
===== RUN Fri Jul 10 20:17:29 UTC 2026 =====
[2026-07-10 20:17:30] 🚀 启动 OKX 稳定版 v1
[2026-07-10 20:17:30] ❌ 请设置环境变量 OKX_API_KEY, OKX_API_SECRET, OKX_API_PASSPHRASE
===== RUN Fri Jul 10 21:30:41 UTC 2026 =====
[2026-07-10 21:30:41] 🚀 启动 OKX 稳定版 v1
[2026-07-10 21:30:41] ❌ 请设置环境变量 OKX_API_KEY, OKX_API_SECRET, OKX_API_PASSPHRASE
===== RUN Fri Jul 10 22:36:33 UTC 2026 =====
[2026-07-10 22:36:33] 🚀 启动 OKX 稳定版 v1
[2026-07-10 22:36:33] ❌ 请设置环境变量 OKX_API_KEY, OKX_API_SECRET, OKX_API_PASSPHRASE
===== RUN Fri Jul 10 23:38:03 UTC 2026 =====
[2026-07-10 23:38:03] 🚀 启动 OKX 稳定版 v1
[2026-07-10 23:38:03] ❌ 请设置环境变量 OKX_API_KEY, OKX_API_SECRET, OKX_API_PASSPHRASE
===== RUN Sat Jul 11 01:08:58 UTC 2026 =====
[2026-07-11 01:08:59] 🚀 启动 OKX 稳定版 v1
[2026-07-11 01:08:59] ❌ 请设置环境变量 OKX_API_KEY, OKX_API_SECRET, OKX_API_PASSPHRASE
===== RUN Sat Jul 11 04:29:07 UTC 2026 =====
[2026-07-11 04:29:08] 🚀 启动 OKX 稳定版 v1
[2026-07-11 04:29:08] ❌ 请设置环境变量 OKX_API_KEY, OKX_API_SECRET, OKX_API_PASSPHRASE
===== RUN Sat Jul 11 06:39:18 UTC 2026 =====
[2026-07-11 06:39:18] 🚀 启动 OKX 稳定版 v1
[2026-07-11 06:39:18] ❌ 请设置环境变量 OKX_API_KEY, OKX_API_SECRET, OKX_API_PASSPHRASE
===== RUN Sat Jul 11 08:29:30 UTC 2026 =====
[2026-07-11 08:29:30] 🚀 启动 OKX 稳定版 v1
[2026-07-11 08:29:30] ❌ 请设置环境变量 OKX_API_KEY, OKX_API_SECRET, OKX_API_PASSPHRASE
===== RUN Sat Jul 11 10:04:23 UTC 2026 =====
[2026-07-11 10:04:23] 🚀 启动 OKX 稳定版 v1
[2026-07-11 10:04:23] ❌ 请设置环境变量 OKX_API_KEY, OKX_API_SECRET, OKX_API_PASSPHRASE
===== RUN Sat Jul 11 11:17:48 UTC 2026 =====
[2026-07-11 11:17:48] 🚀 启动 OKX 稳定版 v1
[2026-07-11 11:17:48] ❌ 请设置环境变量 OKX_API_KEY, OKX_API_SECRET, OKX_API_PASSPHRASE
===== RUN Sat Jul 11 12:10:30 UTC 2026 =====
[2026-07-11 12:10:30] 🚀 启动 OKX 稳定版 v1
[2026-07-11 12:10:30] ❌ 请设置环境变量 OKX_API_KEY, OKX_API_SECRET, OKX_API_PASSPHRASE
===== RUN Sat Jul 11 13:56:39 UTC 2026 =====
[2026-07-11 13:56:39] 🚀 启动 OKX 稳定版 v1
[2026-07-11 13:56:39] ❌ 请设置环境变量 OKX_API_KEY, OKX_API_SECRET, OKX_API_PASSPHRASE
===== RUN Sat Jul 11 15:04:33 UTC 2026 =====
[2026-07-11 15:04:33] 🚀 启动 OKX 稳定版 v1
[2026-07-11 15:04:33] ❌ 请设置环境变量 OKX_API_KEY, OKX_API_SECRET, OKX_API_PASSPHRASE
===== RUN Sat Jul 11 16:07:41 UTC 2026 =====
[2026-07-11 16:07:41] 🚀 启动 OKX 稳定版 v1
[2026-07-11 16:07:41] ❌ 请设置环境变量 OKX_API_KEY, OKX_API_SECRET, OKX_API_PASSPHRASE
===== RUN Sat Jul 11 17:15:33 UTC 2026 =====
[2026-07-11 17:15:33] 🚀 启动 OKX 稳定版 v1
[2026-07-11 17:15:33] ❌ 请设置环境变量 OKX_API_KEY, OKX_API_SECRET, OKX_API_PASSPHRASE
===== RUN Sat Jul 11 18:11:18 UTC 2026 =====
[2026-07-11 18:11:18] 🚀 启动 OKX 稳定版 v1
[2026-07-11 18:11:18] ❌ 请设置环境变量 OKX_API_KEY, OKX_API_SECRET, OKX_API_PASSPHRASE
===== RUN Sat Jul 11 19:34:24 UTC 2026 =====
[2026-07-11 19:34:25] 🚀 启动 OKX 稳定版 v1
[2026-07-11 19:34:25] ❌ 请设置环境变量 OKX_API_KEY, OKX_API_SECRET, OKX_API_PASSPHRASE
===== RUN Sat Jul 11 20:27:19 UTC 2026 =====
[2026-07-11 20:27:19] 🚀 启动 OKX 稳定版 v1
[2026-07-11 20:27:19] ❌ 请设置环境变量 OKX_API_KEY, OKX_API_SECRET, OKX_API_PASSPHRASE
===== RUN Sat Jul 11 21:26:06 UTC 2026 =====
[2026-07-11 21:26:06] 🚀 启动 OKX 稳定版 v1
[2026-07-11 21:26:06] ❌ 请设置环境变量 OKX_API_KEY, OKX_API_SECRET, OKX_API_PASSPHRASE
===== RUN Sat Jul 11 22:25:41 UTC 2026 =====
[2026-07-11 22:25:41] 🚀 启动 OKX 稳定版 v1
[2026-07-11 22:25:41] ❌ 请设置环境变量 OKX_API_KEY, OKX_API_SECRET, OKX_API_PASSPHRASE
===== RUN Sat Jul 11 23:30:33 UTC 2026 =====
[2026-07-11 23:30:34] 🚀 启动 OKX 稳定版 v1
[2026-07-11 23:30:34] ❌ 请设置环境变量 OKX_API_KEY, OKX_API_SECRET, OKX_API_PASSPHRASE
===== RUN Sun Jul 12 01:09:44 UTC 2026 =====
[2026-07-12 01:09:44] 🚀 启动 OKX 稳定版 v1
[2026-07-12 01:09:44] ❌ 请设置环境变量 OKX_API_KEY, OKX_API_SECRET, OKX_API_PASSPHRASE
===== RUN Sun Jul 12 04:41:29 UTC 2026 =====
[2026-07-12 04:41:29] 🚀 启动 OKX 稳定版 v1
[2026-07-12 04:41:29] ❌ 请设置环境变量 OKX_API_KEY, OKX_API_SECRET, OKX_API_PASSPHRASE
===== RUN Sun Jul 12 07:17:50 UTC 2026 =====
[2026-07-12 07:17:50] 🚀 启动 OKX 稳定版 v1
[2026-07-12 07:17:50] ❌ 请设置环境变量 OKX_API_KEY, OKX_API_SECRET, OKX_API_PASSPHRASE
===== RUN Sun Jul 12 09:22:19 UTC 2026 =====
[2026-07-12 09:22:19] 🚀 启动 OKX 稳定版 v1
[2026-07-12 09:22:19] ❌ 请设置环境变量 OKX_API_KEY, OKX_API_SECRET, OKX_API_PASSPHRASE
===== RUN Sun Jul 12 10:52:36 UTC 2026 =====
[2026-07-12 10:52:36] 🚀 启动 OKX 稳定版 v1
[2026-07-12 10:52:36] ❌ 请设置环境变量 OKX_API_KEY, OKX_API_SECRET, OKX_API_PASSPHRASE
===== RUN Sun Jul 12 11:59:36 UTC 2026 =====
[2026-07-12 11:59:37] 🚀 启动 OKX 稳定版 v1
[2026-07-12 11:59:37] ❌ 请设置环境变量 OKX_API_KEY, OKX_API_SECRET, OKX_API_PASSPHRASE
===== RUN Sun Jul 12 13:49:14 UTC 2026 =====
[2026-07-12 13:49:15] 🚀 启动 OKX 稳定版 v1
[2026-07-12 13:49:15] ❌ 请设置环境变量 OKX_API_KEY, OKX_API_SECRET, OKX_API_PASSPHRASE
===== RUN Sun Jul 12 14:47:08 UTC 2026 =====
[2026-07-12 14:47:08] 🚀 启动 OKX 稳定版 v1
[2026-07-12 14:47:08] ❌ 请设置环境变量 OKX_API_KEY, OKX_API_SECRET, OKX_API_PASSPHRASE
===== RUN Sun Jul 12 15:44:00 UTC 2026 =====
[2026-07-12 15:44:00] 🚀 启动 OKX 稳定版 v1
[2026-07-12 15:44:00] ❌ 请设置环境变量 OKX_API_KEY, OKX_API_SECRET, OKX_API_PASSPHRASE
===== RUN Sun Jul 12 16:39:18 UTC 2026 =====
[2026-07-12 16:39:18] 🚀 启动 OKX 稳定版 v1
[2026-07-12 16:39:18] ❌ 请设置环境变量 OKX_API_KEY, OKX_API_SECRET, OKX_API_PASSPHRASE
===== RUN Sun Jul 12 17:44:00 UTC 2026 =====
[2026-07-12 17:44:00] 🚀 启动 OKX 稳定版 v1
[2026-07-12 17:44:00] ❌ 请设置环境变量 OKX_API_KEY, OKX_API_SECRET, OKX_API_PASSPHRASE
===== RUN Sun Jul 12 18:40:45 UTC 2026 =====
[2026-07-12 18:40:45] 🚀 启动 OKX 稳定版 v1
[2026-07-12 18:40:45] ❌ 请设置环境变量 OKX_API_KEY, OKX_API_SECRET, OKX_API_PASSPHRASE
===== RUN Sun Jul 12 19:54:59 UTC 2026 =====
[2026-07-12 19:54:59] 🚀 启动 OKX 稳定版 v1
[2026-07-12 19:54:59] ❌ 请设置环境变量 OKX_API_KEY, OKX_API_SECRET, OKX_API_PASSPHRASE
===== RUN Sun Jul 12 20:58:00 UTC 2026 =====
[2026-07-12 20:58:00] 🚀 启动 OKX 稳定版 v1
[2026-07-12 20:58:00] ❌ 请设置环境变量 OKX_API_KEY, OKX_API_SECRET, OKX_API_PASSPHRASE
===== RUN Sun Jul 12 22:00:37 UTC 2026 =====
[2026-07-12 22:00:37] 🚀 启动 OKX 稳定版 v1
[2026-07-12 22:00:37] ❌ 请设置环境变量 OKX_API_KEY, OKX_API_SECRET, OKX_API_PASSPHRASE
===== RUN Sun Jul 12 23:03:41 UTC 2026 =====
[2026-07-12 23:03:41] 🚀 启动 OKX 稳定版 v1
[2026-07-12 23:03:41] ❌ 请设置环境变量 OKX_API_KEY, OKX_API_SECRET, OKX_API_PASSPHRASE
===== RUN Mon Jul 13 00:07:57 UTC 2026 =====
[2026-07-13 00:07:57] 🚀 启动 OKX 稳定版 v1
[2026-07-13 00:07:57] ❌ 请设置环境变量 OKX_API_KEY, OKX_API_SECRET, OKX_API_PASSPHRASE
===== RUN Mon Jul 13 03:59:36 UTC 2026 =====
[2026-07-13 03:59:37] 🚀 启动 OKX 稳定版 v1
[2026-07-13 03:59:37] ❌ 请设置环境变量 OKX_API_KEY, OKX_API_SECRET, OKX_API_PASSPHRASE
===== RUN Mon Jul 13 07:32:02 UTC 2026 =====
[2026-07-13 07:32:02] 🚀 启动 OKX 稳定版 v1
[2026-07-13 07:32:02] ❌ 请设置环境变量 OKX_API_KEY, OKX_API_SECRET, OKX_API_PASSPHRASE
===== RUN Mon Jul 13 10:41:02 UTC 2026 =====
[2026-07-13 10:41:03] 🚀 启动 OKX 稳定版 v1
[2026-07-13 10:41:03] ❌ 请设置环境变量 OKX_API_KEY, OKX_API_SECRET, OKX_API_PASSPHRASE
===== RUN Mon Jul 13 13:06:56 UTC 2026 =====
[2026-07-13 13:06:56] 🚀 启动 OKX 稳定版 v1
[2026-07-13 13:06:56] ❌ 请设置环境变量 OKX_API_KEY, OKX_API_SECRET, OKX_API_PASSPHRASE
===== RUN Mon Jul 13 15:51:51 UTC 2026 =====
[2026-07-13 15:51:52] 🚀 启动 OKX 稳定版 v1
[2026-07-13 15:51:52] ❌ 请设置环境变量 OKX_API_KEY, OKX_API_SECRET, OKX_API_PASSPHRASE
===== RUN Mon Jul 13 17:52:39 UTC 2026 =====
[2026-07-13 17:52:39] 🚀 启动 OKX 稳定版 v1
[2026-07-13 17:52:39] ❌ 请设置环境变量 OKX_API_KEY, OKX_API_SECRET, OKX_API_PASSPHRASE
===== RUN Mon Jul 13 19:22:43 UTC 2026 =====
[2026-07-13 19:22:43] 🚀 启动 OKX 稳定版 v1
[2026-07-13 19:22:43] ❌ 请设置环境变量 OKX_API_KEY, OKX_API_SECRET, OKX_API_PASSPHRASE
===== RUN Mon Jul 13 20:38:25 UTC 2026 =====
[2026-07-13 20:38:25] 🚀 启动 OKX 稳定版 v1
[2026-07-13 20:38:25] ❌ 请设置环境变量 OKX_API_KEY, OKX_API_SECRET, OKX_API_PASSPHRASE
===== RUN Mon Jul 13 21:35:58 UTC 2026 =====
[2026-07-13 21:35:59] 🚀 启动 OKX 稳定版 v1
[2026-07-13 21:35:59] ❌ 请设置环境变量 OKX_API_KEY, OKX_API_SECRET, OKX_API_PASSPHRASE
===== RUN Mon Jul 13 22:37:14 UTC 2026 =====
[2026-07-13 22:37:14] 🚀 启动 OKX 稳定版 v1
[2026-07-13 22:37:14] ❌ 请设置环境变量 OKX_API_KEY, OKX_API_SECRET, OKX_API_PASSPHRASE
===== RUN Mon Jul 13 23:35:48 UTC 2026 =====
[2026-07-13 23:35:48] 🚀 启动 OKX 稳定版 v1
[2026-07-13 23:35:48] ❌ 请设置环境变量 OKX_API_KEY, OKX_API_SECRET, OKX_API_PASSPHRASE
===== RUN Tue Jul 14 01:03:01 UTC 2026 =====
[2026-07-14 01:03:01] 🚀 启动 OKX 稳定版 v1
[2026-07-14 01:03:01] ❌ 请设置环境变量 OKX_API_KEY, OKX_API_SECRET, OKX_API_PASSPHRASE
===== RUN Tue Jul 14 04:14:23 UTC 2026 =====
[2026-07-14 04:14:24] 🚀 启动 OKX 稳定版 v1
[2026-07-14 04:14:24] ❌ 请设置环境变量 OKX_API_KEY, OKX_API_SECRET, OKX_API_PASSPHRASE
===== RUN Tue Jul 14 06:29:29 UTC 2026 =====
[2026-07-14 06:29:29] 🚀 启动 OKX 稳定版 v1
[2026-07-14 06:29:29] ❌ 请设置环境变量 OKX_API_KEY, OKX_API_SECRET, OKX_API_PASSPHRASE
===== RUN Tue Jul 14 08:39:21 UTC 2026 =====
[2026-07-14 08:39:21] 🚀 启动 OKX 稳定版 v1
[2026-07-14 08:39:21] ❌ 请设置环境变量 OKX_API_KEY, OKX_API_SECRET, OKX_API_PASSPHRASE
===== RUN Tue Jul 14 10:25:27 UTC 2026 =====
[2026-07-14 10:25:27] 🚀 启动 OKX 稳定版 v1
[2026-07-14 10:25:27] ❌ 请设置环境变量 OKX_API_KEY, OKX_API_SECRET, OKX_API_PASSPHRASE
===== RUN Tue Jul 14 11:57:09 UTC 2026 =====
[2026-07-14 11:57:09] 🚀 启动 OKX 稳定版 v1
[2026-07-14 11:57:09] ❌ 请设置环境变量 OKX_API_KEY, OKX_API_SECRET, OKX_API_PASSPHRASE
===== RUN Tue Jul 14 14:05:21 UTC 2026 =====
[2026-07-14 14:05:21] 🚀 启动 OKX 稳定版 v1
[2026-07-14 14:05:21] ❌ 请设置环境变量 OKX_API_KEY, OKX_API_SECRET, OKX_API_PASSPHRASE
===== RUN Tue Jul 14 15:43:09 UTC 2026 =====
[2026-07-14 15:43:09] 🚀 启动 OKX 稳定版 v1
[2026-07-14 15:43:09] ❌ 请设置环境变量 OKX_API_KEY, OKX_API_SECRET, OKX_API_PASSPHRASE
===== RUN Tue Jul 14 16:54:52 UTC 2026 =====
[2026-07-14 16:54:53] 🚀 启动 OKX 稳定版 v1
[2026-07-14 16:54:53] ❌ 请设置环境变量 OKX_API_KEY, OKX_API_SECRET, OKX_API_PASSPHRASE
===== RUN Tue Jul 14 18:08:36 UTC 2026 =====
[2026-07-14 18:08:36] 🚀 启动 OKX 稳定版 v1
[2026-07-14 18:08:36] ❌ 请设置环境变量 OKX_API_KEY, OKX_API_SECRET, OKX_API_PASSPHRASE
===== RUN Tue Jul 14 19:42:36 UTC 2026 =====
[2026-07-14 19:42:37] 🚀 启动 OKX 稳定版 v1
[2026-07-14 19:42:37] ❌ 请设置环境变量 OKX_API_KEY, OKX_API_SECRET, OKX_API_PASSPHRASE
===== RUN Tue Jul 14 20:44:58 UTC 2026 =====
[2026-07-14 20:44:58] 🚀 启动 OKX 稳定版 v1
[2026-07-14 20:44:58] ❌ 请设置环境变量 OKX_API_KEY, OKX_API_SECRET, OKX_API_PASSPHRASE
===== RUN Tue Jul 14 21:41:49 UTC 2026 =====
[2026-07-14 21:41:49] 🚀 启动 OKX 稳定版 v1
[2026-07-14 21:41:49] ❌ 请设置环境变量 OKX_API_KEY, OKX_API_SECRET, OKX_API_PASSPHRASE
===== RUN Tue Jul 14 22:40:53 UTC 2026 =====
[2026-07-14 22:40:53] 🚀 启动 OKX 稳定版 v1
[2026-07-14 22:40:53] ❌ 请设置环境变量 OKX_API_KEY, OKX_API_SECRET, OKX_API_PASSPHRASE
===== RUN Tue Jul 14 23:35:55 UTC 2026 =====
[2026-07-14 23:35:55] 🚀 启动 OKX 稳定版 v1
[2026-07-14 23:35:55] ❌ 请设置环境变量 OKX_API_KEY, OKX_API_SECRET, OKX_API_PASSPHRASE
===== RUN Wed Jul 15 00:59:37 UTC 2026 =====
[2026-07-15 00:59:38] 🚀 启动 OKX 稳定版 v1
[2026-07-15 00:59:38] ❌ 请设置环境变量 OKX_API_KEY, OKX_API_SECRET, OKX_API_PASSPHRASE
===== RUN Wed Jul 15 04:13:28 UTC 2026 =====
[2026-07-15 04:13:28] 🚀 启动 OKX 稳定版 v1
[2026-07-15 04:13:28] ❌ 请设置环境变量 OKX_API_KEY, OKX_API_SECRET, OKX_API_PASSPHRASE
===== RUN Wed Jul 15 06:31:14 UTC 2026 =====
[2026-07-15 06:31:14] 🚀 启动 OKX 稳定版 v1
[2026-07-15 06:31:14] ❌ 请设置环境变量 OKX_API_KEY, OKX_API_SECRET, OKX_API_PASSPHRASE
===== RUN Wed Jul 15 08:57:36 UTC 2026 =====
[2026-07-15 08:57:37] 🚀 启动 OKX 稳定版 v1
[2026-07-15 08:57:37] ❌ 请设置环境变量 OKX_API_KEY, OKX_API_SECRET, OKX_API_PASSPHRASE
===== RUN Wed Jul 15 10:58:39 UTC 2026 =====
[2026-07-15 10:58:39] 🚀 启动 OKX 稳定版 v1
[2026-07-15 10:58:39] ❌ 请设置环境变量 OKX_API_KEY, OKX_API_SECRET, OKX_API_PASSPHRASE
===== RUN Wed Jul 15 12:21:29 UTC 2026 =====
[2026-07-15 12:21:29] 🚀 启动 OKX 稳定版 v1
[2026-07-15 12:21:29] ❌ 请设置环境变量 OKX_API_KEY, OKX_API_SECRET, OKX_API_PASSPHRASE
===== RUN Wed Jul 15 14:18:25 UTC 2026 =====
[2026-07-15 14:18:25] 🚀 启动 OKX 稳定版 v1
[2026-07-15 14:18:25] ❌ 请设置环境变量 OKX_API_KEY, OKX_API_SECRET, OKX_API_PASSPHRASE
===== RUN Wed Jul 15 15:57:15 UTC 2026 =====
[2026-07-15 15:57:15] 🚀 启动 OKX 稳定版 v1
[2026-07-15 15:57:15] ❌ 请设置环境变量 OKX_API_KEY, OKX_API_SECRET, OKX_API_PASSPHRASE
===== RUN Wed Jul 15 17:26:32 UTC 2026 =====
[2026-07-15 17:26:32] 🚀 启动 OKX 稳定版 v1
[2026-07-15 17:26:32] ❌ 请设置环境变量 OKX_API_KEY, OKX_API_SECRET, OKX_API_PASSPHRASE
===== RUN Wed Jul 15 18:40:13 UTC 2026 =====
[2026-07-15 18:40:14] 🚀 启动 OKX 稳定版 v1
[2026-07-15 18:40:14] ❌ 请设置环境变量 OKX_API_KEY, OKX_API_SECRET, OKX_API_PASSPHRASE
===== RUN Wed Jul 15 19:53:54 UTC 2026 =====
[2026-07-15 19:53:55] 🚀 启动 OKX 稳定版 v1
[2026-07-15 19:53:55] ❌ 请设置环境变量 OKX_API_KEY, OKX_API_SECRET, OKX_API_PASSPHRASE
===== RUN Wed Jul 15 21:03:04 UTC 2026 =====
[2026-07-15 21:03:04] 🚀 启动 OKX 稳定版 v1
[2026-07-15 21:03:04] ❌ 请设置环境变量 OKX_API_KEY, OKX_API_SECRET, OKX_API_PASSPHRASE
===== RUN Wed Jul 15 22:10:22 UTC 2026 =====
[2026-07-15 22:10:22] 🚀 启动 OKX 稳定版 v1
[2026-07-15 22:10:22] ❌ 请设置环境变量 OKX_API_KEY, OKX_API_SECRET, OKX_API_PASSPHRASE
===== RUN Wed Jul 15 23:13:46 UTC 2026 =====
[2026-07-15 23:13:46] 🚀 启动 OKX 稳定版 v1
[2026-07-15 23:13:46] ❌ 请设置环境变量 OKX_API_KEY, OKX_API_SECRET, OKX_API_PASSPHRASE
===== RUN Thu Jul 16 00:13:04 UTC 2026 =====
[2026-07-16 00:13:04] 🚀 启动 OKX 稳定版 v1
[2026-07-16 00:13:04] ❌ 请设置环境变量 OKX_API_KEY, OKX_API_SECRET, OKX_API_PASSPHRASE
===== RUN Thu Jul 16 03:42:24 UTC 2026 =====
[2026-07-16 03:42:24] 🚀 启动 OKX 稳定版 v1
[2026-07-16 03:42:24] ❌ 请设置环境变量 OKX_API_KEY, OKX_API_SECRET, OKX_API_PASSPHRASE
===== RUN Thu Jul 16 06:05:48 UTC 2026 =====
[2026-07-16 06:05:48] 🚀 启动 OKX 稳定版 v1
[2026-07-16 06:05:48] ❌ 请设置环境变量 OKX_API_KEY, OKX_API_SECRET, OKX_API_PASSPHRASE
===== RUN Thu Jul 16 08:32:24 UTC 2026 =====
[2026-07-16 08:32:24] 🚀 启动 OKX 稳定版 v1
[2026-07-16 08:32:24] ❌ 请设置环境变量 OKX_API_KEY, OKX_API_SECRET, OKX_API_PASSPHRASE
===== RUN Thu Jul 16 10:31:35 UTC 2026 =====
[2026-07-16 10:31:35] 🚀 启动 OKX 稳定版 v1
[2026-07-16 10:31:35] ❌ 请设置环境变量 OKX_API_KEY, OKX_API_SECRET, OKX_API_PASSPHRASE
===== RUN Thu Jul 16 12:06:00 UTC 2026 =====
[2026-07-16 12:06:00] 🚀 启动 OKX 稳定版 v1
[2026-07-16 12:06:00] ❌ 请设置环境变量 OKX_API_KEY, OKX_API_SECRET, OKX_API_PASSPHRASE
===== RUN Thu Jul 16 14:20:27 UTC 2026 =====
[2026-07-16 14:20:27] 🚀 启动 OKX 稳定版 v1
[2026-07-16 14:20:27] ❌ 请设置环境变量 OKX_API_KEY, OKX_API_SECRET, OKX_API_PASSPHRASE
===== RUN Thu Jul 16 15:53:46 UTC 2026 =====
[2026-07-16 15:53:47] 🚀 启动 OKX 稳定版 v1
[2026-07-16 15:53:47] ❌ 请设置环境变量 OKX_API_KEY, OKX_API_SECRET, OKX_API_PASSPHRASE
===== RUN Thu Jul 16 17:19:59 UTC 2026 =====
[2026-07-16 17:19:59] 🚀 启动 OKX 稳定版 v1
[2026-07-16 17:19:59] ❌ 请设置环境变量 OKX_API_KEY, OKX_API_SECRET, OKX_API_PASSPHRASE
===== RUN Thu Jul 16 18:37:30 UTC 2026 =====
[2026-07-16 18:37:30] 🚀 启动 OKX 稳定版 v1
[2026-07-16 18:37:30] ❌ 请设置环境变量 OKX_API_KEY, OKX_API_SECRET, OKX_API_PASSPHRASE
===== RUN Thu Jul 16 19:45:35 UTC 2026 =====
[2026-07-16 19:45:35] 🚀 启动 OKX 稳定版 v1
[2026-07-16 19:45:35] ❌ 请设置环境变量 OKX_API_KEY, OKX_API_SECRET, OKX_API_PASSPHRASE
===== RUN Thu Jul 16 20:38:02 UTC 2026 =====
[2026-07-16 20:38:03] 🚀 启动 OKX 稳定版 v1
[2026-07-16 20:38:03] ❌ 请设置环境变量 OKX_API_KEY, OKX_API_SECRET, OKX_API_PASSPHRASE
===== RUN Thu Jul 16 21:45:54 UTC 2026 =====
[2026-07-16 21:45:54] 🚀 启动 OKX 稳定版 v1
[2026-07-16 21:45:54] ❌ 请设置环境变量 OKX_API_KEY, OKX_API_SECRET, OKX_API_PASSPHRASE
===== RUN Thu Jul 16 22:42:55 UTC 2026 =====
[2026-07-16 22:42:56] 🚀 启动 OKX 稳定版 v1
[2026-07-16 22:42:56] ❌ 请设置环境变量 OKX_API_KEY, OKX_API_SECRET, OKX_API_PASSPHRASE
===== RUN Thu Jul 16 23:42:15 UTC 2026 =====
[2026-07-16 23:42:15] 🚀 启动 OKX 稳定版 v1
[2026-07-16 23:42:15] ❌ 请设置环境变量 OKX_API_KEY, OKX_API_SECRET, OKX_API_PASSPHRASE
===== RUN Fri Jul 17 01:14:37 UTC 2026 =====
[2026-07-17 01:14:37] 🚀 启动 OKX 稳定版 v1
[2026-07-17 01:14:37] ❌ 请设置环境变量 OKX_API_KEY, OKX_API_SECRET, OKX_API_PASSPHRASE
===== RUN Fri Jul 17 04:29:43 UTC 2026 =====
[2026-07-17 04:29:43] 🚀 启动 OKX 稳定版 v1
[2026-07-17 04:29:43] ❌ 请设置环境变量 OKX_API_KEY, OKX_API_SECRET, OKX_API_PASSPHRASE
===== RUN Fri Jul 17 07:00:07 UTC 2026 =====
[2026-07-17 07:00:08] 🚀 启动 OKX 稳定版 v1
[2026-07-17 07:00:08] ❌ 请设置环境变量 OKX_API_KEY, OKX_API_SECRET, OKX_API_PASSPHRASE
===== RUN Fri Jul 17 09:18:27 UTC 2026 =====
[2026-07-17 09:18:27] 🚀 启动 OKX 稳定版 v1
[2026-07-17 09:18:27] ❌ 请设置环境变量 OKX_API_KEY, OKX_API_SECRET, OKX_API_PASSPHRASE
===== RUN Fri Jul 17 11:00:26 UTC 2026 =====
[2026-07-17 11:00:26] 🚀 启动 OKX 稳定版 v1
[2026-07-17 11:00:26] ❌ 请设置环境变量 OKX_API_KEY, OKX_API_SECRET, OKX_API_PASSPHRASE
===== RUN Fri Jul 17 12:18:43 UTC 2026 =====
[2026-07-17 12:18:43] 🚀 启动 OKX 稳定版 v1
[2026-07-17 12:18:43] ❌ 请设置环境变量 OKX_API_KEY, OKX_API_SECRET, OKX_API_PASSPHRASE
===== RUN Fri Jul 17 14:09:36 UTC 2026 =====
[2026-07-17 14:09:37] 🚀 启动 OKX 稳定版 v1
[2026-07-17 14:09:37] ❌ 请设置环境变量 OKX_API_KEY, OKX_API_SECRET, OKX_API_PASSPHRASE
===== RUN Fri Jul 17 15:41:57 UTC 2026 =====
[2026-07-17 15:41:57] 🚀 启动 OKX 稳定版 v1
[2026-07-17 15:41:57] ❌ 请设置环境变量 OKX_API_KEY, OKX_API_SECRET, OKX_API_PASSPHRASE
===== RUN Fri Jul 17 16:50:31 UTC 2026 =====
[2026-07-17 16:50:31] 🚀 启动 OKX 稳定版 v1
[2026-07-17 16:50:31] ❌ 请设置环境变量 OKX_API_KEY, OKX_API_SECRET, OKX_API_PASSPHRASE
===== RUN Fri Jul 17 17:59:28 UTC 2026 =====
[2026-07-17 17:59:29] 🚀 启动 OKX 稳定版 v1
[2026-07-17 17:59:29] ❌ 请设置环境变量 OKX_API_KEY, OKX_API_SECRET, OKX_API_PASSPHRASE
===== RUN Fri Jul 17 19:22:53 UTC 2026 =====
[2026-07-17 19:22:53] 🚀 启动 OKX 稳定版 v1
[2026-07-17 19:22:53] ❌ 请设置环境变量 OKX_API_KEY, OKX_API_SECRET, OKX_API_PASSPHRASE
===== RUN Fri Jul 17 20:27:16 UTC 2026 =====
[2026-07-17 20:27:16] 🚀 启动 OKX 稳定版 v1
[2026-07-17 20:27:16] ❌ 请设置环境变量 OKX_API_KEY, OKX_API_SECRET, OKX_API_PASSPHRASE
===== RUN Fri Jul 17 21:25:03 UTC 2026 =====
[2026-07-17 21:25:03] 🚀 启动 OKX 稳定版 v1
[2026-07-17 21:25:03] ❌ 请设置环境变量 OKX_API_KEY, OKX_API_SECRET, OKX_API_PASSPHRASE
===== RUN Fri Jul 17 22:24:29 UTC 2026 =====
[2026-07-17 22:24:29] 🚀 启动 OKX 稳定版 v1
[2026-07-17 22:24:29] ❌ 请设置环境变量 OKX_API_KEY, OKX_API_SECRET, OKX_API_PASSPHRASE
===== RUN Fri Jul 17 23:25:57 UTC 2026 =====
[2026-07-17 23:25:57] 🚀 启动 OKX 稳定版 v1
[2026-07-17 23:25:57] ❌ 请设置环境变量 OKX_API_KEY, OKX_API_SECRET, OKX_API_PASSPHRASE
===== RUN Sat Jul 18 00:58:58 UTC 2026 =====
[2026-07-18 00:58:58] 🚀 启动 OKX 稳定版 v1
[2026-07-18 00:58:58] ❌ 请设置环境变量 OKX_API_KEY, OKX_API_SECRET, OKX_API_PASSPHRASE
===== RUN Sat Jul 18 04:09:05 UTC 2026 =====
[2026-07-18 04:09:05] 🚀 启动 OKX 稳定版 v1
[2026-07-18 04:09:05] ❌ 请设置环境变量 OKX_API_KEY, OKX_API_SECRET, OKX_API_PASSPHRASE
===== RUN Sat Jul 18 06:19:19 UTC 2026 =====
[2026-07-18 06:19:20] 🚀 启动 OKX 稳定版 v1
[2026-07-18 06:19:20] ❌ 请设置环境变量 OKX_API_KEY, OKX_API_SECRET, OKX_API_PASSPHRASE
===== RUN Sat Jul 18 08:15:03 UTC 2026 =====
[2026-07-18 08:15:03] 🚀 启动 OKX 稳定版 v1
[2026-07-18 08:15:03] ❌ 请设置环境变量 OKX_API_KEY, OKX_API_SECRET, OKX_API_PASSPHRASE
===== RUN Sat Jul 18 09:50:07 UTC 2026 =====
[2026-07-18 09:50:07] 🚀 启动 OKX 稳定版 v1
[2026-07-18 09:50:07] ❌ 请设置环境变量 OKX_API_KEY, OKX_API_SECRET, OKX_API_PASSPHRASE
===== RUN Sat Jul 18 10:56:37 UTC 2026 =====
[2026-07-18 10:56:37] 🚀 启动 OKX 稳定版 v1
[2026-07-18 10:56:37] ❌ 请设置环境变量 OKX_API_KEY, OKX_API_SECRET, OKX_API_PASSPHRASE
===== RUN Sat Jul 18 11:59:37 UTC 2026 =====
[2026-07-18 11:59:37] 🚀 启动 OKX 稳定版 v1
[2026-07-18 11:59:37] ❌ 请设置环境变量 OKX_API_KEY, OKX_API_SECRET, OKX_API_PASSPHRASE
===== RUN Sat Jul 18 13:42:14 UTC 2026 =====
[2026-07-18 13:42:14] 🚀 启动 OKX 稳定版 v1
[2026-07-18 13:42:14] ❌ 请设置环境变量 OKX_API_KEY, OKX_API_SECRET, OKX_API_PASSPHRASE
===== RUN Sat Jul 18 14:40:51 UTC 2026 =====
[2026-07-18 14:40:51] 🚀 启动 OKX 稳定版 v1
[2026-07-18 14:40:51] ❌ 请设置环境变量 OKX_API_KEY, OKX_API_SECRET, OKX_API_PASSPHRASE
===== RUN Sat Jul 18 15:39:13 UTC 2026 =====
[2026-07-18 15:39:13] 🚀 启动 OKX 稳定版 v1
[2026-07-18 15:39:13] ❌ 请设置环境变量 OKX_API_KEY, OKX_API_SECRET, OKX_API_PASSPHRASE
===== RUN Sat Jul 18 16:37:25 UTC 2026 =====
[2026-07-18 16:37:25] 🚀 启动 OKX 稳定版 v1
[2026-07-18 16:37:25] ❌ 请设置环境变量 OKX_API_KEY, OKX_API_SECRET, OKX_API_PASSPHRASE
===== RUN Sat Jul 18 17:40:08 UTC 2026 =====
[2026-07-18 17:40:08] 🚀 启动 OKX 稳定版 v1
[2026-07-18 17:40:08] ❌ 请设置环境变量 OKX_API_KEY, OKX_API_SECRET, OKX_API_PASSPHRASE
===== RUN Sat Jul 18 18:37:38 UTC 2026 =====
[2026-07-18 18:37:38] 🚀 启动 OKX 稳定版 v1
[2026-07-18 18:37:38] ❌ 请设置环境变量 OKX_API_KEY, OKX_API_SECRET, OKX_API_PASSPHRASE
===== RUN Sat Jul 18 19:50:28 UTC 2026 =====
[2026-07-18 19:50:28] 🚀 启动 OKX 稳定版 v1
[2026-07-18 19:50:28] ❌ 请设置环境变量 OKX_API_KEY, OKX_API_SECRET, OKX_API_PASSPHRASE
===== RUN Sat Jul 18 20:39:50 UTC 2026 =====
[2026-07-18 20:39:50] 🚀 启动 OKX 稳定版 v1
[2026-07-18 20:39:50] ❌ 请设置环境变量 OKX_API_KEY, OKX_API_SECRET, OKX_API_PASSPHRASE
===== RUN Sat Jul 18 21:34:39 UTC 2026 =====
[2026-07-18 21:34:39] 🚀 启动 OKX 稳定版 v1
[2026-07-18 21:34:39] ❌ 请设置环境变量 OKX_API_KEY, OKX_API_SECRET, OKX_API_PASSPHRASE
===== RUN Sat Jul 18 22:30:00 UTC 2026 =====
[2026-07-18 22:30:00] 🚀 启动 OKX 稳定版 v1
[2026-07-18 22:30:00] ❌ 请设置环境变量 OKX_API_KEY, OKX_API_SECRET, OKX_API_PASSPHRASE
===== RUN Sat Jul 18 23:31:53 UTC 2026 =====
[2026-07-18 23:31:53] 🚀 启动 OKX 稳定版 v1
[2026-07-18 23:31:53] ❌ 请设置环境变量 OKX_API_KEY, OKX_API_SECRET, OKX_API_PASSPHRASE
===== RUN Sun Jul 19 01:07:18 UTC 2026 =====
[2026-07-19 01:07:18] 🚀 启动 OKX 稳定版 v1
[2026-07-19 01:07:18] ❌ 请设置环境变量 OKX_API_KEY, OKX_API_SECRET, OKX_API_PASSPHRASE
===== RUN Sun Jul 19 04:34:18 UTC 2026 =====
[2026-07-19 04:34:18] 🚀 启动 OKX 稳定版 v1
[2026-07-19 04:34:18] ❌ 请设置环境变量 OKX_API_KEY, OKX_API_SECRET, OKX_API_PASSPHRASE
===== RUN Sun Jul 19 07:13:16 UTC 2026 =====
[2026-07-19 07:13:16] 🚀 启动 OKX 稳定版 v1
[2026-07-19 07:13:16] ❌ 请设置环境变量 OKX_API_KEY, OKX_API_SECRET, OKX_API_PASSPHRASE
===== RUN Sun Jul 19 09:20:46 UTC 2026 =====
[2026-07-19 09:20:46] 🚀 启动 OKX 稳定版 v1
[2026-07-19 09:20:46] ❌ 请设置环境变量 OKX_API_KEY, OKX_API_SECRET, OKX_API_PASSPHRASE
===== RUN Sun Jul 19 10:51:02 UTC 2026 =====
[2026-07-19 10:51:02] 🚀 启动 OKX 稳定版 v1
[2026-07-19 10:51:02] ❌ 请设置环境变量 OKX_API_KEY, OKX_API_SECRET, OKX_API_PASSPHRASE
===== RUN Sun Jul 19 11:53:02 UTC 2026 =====
[2026-07-19 11:53:03] 🚀 启动 OKX 稳定版 v1
[2026-07-19 11:53:03] ❌ 请设置环境变量 OKX_API_KEY, OKX_API_SECRET, OKX_API_PASSPHRASE
===== RUN Sun Jul 19 13:19:10 UTC 2026 =====
[2026-07-19 13:19:10] 🚀 启动 OKX 稳定版 v1
[2026-07-19 13:19:10] ❌ 请设置环境变量 OKX_API_KEY, OKX_API_SECRET, OKX_API_PASSPHRASE
===== RUN Sun Jul 19 14:35:56 UTC 2026 =====
[2026-07-19 14:35:56] 🚀 启动 OKX 稳定版 v1
[2026-07-19 14:35:56] ❌ 请设置环境变量 OKX_API_KEY, OKX_API_SECRET, OKX_API_PASSPHRASE
===== RUN Sun Jul 19 15:36:47 UTC 2026 =====
[2026-07-19 15:36:47] 🚀 启动 OKX 稳定版 v1
[2026-07-19 15:36:47] ❌ 请设置环境变量 OKX_API_KEY, OKX_API_SECRET, OKX_API_PASSPHRASE
===== RUN Sun Jul 19 16:35:16 UTC 2026 =====
[2026-07-19 16:35:16] 🚀 启动 OKX 稳定版 v1
[2026-07-19 16:35:16] ❌ 请设置环境变量 OKX_API_KEY, OKX_API_SECRET, OKX_API_PASSPHRASE
===== RUN Sun Jul 19 17:40:03 UTC 2026 =====
[2026-07-19 17:40:03] 🚀 启动 OKX 稳定版 v1
[2026-07-19 17:40:03] ❌ 请设置环境变量 OKX_API_KEY, OKX_API_SECRET, OKX_API_PASSPHRASE
===== RUN Sun Jul 19 18:40:03 UTC 2026 =====
[2026-07-19 18:40:03] 🚀 启动 OKX 稳定版 v1
[2026-07-19 18:40:03] ❌ 请设置环境变量 OKX_API_KEY, OKX_API_SECRET, OKX_API_PASSPHRASE
===== RUN Sun Jul 19 19:55:49 UTC 2026 =====
[2026-07-19 19:55:50] 🚀 启动 OKX 稳定版 v1
[2026-07-19 19:55:50] ❌ 请设置环境变量 OKX_API_KEY, OKX_API_SECRET, OKX_API_PASSPHRASE
===== RUN Sun Jul 19 21:01:39 UTC 2026 =====
[2026-07-19 21:01:39] 🚀 启动 OKX 稳定版 v1
[2026-07-19 21:01:39] ❌ 请设置环境变量 OKX_API_KEY, OKX_API_SECRET, OKX_API_PASSPHRASE
===== RUN Sun Jul 19 22:04:11 UTC 2026 =====
[2026-07-19 22:04:11] 🚀 启动 OKX 稳定版 v1
[2026-07-19 22:04:11] ❌ 请设置环境变量 OKX_API_KEY, OKX_API_SECRET, OKX_API_PASSPHRASE
===== RUN Sun Jul 19 23:07:30 UTC 2026 =====
[2026-07-19 23:07:30] 🚀 启动 OKX 稳定版 v1
[2026-07-19 23:07:30] ❌ 请设置环境变量 OKX_API_KEY, OKX_API_SECRET, OKX_API_PASSPHRASE
===== RUN Mon Jul 20 00:11:39 UTC 2026 =====
[2026-07-20 00:11:39] 🚀 启动 OKX 稳定版 v1
[2026-07-20 00:11:39] ❌ 请设置环境变量 OKX_API_KEY, OKX_API_SECRET, OKX_API_PASSPHRASE
===== RUN Mon Jul 20 04:07:13 UTC 2026 =====
[2026-07-20 04:07:13] 🚀 启动 OKX 稳定版 v1
[2026-07-20 04:07:13] ❌ 请设置环境变量 OKX_API_KEY, OKX_API_SECRET, OKX_API_PASSPHRASE
===== RUN Mon Jul 20 07:28:22 UTC 2026 =====
[2026-07-20 07:28:22] 🚀 启动 OKX 稳定版 v1
[2026-07-20 07:28:22] ❌ 请设置环境变量 OKX_API_KEY, OKX_API_SECRET, OKX_API_PASSPHRASE
===== RUN Mon Jul 20 10:26:53 UTC 2026 =====
[2026-07-20 10:26:53] 🚀 启动 OKX 稳定版 v1
[2026-07-20 10:26:53] ❌ 请设置环境变量 OKX_API_KEY, OKX_API_SECRET, OKX_API_PASSPHRASE
===== RUN Mon Jul 20 12:34:29 UTC 2026 =====
[2026-07-20 12:34:29] 🚀 启动 OKX 稳定版 v1
[2026-07-20 12:34:29] ❌ 请设置环境变量 OKX_API_KEY, OKX_API_SECRET, OKX_API_PASSPHRASE
===== RUN Mon Jul 20 14:55:29 UTC 2026 =====
[2026-07-20 14:55:29] 🚀 启动 OKX 稳定版 v1
[2026-07-20 14:55:29] ❌ 请设置环境变量 OKX_API_KEY, OKX_API_SECRET, OKX_API_PASSPHRASE
===== RUN Mon Jul 20 16:38:13 UTC 2026 =====
[2026-07-20 16:38:13] 🚀 启动 OKX 稳定版 v1
[2026-07-20 16:38:13] ❌ 请设置环境变量 OKX_API_KEY, OKX_API_SECRET, OKX_API_PASSPHRASE
===== RUN Mon Jul 20 18:32:47 UTC 2026 =====
[2026-07-20 18:32:47] 🚀 启动 OKX 稳定版 v1
[2026-07-20 18:32:47] ❌ 请设置环境变量 OKX_API_KEY, OKX_API_SECRET, OKX_API_PASSPHRASE
===== RUN Mon Jul 20 20:10:19 UTC 2026 =====
[2026-07-20 20:10:19] 🚀 启动 OKX 稳定版 v1
[2026-07-20 20:10:19] ❌ 请设置环境变量 OKX_API_KEY, OKX_API_SECRET, OKX_API_PASSPHRASE
===== RUN Mon Jul 20 21:33:43 UTC 2026 =====
[2026-07-20 21:33:43] 🚀 启动 OKX 稳定版 v1
[2026-07-20 21:33:43] ❌ 请设置环境变量 OKX_API_KEY, OKX_API_SECRET, OKX_API_PASSPHRASE
===== RUN Mon Jul 20 22:35:30 UTC 2026 =====
[2026-07-20 22:35:31] 🚀 启动 OKX 稳定版 v1
[2026-07-20 22:35:31] ❌ 请设置环境变量 OKX_API_KEY, OKX_API_SECRET, OKX_API_PASSPHRASE
===== RUN Mon Jul 20 23:38:29 UTC 2026 =====
[2026-07-20 23:38:29] 🚀 启动 OKX 稳定版 v1
[2026-07-20 23:38:29] ❌ 请设置环境变量 OKX_API_KEY, OKX_API_SECRET, OKX_API_PASSPHRASE
===== RUN Tue Jul 21 01:09:38 UTC 2026 =====
[2026-07-21 01:09:38] 🚀 启动 OKX 稳定版 v1
[2026-07-21 01:09:38] ❌ 请设置环境变量 OKX_API_KEY, OKX_API_SECRET, OKX_API_PASSPHRASE
===== RUN Tue Jul 21 04:33:10 UTC 2026 =====
[2026-07-21 04:33:10] 🚀 启动 OKX 稳定版 v1
[2026-07-21 04:33:10] ❌ 请设置环境变量 OKX_API_KEY, OKX_API_SECRET, OKX_API_PASSPHRASE
===== RUN Tue Jul 21 07:16:56 UTC 2026 =====
[2026-07-21 07:16:56] 🚀 启动 OKX 稳定版 v1
[2026-07-21 07:16:56] ❌ 请设置环境变量 OKX_API_KEY, OKX_API_SECRET, OKX_API_PASSPHRASE
===== RUN Tue Jul 21 09:45:51 UTC 2026 =====
[2026-07-21 09:45:52] 🚀 启动 OKX 稳定版 v1
[2026-07-21 09:45:52] ❌ 请设置环境变量 OKX_API_KEY, OKX_API_SECRET, OKX_API_PASSPHRASE
===== RUN Tue Jul 21 11:39:00 UTC 2026 =====
[2026-07-21 11:39:00] 🚀 启动 OKX 稳定版 v1
[2026-07-21 11:39:00] ❌ 请设置环境变量 OKX_API_KEY, OKX_API_SECRET, OKX_API_PASSPHRASE
===== RUN Tue Jul 21 13:04:56 UTC 2026 =====
[2026-07-21 13:04:56] 🚀 启动 OKX 稳定版 v1
[2026-07-21 13:04:56] ❌ 请设置环境变量 OKX_API_KEY, OKX_API_SECRET, OKX_API_PASSPHRASE
===== RUN Tue Jul 21 15:16:24 UTC 2026 =====
[2026-07-21 15:16:24] 🚀 启动 OKX 稳定版 v1
[2026-07-21 15:16:24] ❌ 请设置环境变量 OKX_API_KEY, OKX_API_SECRET, OKX_API_PASSPHRASE
===== RUN Tue Jul 21 16:49:55 UTC 2026 =====
[2026-07-21 16:49:55] 🚀 启动 OKX 稳定版 v1
[2026-07-21 16:49:55] ❌ 请设置环境变量 OKX_API_KEY, OKX_API_SECRET, OKX_API_PASSPHRASE
===== RUN Tue Jul 21 18:11:50 UTC 2026 =====
[2026-07-21 18:11:50] 🚀 启动 OKX 稳定版 v1
[2026-07-21 18:11:50] ❌ 请设置环境变量 OKX_API_KEY, OKX_API_SECRET, OKX_API_PASSPHRASE
===== RUN Tue Jul 21 19:54:38 UTC 2026 =====
[2026-07-21 19:54:39] 🚀 启动 OKX 稳定版 v1
[2026-07-21 19:54:39] ❌ 请设置环境变量 OKX_API_KEY, OKX_API_SECRET, OKX_API_PASSPHRASE
===== RUN Tue Jul 21 21:15:44 UTC 2026 =====
[2026-07-21 21:15:45] 🚀 启动 OKX 稳定版 v1
[2026-07-21 21:15:45] ❌ 请设置环境变量 OKX_API_KEY, OKX_API_SECRET, OKX_API_PASSPHRASE
===== RUN Tue Jul 21 22:14:46 UTC 2026 =====
[2026-07-21 22:14:46] 🚀 启动 OKX 稳定版 v1
[2026-07-21 22:14:46] ❌ 请设置环境变量 OKX_API_KEY, OKX_API_SECRET, OKX_API_PASSPHRASE
===== RUN Tue Jul 21 23:15:04 UTC 2026 =====
[2026-07-21 23:15:04] 🚀 启动 OKX 稳定版 v1
[2026-07-21 23:15:04] ❌ 请设置环境变量 OKX_API_KEY, OKX_API_SECRET, OKX_API_PASSPHRASE
===== RUN Wed Jul 22 00:11:36 UTC 2026 =====
[2026-07-22 00:11:36] 🚀 启动 OKX 稳定版 v1
[2026-07-22 00:11:36] ❌ 请设置环境变量 OKX_API_KEY, OKX_API_SECRET, OKX_API_PASSPHRASE
===== RUN Wed Jul 22 03:50:08 UTC 2026 =====
[2026-07-22 03:50:09] 🚀 启动 OKX 稳定版 v1
[2026-07-22 03:50:09] ❌ 请设置环境变量 OKX_API_KEY, OKX_API_SECRET, OKX_API_PASSPHRASE
===== RUN Wed Jul 22 06:22:37 UTC 2026 =====
[2026-07-22 06:22:37] 🚀 启动 OKX 稳定版 v1
[2026-07-22 06:22:37] ❌ 请设置环境变量 OKX_API_KEY, OKX_API_SECRET, OKX_API_PASSPHRASE
===== RUN Wed Jul 22 09:08:14 UTC 2026 =====
[2026-07-22 09:08:14] 🚀 启动 OKX 稳定版 v1
[2026-07-22 09:08:14] ❌ 请设置环境变量 OKX_API_KEY, OKX_API_SECRET, OKX_API_PASSPHRASE
===== RUN Wed Jul 22 11:19:50 UTC 2026 =====
[2026-07-22 11:19:50] 🚀 启动 OKX 稳定版 v1
[2026-07-22 11:19:50] ❌ 请设置环境变量 OKX_API_KEY, OKX_API_SECRET, OKX_API_PASSPHRASE
===== RUN Wed Jul 22 12:54:07 UTC 2026 =====
[2026-07-22 12:54:07] 🚀 启动 OKX 稳定版 v1
[2026-07-22 12:54:07] ❌ 请设置环境变量 OKX_API_KEY, OKX_API_SECRET, OKX_API_PASSPHRASE
===== RUN Wed Jul 22 15:07:05 UTC 2026 =====
[2026-07-22 15:07:05] 🚀 启动 OKX 稳定版 v1
[2026-07-22 15:07:05] ❌ 请设置环境变量 OKX_API_KEY, OKX_API_SECRET, OKX_API_PASSPHRASE
===== RUN Wed Jul 22 16:44:55 UTC 2026 =====
[2026-07-22 16:44:56] 🚀 启动 OKX 稳定版 v1
[2026-07-22 16:44:56] ❌ 请设置环境变量 OKX_API_KEY, OKX_API_SECRET, OKX_API_PASSPHRASE
===== RUN Wed Jul 22 17:56:51 UTC 2026 =====
[2026-07-22 17:56:51] 🚀 启动 OKX 稳定版 v1
[2026-07-22 17:56:51] ❌ 请设置环境变量 OKX_API_KEY, OKX_API_SECRET, OKX_API_PASSPHRASE
===== RUN Wed Jul 22 19:38:20 UTC 2026 =====
[2026-07-22 19:38:20] 🚀 启动 OKX 稳定版 v1
[2026-07-22 19:38:20] ❌ 请设置环境变量 OKX_API_KEY, OKX_API_SECRET, OKX_API_PASSPHRASE
===== RUN Wed Jul 22 20:50:45 UTC 2026 =====
[2026-07-22 20:50:46] 🚀 启动 OKX 稳定版 v1
[2026-07-22 20:50:46] ❌ 请设置环境变量 OKX_API_KEY, OKX_API_SECRET, OKX_API_PASSPHRASE
===== RUN Wed Jul 22 21:49:49 UTC 2026 =====
[2026-07-22 21:49:49] 🚀 启动 OKX 稳定版 v1
[2026-07-22 21:49:49] ❌ 请设置环境变量 OKX_API_KEY, OKX_API_SECRET, OKX_API_PASSPHRASE
===== RUN Wed Jul 22 22:54:54 UTC 2026 =====
[2026-07-22 22:54:54] 🚀 启动 OKX 稳定版 v1
[2026-07-22 22:54:54] ❌ 请设置环境变量 OKX_API_KEY, OKX_API_SECRET, OKX_API_PASSPHRASE
===== RUN Thu Jul 23 00:05:40 UTC 2026 =====
[2026-07-23 00:05:41] 🚀 启动 OKX 稳定版 v1
[2026-07-23 00:05:41] ❌ 请设置环境变量 OKX_API_KEY, OKX_API_SECRET, OKX_API_PASSPHRASE
===== RUN Thu Jul 23 03:42:38 UTC 2026 =====
[2026-07-23 03:42:38] 🚀 启动 OKX 稳定版 v1
[2026-07-23 03:42:38] ❌ 请设置环境变量 OKX_API_KEY, OKX_API_SECRET, OKX_API_PASSPHRASE
===== RUN Thu Jul 23 06:20:01 UTC 2026 =====
[2026-07-23 06:20:01] 🚀 启动 OKX 稳定版 v1
[2026-07-23 06:20:01] ❌ 请设置环境变量 OKX_API_KEY, OKX_API_SECRET, OKX_API_PASSPHRASE
===== RUN Thu Jul 23 09:04:57 UTC 2026 =====
[2026-07-23 09:04:57] 🚀 启动 OKX 稳定版 v1
[2026-07-23 09:04:57] ❌ 请设置环境变量 OKX_API_KEY, OKX_API_SECRET, OKX_API_PASSPHRASE
===== RUN Thu Jul 23 11:18:35 UTC 2026 =====
[2026-07-23 11:18:36] 🚀 启动 OKX 稳定版 v1
[2026-07-23 11:18:36] ❌ 请设置环境变量 OKX_API_KEY, OKX_API_SECRET, OKX_API_PASSPHRASE
===== RUN Thu Jul 23 12:54:11 UTC 2026 =====
[2026-07-23 12:54:12] 🚀 启动 OKX 稳定版 v1
[2026-07-23 12:54:12] ❌ 请设置环境变量 OKX_API_KEY, OKX_API_SECRET, OKX_API_PASSPHRASE
===== RUN Thu Jul 23 15:11:20 UTC 2026 =====
[2026-07-23 15:11:20] 🚀 启动 OKX 稳定版 v1
[2026-07-23 15:11:20] ❌ 请设置环境变量 OKX_API_KEY, OKX_API_SECRET, OKX_API_PASSPHRASE
===== RUN Thu Jul 23 16:48:38 UTC 2026 =====
[2026-07-23 16:48:38] 🚀 启动 OKX 稳定版 v1
[2026-07-23 16:48:38] ❌ 请设置环境变量 OKX_API_KEY, OKX_API_SECRET, OKX_API_PASSPHRASE
===== RUN Thu Jul 23 18:06:12 UTC 2026 =====
[2026-07-23 18:06:12] 🚀 启动 OKX 稳定版 v1
[2026-07-23 18:06:12] ❌ 请设置环境变量 OKX_API_KEY, OKX_API_SECRET, OKX_API_PASSPHRASE
===== RUN Thu Jul 23 19:44:13 UTC 2026 =====
[2026-07-23 19:44:13] 🚀 启动 OKX 稳定版 v1
[2026-07-23 19:44:13] ❌ 请设置环境变量 OKX_API_KEY, OKX_API_SECRET, OKX_API_PASSPHRASE
===== RUN Thu Jul 23 20:45:27 UTC 2026 =====
[2026-07-23 20:45:27] 🚀 启动 OKX 稳定版 v1
[2026-07-23 20:45:27] ❌ 请设置环境变量 OKX_API_KEY, OKX_API_SECRET, OKX_API_PASSPHRASE
===== RUN Thu Jul 23 21:49:41 UTC 2026 =====
[2026-07-23 21:49:41] 🚀 启动 OKX 稳定版 v1
[2026-07-23 21:49:41] ❌ 请设置环境变量 OKX_API_KEY, OKX_API_SECRET, OKX_API_PASSPHRASE
===== RUN Thu Jul 23 22:48:25 UTC 2026 =====
[2026-07-23 22:48:25] 🚀 启动 OKX 稳定版 v1
[2026-07-23 22:48:25] ❌ 请设置环境变量 OKX_API_KEY, OKX_API_SECRET, OKX_API_PASSPHRASE
===== RUN Thu Jul 23 23:47:48 UTC 2026 =====
[2026-07-23 23:47:49] 🚀 启动 OKX 稳定版 v1
[2026-07-23 23:47:49] ❌ 请设置环境变量 OKX_API_KEY, OKX_API_SECRET, OKX_API_PASSPHRASE
===== RUN Fri Jul 24 01:18:41 UTC 2026 =====
[2026-07-24 01:18:41] 🚀 启动 OKX 稳定版 v1
[2026-07-24 01:18:41] ❌ 请设置环境变量 OKX_API_KEY, OKX_API_SECRET, OKX_API_PASSPHRASE
===== RUN Fri Jul 24 04:41:47 UTC 2026 =====
[2026-07-24 04:41:47] 🚀 启动 OKX 稳定版 v1
[2026-07-24 04:41:47] ❌ 请设置环境变量 OKX_API_KEY, OKX_API_SECRET, OKX_API_PASSPHRASE
===== RUN Fri Jul 24 07:20:28 UTC 2026 =====
[2026-07-24 07:20:28] 🚀 启动 OKX 稳定版 v1
[2026-07-24 07:20:28] ❌ 请设置环境变量 OKX_API_KEY, OKX_API_SECRET, OKX_API_PASSPHRASE
===== RUN Fri Jul 24 09:41:49 UTC 2026 =====
[2026-07-24 09:41:50] 🚀 启动 OKX 稳定版 v1
[2026-07-24 09:41:50] ❌ 请设置环境变量 OKX_API_KEY, OKX_API_SECRET, OKX_API_PASSPHRASE
===== RUN Fri Jul 24 11:26:52 UTC 2026 =====
[2026-07-24 11:26:52] 🚀 启动 OKX 稳定版 v1
[2026-07-24 11:26:52] ❌ 请设置环境变量 OKX_API_KEY, OKX_API_SECRET, OKX_API_PASSPHRASE
===== RUN Fri Jul 24 13:03:43 UTC 2026 =====
[2026-07-24 13:03:43] 🚀 启动 OKX 稳定版 v1
[2026-07-24 13:03:43] ❌ 请设置环境变量 OKX_API_KEY, OKX_API_SECRET, OKX_API_PASSPHRASE
===== RUN Fri Jul 24 15:03:47 UTC 2026 =====
[2026-07-24 15:03:47] 🚀 启动 OKX 稳定版 v1
[2026-07-24 15:03:47] ❌ 请设置环境变量 OKX_API_KEY, OKX_API_SECRET, OKX_API_PASSPHRASE
===== RUN Fri Jul 24 16:54:53 UTC 2026 =====
[2026-07-24 16:54:53] 🚀 启动 OKX 稳定版 v1
[2026-07-24 16:54:53] ❌ 请设置环境变量 OKX_API_KEY, OKX_API_SECRET, OKX_API_PASSPHRASE
===== RUN Fri Jul 24 18:22:15 UTC 2026 =====
[2026-07-24 18:22:16] 🚀 启动 OKX 稳定版 v1
[2026-07-24 18:22:16] ❌ 请设置环境变量 OKX_API_KEY, OKX_API_SECRET, OKX_API_PASSPHRASE
===== RUN Fri Jul 24 19:54:19 UTC 2026 =====
[2026-07-24 19:54:19] 🚀 启动 OKX 稳定版 v1
[2026-07-24 19:54:19] ❌ 请设置环境变量 OKX_API_KEY, OKX_API_SECRET, OKX_API_PASSPHRASE
===== RUN Fri Jul 24 21:07:41 UTC 2026 =====
[2026-07-24 21:07:42] 🚀 启动 OKX 稳定版 v1
[2026-07-24 21:07:42] ❌ 请设置环境变量 OKX_API_KEY, OKX_API_SECRET, OKX_API_PASSPHRASE
===== RUN Fri Jul 24 22:17:45 UTC 2026 =====
[2026-07-24 22:17:46] 🚀 启动 OKX 稳定版 v1
[2026-07-24 22:17:46] ❌ 请设置环境变量 OKX_API_KEY, OKX_API_SECRET, OKX_API_PASSPHRASE
===== RUN Fri Jul 24 23:29:41 UTC 2026 =====
[2026-07-24 23:29:41] 🚀 启动 OKX 稳定版 v1
[2026-07-24 23:29:41] ❌ 请设置环境变量 OKX_API_KEY, OKX_API_SECRET, OKX_API_PASSPHRASE
===== RUN Sat Jul 25 01:05:50 UTC 2026 =====
[2026-07-25 01:05:51] 🚀 启动 OKX 稳定版 v1
[2026-07-25 01:05:51] ❌ 请设置环境变量 OKX_API_KEY, OKX_API_SECRET, OKX_API_PASSPHRASE
===== RUN Sat Jul 25 04:26:02 UTC 2026 =====
[2026-07-25 04:26:02] 🚀 启动 OKX 稳定版 v1
[2026-07-25 04:26:02] ❌ 请设置环境变量 OKX_API_KEY, OKX_API_SECRET, OKX_API_PASSPHRASE
===== RUN Sat Jul 25 06:40:44 UTC 2026 =====
[2026-07-25 06:40:44] 🚀 启动 OKX 稳定版 v1
[2026-07-25 06:40:44] ❌ 请设置环境变量 OKX_API_KEY, OKX_API_SECRET, OKX_API_PASSPHRASE
===== RUN Sat Jul 25 10:26:05 UTC 2026 =====
[2026-07-25 10:26:05] 🚀 启动 OKX 稳定版 v1
[2026-07-25 10:26:05] ❌ 请设置环境变量 OKX_API_KEY, OKX_API_SECRET, OKX_API_PASSPHRASE
===== RUN Sat Jul 25 11:46:27 UTC 2026 =====
[2026-07-25 11:46:27] 🚀 启动 OKX 稳定版 v1
[2026-07-25 11:46:27] ❌ 请设置环境变量 OKX_API_KEY, OKX_API_SECRET, OKX_API_PASSPHRASE
===== RUN Sat Jul 25 12:50:47 UTC 2026 =====
[2026-07-25 12:50:47] 🚀 启动 OKX 稳定版 v1
[2026-07-25 12:50:47] ❌ 请设置环境变量 OKX_API_KEY, OKX_API_SECRET, OKX_API_PASSPHRASE
===== RUN Sat Jul 25 14:27:30 UTC 2026 =====
[2026-07-25 14:27:31] 🚀 启动 OKX 稳定版 v1
[2026-07-25 14:27:31] ❌ 请设置环境变量 OKX_API_KEY, OKX_API_SECRET, OKX_API_PASSPHRASE
===== RUN Sat Jul 25 15:43:41 UTC 2026 =====
[2026-07-25 15:43:41] 🚀 启动 OKX 稳定版 v1
[2026-07-25 15:43:41] ❌ 请设置环境变量 OKX_API_KEY, OKX_API_SECRET, OKX_API_PASSPHRASE
===== RUN Sat Jul 25 16:37:59 UTC 2026 =====
[2026-07-25 16:37:59] 🚀 启动 OKX 稳定版 v1
[2026-07-25 16:37:59] ❌ 请设置环境变量 OKX_API_KEY, OKX_API_SECRET, OKX_API_PASSPHRASE
===== RUN Sat Jul 25 17:42:41 UTC 2026 =====
[2026-07-25 17:42:41] 🚀 启动 OKX 稳定版 v1
[2026-07-25 17:42:41] ❌ 请设置环境变量 OKX_API_KEY, OKX_API_SECRET, OKX_API_PASSPHRASE
===== RUN Sat Jul 25 18:42:07 UTC 2026 =====
[2026-07-25 18:42:07] 🚀 启动 OKX 稳定版 v1
[2026-07-25 18:42:07] ❌ 请设置环境变量 OKX_API_KEY, OKX_API_SECRET, OKX_API_PASSPHRASE
===== RUN Sat Jul 25 20:00:04 UTC 2026 =====
[2026-07-25 20:00:04] 🚀 启动 OKX 稳定版 v1
[2026-07-25 20:00:04] ❌ 请设置环境变量 OKX_API_KEY, OKX_API_SECRET, OKX_API_PASSPHRASE
===== RUN Sat Jul 25 21:05:09 UTC 2026 =====
[2026-07-25 21:05:09] 🚀 启动 OKX 稳定版 v1
[2026-07-25 21:05:09] ❌ 请设置环境变量 OKX_API_KEY, OKX_API_SECRET, OKX_API_PASSPHRASE
===== RUN Sat Jul 25 22:08:09 UTC 2026 =====
[2026-07-25 22:08:10] 🚀 启动 OKX 稳定版 v1
[2026-07-25 22:08:10] ❌ 请设置环境变量 OKX_API_KEY, OKX_API_SECRET, OKX_API_PASSPHRASE
===== RUN Sat Jul 25 23:12:48 UTC 2026 =====
[2026-07-25 23:12:48] 🚀 启动 OKX 稳定版 v1
[2026-07-25 23:12:48] ❌ 请设置环境变量 OKX_API_KEY, OKX_API_SECRET, OKX_API_PASSPHRASE
===== RUN Sun Jul 26 00:16:21 UTC 2026 =====
[2026-07-26 00:16:22] 🚀 启动 OKX 稳定版 v1
[2026-07-26 00:16:22] ❌ 请设置环境变量 OKX_API_KEY, OKX_API_SECRET, OKX_API_PASSPHRASE
===== RUN Sun Jul 26 04:02:41 UTC 2026 =====
[2026-07-26 04:02:41] 🚀 启动 OKX 稳定版 v1
[2026-07-26 04:02:41] ❌ 请设置环境变量 OKX_API_KEY, OKX_API_SECRET, OKX_API_PASSPHRASE
===== RUN Sun Jul 26 06:46:07 UTC 2026 =====
[2026-07-26 06:46:07] 🚀 启动 OKX 稳定版 v1
[2026-07-26 06:46:07] ❌ 请设置环境变量 OKX_API_KEY, OKX_API_SECRET, OKX_API_PASSPHRASE
===== RUN Sun Jul 26 09:05:28 UTC 2026 =====
[2026-07-26 09:05:29] 🚀 启动 OKX 稳定版 v1
[2026-07-26 09:05:29] ❌ 请设置环境变量 OKX_API_KEY, OKX_API_SECRET, OKX_API_PASSPHRASE
===== RUN Sun Jul 26 10:52:40 UTC 2026 =====
[2026-07-26 10:52:40] 🚀 启动 OKX 稳定版 v1
[2026-07-26 10:52:40] ❌ 请设置环境变量 OKX_API_KEY, OKX_API_SECRET, OKX_API_PASSPHRASE
===== RUN Sun Jul 26 12:02:33 UTC 2026 =====
[2026-07-26 12:02:33] 🚀 启动 OKX 稳定版 v1
[2026-07-26 12:02:33] ❌ 请设置环境变量 OKX_API_KEY, OKX_API_SECRET, OKX_API_PASSPHRASE
===== RUN Sun Jul 26 13:51:16 UTC 2026 =====
[2026-07-26 13:51:16] 🚀 启动 OKX 稳定版 v1
[2026-07-26 13:51:16] ❌ 请设置环境变量 OKX_API_KEY, OKX_API_SECRET, OKX_API_PASSPHRASE
===== RUN Sun Jul 26 15:01:10 UTC 2026 =====
[2026-07-26 15:01:10] 🚀 启动 OKX 稳定版 v1
[2026-07-26 15:01:10] ❌ 请设置环境变量 OKX_API_KEY, OKX_API_SECRET, OKX_API_PASSPHRASE
===== RUN Sun Jul 26 16:11:44 UTC 2026 =====
[2026-07-26 16:11:44] 🚀 启动 OKX 稳定版 v1
[2026-07-26 16:11:44] ❌ 请设置环境变量 OKX_API_KEY, OKX_API_SECRET, OKX_API_PASSPHRASE
===== RUN Sun Jul 26 17:26:06 UTC 2026 =====
[2026-07-26 17:26:06] 🚀 启动 OKX 稳定版 v1
[2026-07-26 17:26:06] ❌ 请设置环境变量 OKX_API_KEY, OKX_API_SECRET, OKX_API_PASSPHRASE
===== RUN Sun Jul 26 18:34:46 UTC 2026 =====
[2026-07-26 18:34:46] 🚀 启动 OKX 稳定版 v1
[2026-07-26 18:34:46] ❌ 请设置环境变量 OKX_API_KEY, OKX_API_SECRET, OKX_API_PASSPHRASE
===== RUN Sun Jul 26 19:50:59 UTC 2026 =====
[2026-07-26 19:50:59] 🚀 启动 OKX 稳定版 v1
[2026-07-26 19:50:59] ❌ 请设置环境变量 OKX_API_KEY, OKX_API_SECRET, OKX_API_PASSPHRASE
===== RUN Sun Jul 26 20:52:41 UTC 2026 =====
[2026-07-26 20:52:41] 🚀 启动 OKX 稳定版 v1
[2026-07-26 20:52:41] ❌ 请设置环境变量 OKX_API_KEY, OKX_API_SECRET, OKX_API_PASSPHRASE
===== RUN Sun Jul 26 21:59:07 UTC 2026 =====
[2026-07-26 21:59:08] 🚀 启动 OKX 稳定版 v1
[2026-07-26 21:59:08] ❌ 请设置环境变量 OKX_API_KEY, OKX_API_SECRET, OKX_API_PASSPHRASE
===== RUN Sun Jul 26 23:07:18 UTC 2026 =====
[2026-07-26 23:07:18] 🚀 启动 OKX 稳定版 v1
[2026-07-26 23:07:18] ❌ 请设置环境变量 OKX_API_KEY, OKX_API_SECRET, OKX_API_PASSPHRASE
===== RUN Mon Jul 27 00:11:45 UTC 2026 =====
[2026-07-27 00:11:45] 🚀 启动 OKX 稳定版 v1
[2026-07-27 00:11:45] ❌ 请设置环境变量 OKX_API_KEY, OKX_API_SECRET, OKX_API_PASSPHRASE
===== RUN Mon Jul 27 04:05:48 UTC 2026 =====
[2026-07-27 04:05:48] 🚀 启动 OKX 稳定版 v1
[2026-07-27 04:05:48] ❌ 请设置环境变量 OKX_API_KEY, OKX_API_SECRET, OKX_API_PASSPHRASE
===== RUN Mon Jul 27 07:48:01 UTC 2026 =====
[2026-07-27 07:48:01] 🚀 启动 OKX 稳定版 v1
[2026-07-27 07:48:01] ❌ 请设置环境变量 OKX_API_KEY, OKX_API_SECRET, OKX_API_PASSPHRASE
===== RUN Mon Jul 27 10:58:47 UTC 2026 =====
[2026-07-27 10:58:48] 🚀 启动 OKX 稳定版 v1
[2026-07-27 10:58:48] ❌ 请设置环境变量 OKX_API_KEY, OKX_API_SECRET, OKX_API_PASSPHRASE
===== RUN Mon Jul 27 13:43:11 UTC 2026 =====
[2026-07-27 13:43:11] 🚀 启动 OKX 稳定版 v1
[2026-07-27 13:43:11] ❌ 请设置环境变量 OKX_API_KEY, OKX_API_SECRET, OKX_API_PASSPHRASE
===== RUN Mon Jul 27 16:04:12 UTC 2026 =====
[2026-07-27 16:04:12] 🚀 启动 OKX 稳定版 v1
[2026-07-27 16:04:12] ❌ 请设置环境变量 OKX_API_KEY, OKX_API_SECRET, OKX_API_PASSPHRASE
===== RUN Mon Jul 27 17:53:21 UTC 2026 =====
[2026-07-27 17:53:21] 🚀 启动 OKX 稳定版 v1
[2026-07-27 17:53:21] ❌ 请设置环境变量 OKX_API_KEY, OKX_API_SECRET, OKX_API_PASSPHRASE
===== RUN Mon Jul 27 19:34:55 UTC 2026 =====
[2026-07-27 19:34:55] 🚀 启动 OKX 稳定版 v1
[2026-07-27 19:34:55] ❌ 请设置环境变量 OKX_API_KEY, OKX_API_SECRET, OKX_API_PASSPHRASE
===== RUN Mon Jul 27 20:52:25 UTC 2026 =====
[2026-07-27 20:52:25] 🚀 启动 OKX 稳定版 v1
[2026-07-27 20:52:25] ❌ 请设置环境变量 OKX_API_KEY, OKX_API_SECRET, OKX_API_PASSPHRASE
===== RUN Mon Jul 27 22:05:38 UTC 2026 =====
[2026-07-27 22:05:38] 🚀 启动 OKX 稳定版 v1
[2026-07-27 22:05:38] ❌ 请设置环境变量 OKX_API_KEY, OKX_API_SECRET, OKX_API_PASSPHRASE
===== RUN Mon Jul 27 23:18:42 UTC 2026 =====
[2026-07-27 23:18:42] 🚀 启动 OKX 稳定版 v1
[2026-07-27 23:18:42] ❌ 请设置环境变量 OKX_API_KEY, OKX_API_SECRET, OKX_API_PASSPHRASE
===== RUN Tue Jul 28 00:52:41 UTC 2026 =====
[2026-07-28 00:52:42] 🚀 启动 OKX 稳定版 v1
[2026-07-28 00:52:42] ❌ 请设置环境变量 OKX_API_KEY, OKX_API_SECRET, OKX_API_PASSPHRASE
===== RUN Tue Jul 28 04:08:48 UTC 2026 =====
[2026-07-28 04:08:48] 🚀 启动 OKX 稳定版 v1
[2026-07-28 04:08:48] ❌ 请设置环境变量 OKX_API_KEY, OKX_API_SECRET, OKX_API_PASSPHRASE
===== RUN Tue Jul 28 06:40:45 UTC 2026 =====
[2026-07-28 06:40:46] 🚀 启动 OKX 稳定版 v1
[2026-07-28 06:40:46] ❌ 请设置环境变量 OKX_API_KEY, OKX_API_SECRET, OKX_API_PASSPHRASE
===== RUN Tue Jul 28 09:27:28 UTC 2026 =====
[2026-07-28 09:27:28] 🚀 启动 OKX 稳定版 v1
[2026-07-28 09:27:28] ❌ 请设置环境变量 OKX_API_KEY, OKX_API_SECRET, OKX_API_PASSPHRASE
===== RUN Tue Jul 28 11:36:54 UTC 2026 =====
[2026-07-28 11:36:54] 🚀 启动 OKX 稳定版 v1
[2026-07-28 11:36:54] ❌ 请设置环境变量 OKX_API_KEY, OKX_API_SECRET, OKX_API_PASSPHRASE
===== RUN Tue Jul 28 13:18:26 UTC 2026 =====
[2026-07-28 13:18:26] 🚀 启动 OKX 稳定版 v1
[2026-07-28 13:18:26] ❌ 请设置环境变量 OKX_API_KEY, OKX_API_SECRET, OKX_API_PASSPHRASE
===== RUN Tue Jul 28 15:39:47 UTC 2026 =====
[2026-07-28 15:39:47] 🚀 启动 OKX 稳定版 v1
[2026-07-28 15:39:47] ❌ 请设置环境变量 OKX_API_KEY, OKX_API_SECRET, OKX_API_PASSPHRASE
===== RUN Tue Jul 28 17:10:42 UTC 2026 =====
[2026-07-28 17:10:42] 🚀 启动 OKX 稳定版 v1
[2026-07-28 17:10:42] ❌ 请设置环境变量 OKX_API_KEY, OKX_API_SECRET, OKX_API_PASSPHRASE
===== RUN Tue Jul 28 18:48:15 UTC 2026 =====
[2026-07-28 18:48:15] 🚀 启动 OKX 稳定版 v1
[2026-07-28 18:48:15] ❌ 请设置环境变量 OKX_API_KEY, OKX_API_SECRET, OKX_API_PASSPHRASE
===== RUN Tue Jul 28 20:09:23 UTC 2026 =====
[2026-07-28 20:09:23] 🚀 启动 OKX 稳定版 v1
[2026-07-28 20:09:23] ❌ 请设置环境变量 OKX_API_KEY, OKX_API_SECRET, OKX_API_PASSPHRASE
===== RUN Tue Jul 28 21:32:33 UTC 2026 =====
[2026-07-28 21:32:34] 🚀 启动 OKX 稳定版 v1
[2026-07-28 21:32:34] ❌ 请设置环境变量 OKX_API_KEY, OKX_API_SECRET, OKX_API_PASSPHRASE
===== RUN Tue Jul 28 22:39:17 UTC 2026 =====
[2026-07-28 22:39:18] 🚀 启动 OKX 稳定版 v1
[2026-07-28 22:39:18] ❌ 请设置环境变量 OKX_API_KEY, OKX_API_SECRET, OKX_API_PASSPHRASE
===== RUN Tue Jul 28 23:41:48 UTC 2026 =====
[2026-07-28 23:41:48] 🚀 启动 OKX 稳定版 v1
[2026-07-28 23:41:48] ❌ 请设置环境变量 OKX_API_KEY, OKX_API_SECRET, OKX_API_PASSPHRASE
===== RUN Wed Jul 29 01:11:01 UTC 2026 =====
[2026-07-29 01:11:01] 🚀 启动 OKX 稳定版 v1
[2026-07-29 01:11:01] ❌ 请设置环境变量 OKX_API_KEY, OKX_API_SECRET, OKX_API_PASSPHRASE
===== RUN Wed Jul 29 04:32:48 UTC 2026 =====
[2026-07-29 04:32:48] 🚀 启动 OKX 稳定版 v1
[2026-07-29 04:32:48] ❌ 请设置环境变量 OKX_API_KEY, OKX_API_SECRET, OKX_API_PASSPHRASE
===== RUN Wed Jul 29 07:27:26 UTC 2026 =====
[2026-07-29 07:27:26] 🚀 启动 OKX 稳定版 v1
[2026-07-29 07:27:26] ❌ 请设置环境变量 OKX_API_KEY, OKX_API_SECRET, OKX_API_PASSPHRASE
===== RUN Wed Jul 29 10:12:49 UTC 2026 =====
[2026-07-29 10:12:49] 🚀 启动 OKX 稳定版 v1
[2026-07-29 10:12:49] ❌ 请设置环境变量 OKX_API_KEY, OKX_API_SECRET, OKX_API_PASSPHRASE
===== RUN Wed Jul 29 12:23:44 UTC 2026 =====
[2026-07-29 12:23:44] 🚀 启动 OKX 稳定版 v1
[2026-07-29 12:23:44] ❌ 请设置环境变量 OKX_API_KEY, OKX_API_SECRET, OKX_API_PASSPHRASE
===== RUN Wed Jul 29 14:42:14 UTC 2026 =====
[2026-07-29 14:42:14] 🚀 启动 OKX 稳定版 v1
[2026-07-29 14:42:14] ❌ 请设置环境变量 OKX_API_KEY, OKX_API_SECRET, OKX_API_PASSPHRASE
===== RUN Wed Jul 29 16:11:32 UTC 2026 =====
[2026-07-29 16:11:32] 🚀 启动 OKX 稳定版 v1
[2026-07-29 16:11:32] ❌ 请设置环境变量 OKX_API_KEY, OKX_API_SECRET, OKX_API_PASSPHRASE
===== RUN Wed Jul 29 17:40:38 UTC 2026 =====
[2026-07-29 17:40:38] 🚀 启动 OKX 稳定版 v1
[2026-07-29 17:40:38] ❌ 请设置环境变量 OKX_API_KEY, OKX_API_SECRET, OKX_API_PASSPHRASE
===== RUN Wed Jul 29 18:42:28 UTC 2026 =====
[2026-07-29 18:42:29] 🚀 启动 OKX 稳定版 v1
[2026-07-29 18:42:29] ❌ 请设置环境变量 OKX_API_KEY, OKX_API_SECRET, OKX_API_PASSPHRASE
===== RUN Wed Jul 29 20:03:19 UTC 2026 =====
[2026-07-29 20:03:19] 🚀 启动 OKX 稳定版 v1
[2026-07-29 20:03:19] ❌ 请设置环境变量 OKX_API_KEY, OKX_API_SECRET, OKX_API_PASSPHRASE
===== RUN Wed Jul 29 21:10:10 UTC 2026 =====
[2026-07-29 21:10:10] 🚀 启动 OKX 稳定版 v1
[2026-07-29 21:10:10] ❌ 请设置环境变量 OKX_API_KEY, OKX_API_SECRET, OKX_API_PASSPHRASE
===== RUN Wed Jul 29 22:14:23 UTC 2026 =====
[2026-07-29 22:14:23] 🚀 启动 OKX 稳定版 v1
[2026-07-29 22:14:23] ❌ 请设置环境变量 OKX_API_KEY, OKX_API_SECRET, OKX_API_PASSPHRASE
===== RUN Wed Jul 29 23:25:56 UTC 2026 =====
[2026-07-29 23:25:56] 🚀 启动 OKX 稳定版 v1
[2026-07-29 23:25:56] ❌ 请设置环境变量 OKX_API_KEY, OKX_API_SECRET, OKX_API_PASSPHRASE
===== RUN Thu Jul 30 00:55:22 UTC 2026 =====
[2026-07-30 00:55:22] 🚀 启动 OKX 稳定版 v1
[2026-07-30 00:55:22] ❌ 请设置环境变量 OKX_API_KEY, OKX_API_SECRET, OKX_API_PASSPHRASE
===== RUN Thu Jul 30 04:11:16 UTC 2026 =====
[2026-07-30 04:11:16] 🚀 启动 OKX 稳定版 v1
[2026-07-30 04:11:16] ❌ 请设置环境变量 OKX_API_KEY, OKX_API_SECRET, OKX_API_PASSPHRASE
===== RUN Thu Jul 30 06:43:38 UTC 2026 =====
[2026-07-30 06:43:38] 🚀 启动 OKX 稳定版 v1
[2026-07-30 06:43:38] ❌ 请设置环境变量 OKX_API_KEY, OKX_API_SECRET, OKX_API_PASSPHRASE
===== RUN Thu Jul 30 09:20:52 UTC 2026 =====
[2026-07-30 09:20:53] 🚀 启动 OKX 稳定版 v1
[2026-07-30 09:20:53] ❌ 请设置环境变量 OKX_API_KEY, OKX_API_SECRET, OKX_API_PASSPHRASE
===== RUN Thu Jul 30 11:27:14 UTC 2026 =====
[2026-07-30 11:27:14] 🚀 启动 OKX 稳定版 v1
[2026-07-30 11:27:14] ❌ 请设置环境变量 OKX_API_KEY, OKX_API_SECRET, OKX_API_PASSPHRASE
===== RUN Thu Jul 30 13:09:34 UTC 2026 =====
[2026-07-30 13:09:34] 🚀 启动 OKX 稳定版 v1
[2026-07-30 13:09:34] ❌ 请设置环境变量 OKX_API_KEY, OKX_API_SECRET, OKX_API_PASSPHRASE
===== RUN Thu Jul 30 15:23:42 UTC 2026 =====
[2026-07-30 15:23:42] 🚀 启动 OKX 稳定版 v1
[2026-07-30 15:23:42] ❌ 请设置环境变量 OKX_API_KEY, OKX_API_SECRET, OKX_API_PASSPHRASE
===== RUN Thu Jul 30 17:01:11 UTC 2026 =====
[2026-07-30 17:01:11] 🚀 启动 OKX 稳定版 v1
[2026-07-30 17:01:11] ❌ 请设置环境变量 OKX_API_KEY, OKX_API_SECRET, OKX_API_PASSPHRASE
===== RUN Thu Jul 30 18:40:45 UTC 2026 =====
[2026-07-30 18:40:45] 🚀 启动 OKX 稳定版 v1
[2026-07-30 18:40:45] ❌ 请设置环境变量 OKX_API_KEY, OKX_API_SECRET, OKX_API_PASSPHRASE
===== RUN Thu Jul 30 20:06:35 UTC 2026 =====
[2026-07-30 20:06:35] 🚀 启动 OKX 稳定版 v1
[2026-07-30 20:06:35] ❌ 请设置环境变量 OKX_API_KEY, OKX_API_SECRET, OKX_API_PASSPHRASE
===== RUN Thu Jul 30 21:30:16 UTC 2026 =====
[2026-07-30 21:30:16] 🚀 启动 OKX 稳定版 v1
[2026-07-30 21:30:16] ❌ 请设置环境变量 OKX_API_KEY, OKX_API_SECRET, OKX_API_PASSPHRASE
===== RUN Thu Jul 30 22:41:57 UTC 2026 =====
[2026-07-30 22:41:57] 🚀 启动 OKX 稳定版 v1
[2026-07-30 22:41:57] ❌ 请设置环境变量 OKX_API_KEY, OKX_API_SECRET, OKX_API_PASSPHRASE
===== RUN Thu Jul 30 23:43:34 UTC 2026 =====
[2026-07-30 23:43:34] 🚀 启动 OKX 稳定版 v1
[2026-07-30 23:43:34] ❌ 请设置环境变量 OKX_API_KEY, OKX_API_SECRET, OKX_API_PASSPHRASE
===== RUN Fri Jul 31 01:16:49 UTC 2026 =====
[2026-07-31 01:16:49] 🚀 启动 OKX 稳定版 v1
[2026-07-31 01:16:49] ❌ 请设置环境变量 OKX_API_KEY, OKX_API_SECRET, OKX_API_PASSPHRASE
===== RUN Fri Jul 31 04:48:38 UTC 2026 =====
[2026-07-31 04:48:39] 🚀 启动 OKX 稳定版 v1
[2026-07-31 04:48:39] ❌ 请设置环境变量 OKX_API_KEY, OKX_API_SECRET, OKX_API_PASSPHRASE
===== RUN Fri Jul 31 07:44:21 UTC 2026 =====
[2026-07-31 07:44:22] 🚀 启动 OKX 稳定版 v1
[2026-07-31 07:44:22] ❌ 请设置环境变量 OKX_API_KEY, OKX_API_SECRET, OKX_API_PASSPHRASE
===== RUN Fri Jul 31 10:21:37 UTC 2026 =====
[2026-07-31 10:21:37] 🚀 启动 OKX 稳定版 v1
[2026-07-31 10:21:37] ❌ 请设置环境变量 OKX_API_KEY, OKX_API_SECRET, OKX_API_PASSPHRASE
===== RUN Fri Jul 31 12:25:59 UTC 2026 =====
[2026-07-31 12:25:59] 🚀 启动 OKX 稳定版 v1
[2026-07-31 12:25:59] ❌ 请设置环境变量 OKX_API_KEY, OKX_API_SECRET, OKX_API_PASSPHRASE
===== RUN Fri Jul 31 15:01:01 UTC 2026 =====
[2026-07-31 15:01:01] 🚀 启动 OKX 稳定版 v1
[2026-07-31 15:01:01] ❌ 请设置环境变量 OKX_API_KEY, OKX_API_SECRET, OKX_API_PASSPHRASE
===== RUN Fri Jul 31 16:52:46 UTC 2026 =====
[2026-07-31 16:52:46] 🚀 启动 OKX 稳定版 v1
[2026-07-31 16:52:46] ❌ 请设置环境变量 OKX_API_KEY, OKX_API_SECRET, OKX_API_PASSPHRASE
===== RUN Fri Jul 31 18:20:21 UTC 2026 =====
[2026-07-31 18:20:21] 🚀 启动 OKX 稳定版 v1
[2026-07-31 18:20:21] ❌ 请设置环境变量 OKX_API_KEY, OKX_API_SECRET, OKX_API_PASSPHRASE
===== RUN Fri Jul 31 19:59:51 UTC 2026 =====
[2026-07-31 19:59:51] 🚀 启动 OKX 稳定版 v1
[2026-07-31 19:59:51] ❌ 请设置环境变量 OKX_API_KEY, OKX_API_SECRET, OKX_API_PASSPHRASE
===== RUN Fri Jul 31 21:16:54 UTC 2026 =====
[2026-07-31 21:16:55] 🚀 启动 OKX 稳定版 v1
[2026-07-31 21:16:55] ❌ 请设置环境变量 OKX_API_KEY, OKX_API_SECRET, OKX_API_PASSPHRASE
===== RUN Fri Jul 31 22:28:22 UTC 2026 =====
[2026-07-31 22:28:23] 🚀 启动 OKX 稳定版 v1
[2026-07-31 22:28:23] ❌ 请设置环境变量 OKX_API_KEY, OKX_API_SECRET, OKX_API_PASSPHRASE
===== RUN Fri Jul 31 23:35:20 UTC 2026 =====
[2026-07-31 23:35:20] 🚀 启动 OKX 稳定版 v1
[2026-07-31 23:35:20] ❌ 请设置环境变量 OKX_API_KEY, OKX_API_SECRET, OKX_API_PASSPHRASE
===== RUN Sat Aug  1 01:12:26 UTC 2026 =====
[2026-08-01 01:12:26] 🚀 启动 OKX 稳定版 v1
[2026-08-01 01:12:26] ❌ 请设置环境变量 OKX_API_KEY, OKX_API_SECRET, OKX_API_PASSPHRASE
===== RUN Sat Aug  1 04:40:18 UTC 2026 =====
[2026-08-01 04:40:19] 🚀 启动 OKX 稳定版 v1
[2026-08-01 04:40:19] ❌ 请设置环境变量 OKX_API_KEY, OKX_API_SECRET, OKX_API_PASSPHRASE
===== RUN Sat Aug  1 07:16:41 UTC 2026 =====
[2026-08-01 07:16:41] 🚀 启动 OKX 稳定版 v1
[2026-08-01 07:16:41] ❌ 请设置环境变量 OKX_API_KEY, OKX_API_SECRET, OKX_API_PASSPHRASE
===== RUN Sat Aug  1 09:27:51 UTC 2026 =====
[2026-08-01 09:27:51] 🚀 启动 OKX 稳定版 v1
[2026-08-01 09:27:51] ❌ 请设置环境变量 OKX_API_KEY, OKX_API_SECRET, OKX_API_PASSPHRASE
===== RUN Sat Aug  1 11:02:26 UTC 2026 =====
[2026-08-01 11:02:26] 🚀 启动 OKX 稳定版 v1
[2026-08-01 11:02:26] ❌ 请设置环境变量 OKX_API_KEY, OKX_API_SECRET, OKX_API_PASSPHRASE
===== RUN Sat Aug  1 12:09:55 UTC 2026 =====
[2026-08-01 12:09:56] 🚀 启动 OKX 稳定版 v1
[2026-08-01 12:09:56] ❌ 请设置环境变量 OKX_API_KEY, OKX_API_SECRET, OKX_API_PASSPHRASE
===== RUN Sat Aug  1 13:56:53 UTC 2026 =====
[2026-08-01 13:56:53] 🚀 启动 OKX 稳定版 v1
[2026-08-01 13:56:53] ❌ 请设置环境变量 OKX_API_KEY, OKX_API_SECRET, OKX_API_PASSPHRASE
===== RUN Sat Aug  1 15:09:12 UTC 2026 =====
[2026-08-01 15:09:12] 🚀 启动 OKX 稳定版 v1
[2026-08-01 15:09:12] ❌ 请设置环境变量 OKX_API_KEY, OKX_API_SECRET, OKX_API_PASSPHRASE
===== RUN Sat Aug  1 16:13:45 UTC 2026 =====
[2026-08-01 16:13:45] 🚀 启动 OKX 稳定版 v1
[2026-08-01 16:13:45] ❌ 请设置环境变量 OKX_API_KEY, OKX_API_SECRET, OKX_API_PASSPHRASE
===== RUN Sat Aug  1 17:25:56 UTC 2026 =====
[2026-08-01 17:25:56] 🚀 启动 OKX 稳定版 v1
[2026-08-01 17:25:56] ❌ 请设置环境变量 OKX_API_KEY, OKX_API_SECRET, OKX_API_PASSPHRASE
===== RUN Sat Aug  1 18:31:34 UTC 2026 =====
[2026-08-01 18:31:34] 🚀 启动 OKX 稳定版 v1
[2026-08-01 18:31:34] ❌ 请设置环境变量 OKX_API_KEY, OKX_API_SECRET, OKX_API_PASSPHRASE
===== RUN Sat Aug  1 19:48:57 UTC 2026 =====
[2026-08-01 19:48:58] 🚀 启动 OKX 稳定版 v1
[2026-08-01 19:48:58] ❌ 请设置环境变量 OKX_API_KEY, OKX_API_SECRET, OKX_API_PASSPHRASE
===== RUN Sat Aug  1 20:39:37 UTC 2026 =====
[2026-08-01 20:39:37] 🚀 启动 OKX 稳定版 v1
[2026-08-01 20:39:37] ❌ 请设置环境变量 OKX_API_KEY, OKX_API_SECRET, OKX_API_PASSPHRASE
===== RUN Sat Aug  1 21:37:56 UTC 2026 =====
[2026-08-01 21:37:56] 🚀 启动 OKX 稳定版 v1
[2026-08-01 21:37:56] ❌ 请设置环境变量 OKX_API_KEY, OKX_API_SECRET, OKX_API_PASSPHRASE
===== RUN Sat Aug  1 22:38:30 UTC 2026 =====
[2026-08-01 22:38:30] 🚀 启动 OKX 稳定版 v1
[2026-08-01 22:38:30] ❌ 请设置环境变量 OKX_API_KEY, OKX_API_SECRET, OKX_API_PASSPHRASE
===== RUN Sat Aug  1 23:41:32 UTC 2026 =====
[2026-08-01 23:41:32] 🚀 启动 OKX 稳定版 v1
[2026-08-01 23:41:32] ❌ 请设置环境变量 OKX_API_KEY, OKX_API_SECRET, OKX_API_PASSPHRASE
===== RUN Sun Aug  2 01:17:01 UTC 2026 =====
[2026-08-02 01:17:01] 🚀 启动 OKX 稳定版 v1
[2026-08-02 01:17:01] ❌ 请设置环境变量 OKX_API_KEY, OKX_API_SECRET, OKX_API_PASSPHRASE
===== RUN Sun Aug  2 04:43:59 UTC 2026 =====
[2026-08-02 04:43:59] 🚀 启动 OKX 稳定版 v1
[2026-08-02 04:43:59] ❌ 请设置环境变量 OKX_API_KEY, OKX_API_SECRET, OKX_API_PASSPHRASE
===== RUN Sun Aug  2 07:23:46 UTC 2026 =====
[2026-08-02 07:23:46] 🚀 启动 OKX 稳定版 v1
[2026-08-02 07:23:46] ❌ 请设置环境变量 OKX_API_KEY, OKX_API_SECRET, OKX_API_PASSPHRASE
===== RUN Sun Aug  2 09:33:37 UTC 2026 =====
[2026-08-02 09:33:38] 🚀 启动 OKX 稳定版 v1
[2026-08-02 09:33:38] ❌ 请设置环境变量 OKX_API_KEY, OKX_API_SECRET, OKX_API_PASSPHRASE
===== RUN Sun Aug  2 11:05:06 UTC 2026 =====
[2026-08-02 11:05:06] 🚀 启动 OKX 稳定版 v1
[2026-08-02 11:05:06] ❌ 请设置环境变量 OKX_API_KEY, OKX_API_SECRET, OKX_API_PASSPHRASE
===== RUN Sun Aug  2 12:13:52 UTC 2026 =====
[2026-08-02 12:13:52] 🚀 启动 OKX 稳定版 v1
[2026-08-02 12:13:52] ❌ 请设置环境变量 OKX_API_KEY, OKX_API_SECRET, OKX_API_PASSPHRASE
===== RUN Sun Aug  2 14:01:54 UTC 2026 =====
[2026-08-02 14:01:54] 🚀 启动 OKX 稳定版 v1
[2026-08-02 14:01:54] ❌ 请设置环境变量 OKX_API_KEY, OKX_API_SECRET, OKX_API_PASSPHRASE
===== RUN Sun Aug  2 15:14:31 UTC 2026 =====
[2026-08-02 15:14:31] 🚀 启动 OKX 稳定版 v1
[2026-08-02 15:14:31] ❌ 请设置环境变量 OKX_API_KEY, OKX_API_SECRET, OKX_API_PASSPHRASE
===== RUN Sun Aug  2 16:17:17 UTC 2026 =====
[2026-08-02 16:17:17] 🚀 启动 OKX 稳定版 v1
[2026-08-02 16:17:17] ❌ 请设置环境变量 OKX_API_KEY, OKX_API_SECRET, OKX_API_PASSPHRASE
===== RUN Sun Aug  2 17:29:12 UTC 2026 =====
[2026-08-02 17:29:12] 🚀 启动 OKX 稳定版 v1
[2026-08-02 17:29:12] ❌ 请设置环境变量 OKX_API_KEY, OKX_API_SECRET, OKX_API_PASSPHRASE
===== RUN Sun Aug  2 18:35:15 UTC 2026 =====
[2026-08-02 18:35:15] 🚀 启动 OKX 稳定版 v1
[2026-08-02 18:35:15] ❌ 请设置环境变量 OKX_API_KEY, OKX_API_SECRET, OKX_API_PASSPHRASE
===== RUN Sun Aug  2 19:50:58 UTC 2026 =====
[2026-08-02 19:50:58] 🚀 启动 OKX 稳定版 v1
[2026-08-02 19:50:58] ❌ 请设置环境变量 OKX_API_KEY, OKX_API_SECRET, OKX_API_PASSPHRASE
===== RUN Sun Aug  2 20:49:05 UTC 2026 =====
[2026-08-02 20:49:05] 🚀 启动 OKX 稳定版 v1
[2026-08-02 20:49:05] ❌ 请设置环境变量 OKX_API_KEY, OKX_API_SECRET, OKX_API_PASSPHRASE
===== RUN Sun Aug  2 21:44:03 UTC 2026 =====
[2026-08-02 21:44:03] 🚀 启动 OKX 稳定版 v1
[2026-08-02 21:44:03] ❌ 请设置环境变量 OKX_API_KEY, OKX_API_SECRET, OKX_API_PASSPHRASE
===== RUN Sun Aug  2 22:40:47 UTC 2026 =====
[2026-08-02 22:40:47] 🚀 启动 OKX 稳定版 v1
[2026-08-02 22:40:47] ❌ 请设置环境变量 OKX_API_KEY, OKX_API_SECRET, OKX_API_PASSPHRASE
===== RUN Sun Aug  2 23:44:01 UTC 2026 =====
[2026-08-02 23:44:01] 🚀 启动 OKX 稳定版 v1
[2026-08-02 23:44:01] ❌ 请设置环境变量 OKX_API_KEY, OKX_API_SECRET, OKX_API_PASSPHRASE
===== RUN Mon Aug  3 01:17:39 UTC 2026 =====
[2026-08-03 01:17:39] 🚀 启动 OKX 稳定版 v1
[2026-08-03 01:17:39] ❌ 请设置环境变量 OKX_API_KEY, OKX_API_SECRET, OKX_API_PASSPHRASE
===== RUN Mon Aug  3 04:53:35 UTC 2026 =====
[2026-08-03 04:53:36] 🚀 启动 OKX 稳定版 v1
[2026-08-03 04:53:36] ❌ 请设置环境变量 OKX_API_KEY, OKX_API_SECRET, OKX_API_PASSPHRASE
===== RUN Mon Aug  3 08:30:13 UTC 2026 =====
[2026-08-03 08:30:13] 🚀 启动 OKX 稳定版 v1
[2026-08-03 08:30:13] ❌ 请设置环境变量 OKX_API_KEY, OKX_API_SECRET, OKX_API_PASSPHRASE
===== RUN Mon Aug  3 11:59:16 UTC 2026 =====
[2026-08-03 11:59:17] 🚀 启动 OKX 稳定版 v1
[2026-08-03 11:59:17] ❌ 请设置环境变量 OKX_API_KEY, OKX_API_SECRET, OKX_API_PASSPHRASE
===== RUN Mon Aug  3 15:10:28 UTC 2026 =====
[2026-08-03 15:10:28] 🚀 启动 OKX 稳定版 v1
[2026-08-03 15:10:28] ❌ 请设置环境变量 OKX_API_KEY, OKX_API_SECRET, OKX_API_PASSPHRASE
===== RUN Mon Aug  3 17:20:17 UTC 2026 =====
[2026-08-03 17:20:17] 🚀 启动 OKX 稳定版 v1
[2026-08-03 17:20:17] ❌ 请设置环境变量 OKX_API_KEY, OKX_API_SECRET, OKX_API_PASSPHRASE
===== RUN Mon Aug  3 19:03:02 UTC 2026 =====
[2026-08-03 19:03:02] 🚀 启动 OKX 稳定版 v1
[2026-08-03 19:03:02] ❌ 请设置环境变量 OKX_API_KEY, OKX_API_SECRET, OKX_API_PASSPHRASE
===== RUN Mon Aug  3 20:37:42 UTC 2026 =====
[2026-08-03 20:37:42] 🚀 启动 OKX 稳定版 v1
[2026-08-03 20:37:42] ❌ 请设置环境变量 OKX_API_KEY, OKX_API_SECRET, OKX_API_PASSPHRASE
===== RUN Mon Aug  3 21:48:19 UTC 2026 =====
[2026-08-03 21:48:19] 🚀 启动 OKX 稳定版 v1
[2026-08-03 21:48:19] ❌ 请设置环境变量 OKX_API_KEY, OKX_API_SECRET, OKX_API_PASSPHRASE
===== RUN Mon Aug  3 22:49:18 UTC 2026 =====
[2026-08-03 22:49:18] 🚀 启动 OKX 稳定版 v1
[2026-08-03 22:49:18] ❌ 请设置环境变量 OKX_API_KEY, OKX_API_SECRET, OKX_API_PASSPHRASE
===== RUN Mon Aug  3 23:59:41 UTC 2026 =====
[2026-08-03 23:59:41] 🚀 启动 OKX 稳定版 v1
[2026-08-03 23:59:41] ❌ 请设置环境变量 OKX_API_KEY, OKX_API_SECRET, OKX_API_PASSPHRASE
===== RUN Tue Aug  4 03:30:44 UTC 2026 =====
[2026-08-04 03:30:44] 🚀 启动 OKX 稳定版 v1
[2026-08-04 03:30:44] ❌ 请设置环境变量 OKX_API_KEY, OKX_API_SECRET, OKX_API_PASSPHRASE
===== RUN Tue Aug  4 06:12:53 UTC 2026 =====
[2026-08-04 06:12:53] 🚀 启动 OKX 稳定版 v1
[2026-08-04 06:12:53] ❌ 请设置环境变量 OKX_API_KEY, OKX_API_SECRET, OKX_API_PASSPHRASE
===== RUN Tue Aug  4 09:13:31 UTC 2026 =====
[2026-08-04 09:13:32] 🚀 启动 OKX 稳定版 v1
[2026-08-04 09:13:32] ❌ 请设置环境变量 OKX_API_KEY, OKX_API_SECRET, OKX_API_PASSPHRASE
===== RUN Tue Aug  4 11:35:19 UTC 2026 =====
[2026-08-04 11:35:19] 🚀 启动 OKX 稳定版 v1
[2026-08-04 11:35:19] ❌ 请设置环境变量 OKX_API_KEY, OKX_API_SECRET, OKX_API_PASSPHRASE
===== RUN Tue Aug  4 13:22:19 UTC 2026 =====
[2026-08-04 13:22:19] 🚀 启动 OKX 稳定版 v1
[2026-08-04 13:22:19] ❌ 请设置环境变量 OKX_API_KEY, OKX_API_SECRET, OKX_API_PASSPHRASE
===== RUN Tue Aug  4 15:54:05 UTC 2026 =====
[2026-08-04 15:54:05] 🚀 启动 OKX 稳定版 v1
[2026-08-04 15:54:05] ❌ 请设置环境变量 OKX_API_KEY, OKX_API_SECRET, OKX_API_PASSPHRASE
===== RUN Tue Aug  4 17:51:20 UTC 2026 =====
[2026-08-04 17:51:21] 🚀 启动 OKX 稳定版 v1
[2026-08-04 17:51:21] ❌ 请设置环境变量 OKX_API_KEY, OKX_API_SECRET, OKX_API_PASSPHRASE
===== RUN Tue Aug  4 19:25:39 UTC 2026 =====
[2026-08-04 19:25:39] 🚀 启动 OKX 稳定版 v1
[2026-08-04 19:25:39] ❌ 请设置环境变量 OKX_API_KEY, OKX_API_SECRET, OKX_API_PASSPHRASE
===== RUN Tue Aug  4 20:51:43 UTC 2026 =====
[2026-08-04 20:51:43] 🚀 启动 OKX 稳定版 v1
[2026-08-04 20:51:43] ❌ 请设置环境变量 OKX_API_KEY, OKX_API_SECRET, OKX_API_PASSPHRASE
===== RUN Tue Aug  4 22:08:40 UTC 2026 =====
[2026-08-04 22:08:40] 🚀 启动 OKX 稳定版 v1
[2026-08-04 22:08:40] ❌ 请设置环境变量 OKX_API_KEY, OKX_API_SECRET, OKX_API_PASSPHRASE
===== RUN Tue Aug  4 23:18:24 UTC 2026 =====
[2026-08-04 23:18:24] 🚀 启动 OKX 稳定版 v1
[2026-08-04 23:18:24] ❌ 请设置环境变量 OKX_API_KEY, OKX_API_SECRET, OKX_API_PASSPHRASE
===== RUN Wed Aug  5 00:51:29 UTC 2026 =====
[2026-08-05 00:51:29] 🚀 启动 OKX 稳定版 v1
[2026-08-05 00:51:29] ❌ 请设置环境变量 OKX_API_KEY, OKX_API_SECRET, OKX_API_PASSPHRASE
===== RUN Wed Aug  5 03:57:26 UTC 2026 =====
[2026-08-05 03:57:26] 🚀 启动 OKX 稳定版 v1
[2026-08-05 03:57:26] ❌ 请设置环境变量 OKX_API_KEY, OKX_API_SECRET, OKX_API_PASSPHRASE
===== RUN Wed Aug  5 06:36:51 UTC 2026 =====
[2026-08-05 06:36:51] 🚀 启动 OKX 稳定版 v1
[2026-08-05 06:36:51] ❌ 请设置环境变量 OKX_API_KEY, OKX_API_SECRET, OKX_API_PASSPHRASE
===== RUN Wed Aug  5 09:24:04 UTC 2026 =====
[2026-08-05 09:24:04] 🚀 启动 OKX 稳定版 v1
[2026-08-05 09:24:04] ❌ 请设置环境变量 OKX_API_KEY, OKX_API_SECRET, OKX_API_PASSPHRASE
===== RUN Wed Aug  5 11:36:46 UTC 2026 =====
[2026-08-05 11:36:46] 🚀 启动 OKX 稳定版 v1
[2026-08-05 11:36:46] ❌ 请设置环境变量 OKX_API_KEY, OKX_API_SECRET, OKX_API_PASSPHRASE
===== RUN Wed Aug  5 13:21:00 UTC 2026 =====
[2026-08-05 13:21:00] 🚀 启动 OKX 稳定版 v1
[2026-08-05 13:21:00] ❌ 请设置环境变量 OKX_API_KEY, OKX_API_SECRET, OKX_API_PASSPHRASE
===== RUN Wed Aug  5 15:36:31 UTC 2026 =====
[2026-08-05 15:36:32] 🚀 启动 OKX 稳定版 v1
[2026-08-05 15:36:32] ❌ 请设置环境变量 OKX_API_KEY, OKX_API_SECRET, OKX_API_PASSPHRASE
===== RUN Wed Aug  5 17:09:15 UTC 2026 =====
[2026-08-05 17:09:15] 🚀 启动 OKX 稳定版 v1
[2026-08-05 17:09:15] ❌ 请设置环境变量 OKX_API_KEY, OKX_API_SECRET, OKX_API_PASSPHRASE
===== RUN Wed Aug  5 18:54:01 UTC 2026 =====
[2026-08-05 18:54:01] 🚀 启动 OKX 稳定版 v1
[2026-08-05 18:54:01] ❌ 请设置环境变量 OKX_API_KEY, OKX_API_SECRET, OKX_API_PASSPHRASE
===== RUN Wed Aug  5 20:34:11 UTC 2026 =====
[2026-08-05 20:34:11] 🚀 启动 OKX 稳定版 v1
[2026-08-05 20:34:11] ❌ 请设置环境变量 OKX_API_KEY, OKX_API_SECRET, OKX_API_PASSPHRASE
===== RUN Wed Aug  5 21:52:36 UTC 2026 =====
[2026-08-05 21:52:36] 🚀 启动 OKX 稳定版 v1
[2026-08-05 21:52:36] ❌ 请设置环境变量 OKX_API_KEY, OKX_API_SECRET, OKX_API_PASSPHRASE
===== RUN Wed Aug  5 22:58:16 UTC 2026 =====
[2026-08-05 22:58:16] 🚀 启动 OKX 稳定版 v1
[2026-08-05 22:58:16] ❌ 请设置环境变量 OKX_API_KEY, OKX_API_SECRET, OKX_API_PASSPHRASE
===== RUN Thu Aug  6 00:07:02 UTC 2026 =====
[2026-08-06 00:07:02] 🚀 启动 OKX 稳定版 v1
[2026-08-06 00:07:02] ❌ 请设置环境变量 OKX_API_KEY, OKX_API_SECRET, OKX_API_PASSPHRASE
===== RUN Thu Aug  6 03:35:11 UTC 2026 =====
[2026-08-06 03:35:12] 🚀 启动 OKX 稳定版 v1
[2026-08-06 03:35:12] ❌ 请设置环境变量 OKX_API_KEY, OKX_API_SECRET, OKX_API_PASSPHRASE
===== RUN Thu Aug  6 06:14:15 UTC 2026 =====
[2026-08-06 06:14:16] 🚀 启动 OKX 稳定版 v1
[2026-08-06 06:14:16] ❌ 请设置环境变量 OKX_API_KEY, OKX_API_SECRET, OKX_API_PASSPHRASE
===== RUN Thu Aug  6 09:12:53 UTC 2026 =====
[2026-08-06 09:12:53] 🚀 启动 OKX 稳定版 v1
[2026-08-06 09:12:53] ❌ 请设置环境变量 OKX_API_KEY, OKX_API_SECRET, OKX_API_PASSPHRASE
===== RUN Thu Aug  6 11:35:23 UTC 2026 =====
[2026-08-06 11:35:24] 🚀 启动 OKX 稳定版 v1
[2026-08-06 11:35:24] ❌ 请设置环境变量 OKX_API_KEY, OKX_API_SECRET, OKX_API_PASSPHRASE
===== RUN Thu Aug  6 13:17:47 UTC 2026 =====
[2026-08-06 13:17:47] 🚀 启动 OKX 稳定版 v1
[2026-08-06 13:17:47] ❌ 请设置环境变量 OKX_API_KEY, OKX_API_SECRET, OKX_API_PASSPHRASE
===== RUN Thu Aug  6 15:34:57 UTC 2026 =====
[2026-08-06 15:34:57] 🚀 启动 OKX 稳定版 v1
[2026-08-06 15:34:57] ❌ 请设置环境变量 OKX_API_KEY, OKX_API_SECRET, OKX_API_PASSPHRASE
===== RUN Fri Aug  7 00:34:08 UTC 2026 =====
[2026-08-07 00:34:08] 🚀 启动 OKX 稳定版 v1
[2026-08-07 00:34:08] ❌ 请设置环境变量 OKX_API_KEY, OKX_API_SECRET, OKX_API_PASSPHRASE
===== RUN Fri Aug  7 03:36:54 UTC 2026 =====
[2026-08-07 03:36:54] 🚀 启动 OKX 稳定版 v1
[2026-08-07 03:36:54] ❌ 请设置环境变量 OKX_API_KEY, OKX_API_SECRET, OKX_API_PASSPHRASE
===== RUN Fri Aug  7 05:22:37 UTC 2026 =====
[2026-08-07 05:22:37] 🚀 启动 OKX 稳定版 v1
[2026-08-07 05:22:37] ❌ 请设置环境变量 OKX_API_KEY, OKX_API_SECRET, OKX_API_PASSPHRASE
===== RUN Fri Aug  7 06:45:25 UTC 2026 =====
[2026-08-07 06:45:26] 🚀 启动 OKX 稳定版 v1
[2026-08-07 06:45:26] ❌ 请设置环境变量 OKX_API_KEY, OKX_API_SECRET, OKX_API_PASSPHRASE
===== RUN Fri Aug  7 08:01:32 UTC 2026 =====
[2026-08-07 08:01:33] 🚀 启动 OKX 稳定版 v1
[2026-08-07 08:01:33] ❌ 请设置环境变量 OKX_API_KEY, OKX_API_SECRET, OKX_API_PASSPHRASE
===== RUN Fri Aug  7 09:12:07 UTC 2026 =====
[2026-08-07 09:12:07] 🚀 启动 OKX 稳定版 v1
[2026-08-07 09:12:07] ❌ 请设置环境变量 OKX_API_KEY, OKX_API_SECRET, OKX_API_PASSPHRASE
===== RUN Fri Aug  7 10:13:21 UTC 2026 =====
[2026-08-07 10:13:22] 🚀 启动 OKX 稳定版 v1
[2026-08-07 10:13:22] ❌ 请设置环境变量 OKX_API_KEY, OKX_API_SECRET, OKX_API_PASSPHRASE
===== RUN Fri Aug  7 11:10:50 UTC 2026 =====
[2026-08-07 11:10:50] 🚀 启动 OKX 稳定版 v1
[2026-08-07 11:10:50] ❌ 请设置环境变量 OKX_API_KEY, OKX_API_SECRET, OKX_API_PASSPHRASE
===== RUN Fri Aug  7 11:58:57 UTC 2026 =====
[2026-08-07 11:58:58] 🚀 启动 OKX 稳定版 v1
[2026-08-07 11:58:58] ❌ 请设置环境变量 OKX_API_KEY, OKX_API_SECRET, OKX_API_PASSPHRASE
===== RUN Fri Aug  7 13:23:52 UTC 2026 =====
[2026-08-07 13:23:52] 🚀 启动 OKX 稳定版 v1
[2026-08-07 13:23:52] ❌ 请设置环境变量 OKX_API_KEY, OKX_API_SECRET, OKX_API_PASSPHRASE
===== RUN Fri Aug  7 14:32:23 UTC 2026 =====
[2026-08-07 14:32:23] 🚀 启动 OKX 稳定版 v1
[2026-08-07 14:32:23] ❌ 请设置环境变量 OKX_API_KEY, OKX_API_SECRET, OKX_API_PASSPHRASE
===== RUN Fri Aug  7 15:30:56 UTC 2026 =====
[2026-08-07 15:30:56] 🚀 启动 OKX 稳定版 v1
[2026-08-07 15:30:56] ❌ 请设置环境变量 OKX_API_KEY, OKX_API_SECRET, OKX_API_PASSPHRASE
===== RUN Fri Aug  7 16:28:43 UTC 2026 =====
[2026-08-07 16:28:43] 🚀 启动 OKX 稳定版 v1
[2026-08-07 16:28:43] ❌ 请设置环境变量 OKX_API_KEY, OKX_API_SECRET, OKX_API_PASSPHRASE
===== RUN Fri Aug  7 17:27:42 UTC 2026 =====
[2026-08-07 17:27:42] 🚀 启动 OKX 稳定版 v1
[2026-08-07 17:27:42] ❌ 请设置环境变量 OKX_API_KEY, OKX_API_SECRET, OKX_API_PASSPHRASE
===== RUN Fri Aug  7 18:25:45 UTC 2026 =====
[2026-08-07 18:25:45] 🚀 启动 OKX 稳定版 v1
[2026-08-07 18:25:45] ❌ 请设置环境变量 OKX_API_KEY, OKX_API_SECRET, OKX_API_PASSPHRASE
===== RUN Fri Aug  7 19:32:40 UTC 2026 =====
[2026-08-07 19:32:40] 🚀 启动 OKX 稳定版 v1
[2026-08-07 19:32:40] ❌ 请设置环境变量 OKX_API_KEY, OKX_API_SECRET, OKX_API_PASSPHRASE
===== RUN Fri Aug  7 20:18:34 UTC 2026 =====
[2026-08-07 20:18:34] 🚀 启动 OKX 稳定版 v1
[2026-08-07 20:18:34] ❌ 请设置环境变量 OKX_API_KEY, OKX_API_SECRET, OKX_API_PASSPHRASE
===== RUN Fri Aug  7 21:05:40 UTC 2026 =====
[2026-08-07 21:05:41] 🚀 启动 OKX 稳定版 v1
[2026-08-07 21:05:41] ❌ 请设置环境变量 OKX_API_KEY, OKX_API_SECRET, OKX_API_PASSPHRASE
===== RUN Fri Aug  7 21:53:50 UTC 2026 =====
[2026-08-07 21:53:50] 🚀 启动 OKX 稳定版 v1
[2026-08-07 21:53:50] ❌ 请设置环境变量 OKX_API_KEY, OKX_API_SECRET, OKX_API_PASSPHRASE
===== RUN Fri Aug  7 22:38:57 UTC 2026 =====
[2026-08-07 22:38:58] 🚀 启动 OKX 稳定版 v1
[2026-08-07 22:38:58] ❌ 请设置环境变量 OKX_API_KEY, OKX_API_SECRET, OKX_API_PASSPHRASE
===== RUN Fri Aug  7 23:18:20 UTC 2026 =====
[2026-08-07 23:18:20] 🚀 启动 OKX 稳定版 v1
[2026-08-07 23:18:20] ❌ 请设置环境变量 OKX_API_KEY, OKX_API_SECRET, OKX_API_PASSPHRASE
===== RUN Fri Aug  7 23:53:55 UTC 2026 =====
[2026-08-07 23:53:55] 🚀 启动 OKX 稳定版 v1
[2026-08-07 23:53:55] ❌ 请设置环境变量 OKX_API_KEY, OKX_API_SECRET, OKX_API_PASSPHRASE
===== RUN Sat Aug  8 01:51:07 UTC 2026 =====
[2026-08-08 01:51:07] 🚀 启动 OKX 稳定版 v1
[2026-08-08 01:51:07] ❌ 请设置环境变量 OKX_API_KEY, OKX_API_SECRET, OKX_API_PASSPHRASE
===== RUN Sat Aug  8 03:20:26 UTC 2026 =====
[2026-08-08 03:20:27] 🚀 启动 OKX 稳定版 v1
[2026-08-08 03:20:27] ❌ 请设置环境变量 OKX_API_KEY, OKX_API_SECRET, OKX_API_PASSPHRASE
===== RUN Sat Aug  8 04:33:25 UTC 2026 =====
[2026-08-08 04:33:25] 🚀 启动 OKX 稳定版 v1
[2026-08-08 04:33:25] ❌ 请设置环境变量 OKX_API_KEY, OKX_API_SECRET, OKX_API_PASSPHRASE
===== RUN Sat Aug  8 05:23:33 UTC 2026 =====
[2026-08-08 05:23:33] 🚀 启动 OKX 稳定版 v1
[2026-08-08 05:23:33] ❌ 请设置环境变量 OKX_API_KEY, OKX_API_SECRET, OKX_API_PASSPHRASE
===== RUN Sat Aug  8 06:06:41 UTC 2026 =====
[2026-08-08 06:06:41] 🚀 启动 OKX 稳定版 v1
[2026-08-08 06:06:41] ❌ 请设置环境变量 OKX_API_KEY, OKX_API_SECRET, OKX_API_PASSPHRASE
===== RUN Sat Aug  8 07:13:37 UTC 2026 =====
[2026-08-08 07:13:38] 🚀 启动 OKX 稳定版 v1
[2026-08-08 07:13:38] ❌ 请设置环境变量 OKX_API_KEY, OKX_API_SECRET, OKX_API_PASSPHRASE
===== RUN Sat Aug  8 08:03:08 UTC 2026 =====
[2026-08-08 08:03:08] 🚀 启动 OKX 稳定版 v1
[2026-08-08 08:03:08] ❌ 请设置环境变量 OKX_API_KEY, OKX_API_SECRET, OKX_API_PASSPHRASE
===== RUN Sat Aug  8 08:55:57 UTC 2026 =====
[2026-08-08 08:55:57] 🚀 启动 OKX 稳定版 v1
[2026-08-08 08:55:57] ❌ 请设置环境变量 OKX_API_KEY, OKX_API_SECRET, OKX_API_PASSPHRASE
===== RUN Sat Aug  8 09:47:01 UTC 2026 =====
[2026-08-08 09:47:02] 🚀 启动 OKX 稳定版 v1
[2026-08-08 09:47:02] ❌ 请设置环境变量 OKX_API_KEY, OKX_API_SECRET, OKX_API_PASSPHRASE
===== RUN Sat Aug  8 10:16:53 UTC 2026 =====
[2026-08-08 10:16:53] 🚀 启动 OKX 稳定版 v1
[2026-08-08 10:16:53] ❌ 请设置环境变量 OKX_API_KEY, OKX_API_SECRET, OKX_API_PASSPHRASE
===== RUN Sat Aug  8 10:55:57 UTC 2026 =====
[2026-08-08 10:55:57] 🚀 启动 OKX 稳定版 v1
[2026-08-08 10:55:57] ❌ 请设置环境变量 OKX_API_KEY, OKX_API_SECRET, OKX_API_PASSPHRASE
===== RUN Sat Aug  8 11:35:29 UTC 2026 =====
[2026-08-08 11:35:29] 🚀 启动 OKX 稳定版 v1
[2026-08-08 11:35:29] ❌ 请设置环境变量 OKX_API_KEY, OKX_API_SECRET, OKX_API_PASSPHRASE
===== RUN Sat Aug  8 12:00:16 UTC 2026 =====
[2026-08-08 12:00:16] 🚀 启动 OKX 稳定版 v1
[2026-08-08 12:00:16] ❌ 请设置环境变量 OKX_API_KEY, OKX_API_SECRET, OKX_API_PASSPHRASE
===== RUN Sat Aug  8 13:07:59 UTC 2026 =====
[2026-08-08 13:08:00] 🚀 启动 OKX 稳定版 v1
[2026-08-08 13:08:00] ❌ 请设置环境变量 OKX_API_KEY, OKX_API_SECRET, OKX_API_PASSPHRASE
===== RUN Sat Aug  8 13:56:28 UTC 2026 =====
[2026-08-08 13:56:28] 🚀 启动 OKX 稳定版 v1
[2026-08-08 13:56:28] ❌ 请设置环境变量 OKX_API_KEY, OKX_API_SECRET, OKX_API_PASSPHRASE
===== RUN Sat Aug  8 14:39:44 UTC 2026 =====
[2026-08-08 14:39:44] 🚀 启动 OKX 稳定版 v1
[2026-08-08 14:39:44] ❌ 请设置环境变量 OKX_API_KEY, OKX_API_SECRET, OKX_API_PASSPHRASE
===== RUN Sat Aug  8 15:11:01 UTC 2026 =====
[2026-08-08 15:11:02] 🚀 启动 OKX 稳定版 v1
[2026-08-08 15:11:02] ❌ 请设置环境变量 OKX_API_KEY, OKX_API_SECRET, OKX_API_PASSPHRASE
===== RUN Sat Aug  8 15:48:23 UTC 2026 =====
[2026-08-08 15:48:23] 🚀 启动 OKX 稳定版 v1
[2026-08-08 15:48:23] ❌ 请设置环境变量 OKX_API_KEY, OKX_API_SECRET, OKX_API_PASSPHRASE
===== RUN Sat Aug  8 16:17:59 UTC 2026 =====
[2026-08-08 16:18:00] 🚀 启动 OKX 稳定版 v1
[2026-08-08 16:18:00] ❌ 请设置环境变量 OKX_API_KEY, OKX_API_SECRET, OKX_API_PASSPHRASE
===== RUN Sat Aug  8 16:57:38 UTC 2026 =====
[2026-08-08 16:57:38] 🚀 启动 OKX 稳定版 v1
[2026-08-08 16:57:38] ❌ 请设置环境变量 OKX_API_KEY, OKX_API_SECRET, OKX_API_PASSPHRASE
===== RUN Sat Aug  8 17:38:51 UTC 2026 =====
[2026-08-08 17:38:51] 🚀 启动 OKX 稳定版 v1
[2026-08-08 17:38:51] ❌ 请设置环境变量 OKX_API_KEY, OKX_API_SECRET, OKX_API_PASSPHRASE
===== RUN Sat Aug  8 18:04:06 UTC 2026 =====
[2026-08-08 18:04:06] 🚀 启动 OKX 稳定版 v1
[2026-08-08 18:04:06] ❌ 请设置环境变量 OKX_API_KEY, OKX_API_SECRET, OKX_API_PASSPHRASE
===== RUN Sat Aug  8 18:55:17 UTC 2026 =====
[2026-08-08 18:55:18] 🚀 启动 OKX 稳定版 v1
[2026-08-08 18:55:18] ❌ 请设置环境变量 OKX_API_KEY, OKX_API_SECRET, OKX_API_PASSPHRASE
===== RUN Sat Aug  8 19:35:25 UTC 2026 =====
[2026-08-08 19:35:25] 🚀 启动 OKX 稳定版 v1
[2026-08-08 19:35:25] ❌ 请设置环境变量 OKX_API_KEY, OKX_API_SECRET, OKX_API_PASSPHRASE
===== RUN Sat Aug  8 20:01:27 UTC 2026 =====
[2026-08-08 20:01:27] 🚀 启动 OKX 稳定版 v1
[2026-08-08 20:01:27] ❌ 请设置环境变量 OKX_API_KEY, OKX_API_SECRET, OKX_API_PASSPHRASE
===== RUN Sat Aug  8 20:44:04 UTC 2026 =====
[2026-08-08 20:44:04] 🚀 启动 OKX 稳定版 v1
[2026-08-08 20:44:04] ❌ 请设置环境变量 OKX_API_KEY, OKX_API_SECRET, OKX_API_PASSPHRASE
===== RUN Sat Aug  8 21:14:06 UTC 2026 =====
[2026-08-08 21:14:06] 🚀 启动 OKX 稳定版 v1
[2026-08-08 21:14:06] ❌ 请设置环境变量 OKX_API_KEY, OKX_API_SECRET, OKX_API_PASSPHRASE
===== RUN Sat Aug  8 21:50:01 UTC 2026 =====
[2026-08-08 21:50:01] 🚀 启动 OKX 稳定版 v1
[2026-08-08 21:50:01] ❌ 请设置环境变量 OKX_API_KEY, OKX_API_SECRET, OKX_API_PASSPHRASE
===== RUN Sat Aug  8 22:20:26 UTC 2026 =====
[2026-08-08 22:20:26] 🚀 启动 OKX 稳定版 v1
[2026-08-08 22:20:26] ❌ 请设置环境变量 OKX_API_KEY, OKX_API_SECRET, OKX_API_PASSPHRASE
===== RUN Sat Aug  8 22:55:33 UTC 2026 =====
[2026-08-08 22:55:33] 🚀 启动 OKX 稳定版 v1
[2026-08-08 22:55:33] ❌ 请设置环境变量 OKX_API_KEY, OKX_API_SECRET, OKX_API_PASSPHRASE
===== RUN Sat Aug  8 23:36:10 UTC 2026 =====
[2026-08-08 23:36:10] 🚀 启动 OKX 稳定版 v1
[2026-08-08 23:36:10] ❌ 请设置环境变量 OKX_API_KEY, OKX_API_SECRET, OKX_API_PASSPHRASE
===== RUN Sun Aug  9 00:01:54 UTC 2026 =====
[2026-08-09 00:01:54] 🚀 启动 OKX 稳定版 v1
[2026-08-09 00:01:54] ❌ 请设置环境变量 OKX_API_KEY, OKX_API_SECRET, OKX_API_PASSPHRASE
===== RUN Sun Aug  9 02:24:26 UTC 2026 =====
[2026-08-09 02:24:26] 🚀 启动 OKX 稳定版 v1
[2026-08-09 02:24:26] ❌ 请设置环境变量 OKX_API_KEY, OKX_API_SECRET, OKX_API_PASSPHRASE
===== RUN Sun Aug  9 03:59:16 UTC 2026 =====
[2026-08-09 03:59:16] 🚀 启动 OKX 稳定版 v1
[2026-08-09 03:59:16] ❌ 请设置环境变量 OKX_API_KEY, OKX_API_SECRET, OKX_API_PASSPHRASE
===== RUN Sun Aug  9 05:13:47 UTC 2026 =====
[2026-08-09 05:13:47] 🚀 启动 OKX 稳定版 v1
[2026-08-09 05:13:47] ❌ 请设置环境变量 OKX_API_KEY, OKX_API_SECRET, OKX_API_PASSPHRASE
===== RUN Sun Aug  9 06:02:39 UTC 2026 =====
[2026-08-09 06:02:39] 🚀 启动 OKX 稳定版 v1
[2026-08-09 06:02:39] ❌ 请设置环境变量 OKX_API_KEY, OKX_API_SECRET, OKX_API_PASSPHRASE
===== RUN Sun Aug  9 07:11:51 UTC 2026 =====
[2026-08-09 07:11:51] 🚀 启动 OKX 稳定版 v1
[2026-08-09 07:11:51] ❌ 请设置环境变量 OKX_API_KEY, OKX_API_SECRET, OKX_API_PASSPHRASE
===== RUN Sun Aug  9 08:03:28 UTC 2026 =====
[2026-08-09 08:03:28] 🚀 启动 OKX 稳定版 v1
[2026-08-09 08:03:28] ❌ 请设置环境变量 OKX_API_KEY, OKX_API_SECRET, OKX_API_PASSPHRASE
===== RUN Sun Aug  9 08:58:51 UTC 2026 =====
[2026-08-09 08:58:51] 🚀 启动 OKX 稳定版 v1
[2026-08-09 08:58:51] ❌ 请设置环境变量 OKX_API_KEY, OKX_API_SECRET, OKX_API_PASSPHRASE
===== RUN Sun Aug  9 09:50:47 UTC 2026 =====
[2026-08-09 09:50:47] 🚀 启动 OKX 稳定版 v1
[2026-08-09 09:50:47] ❌ 请设置环境变量 OKX_API_KEY, OKX_API_SECRET, OKX_API_PASSPHRASE
===== RUN Sun Aug  9 10:27:24 UTC 2026 =====
[2026-08-09 10:27:25] 🚀 启动 OKX 稳定版 v1
[2026-08-09 10:27:25] ❌ 请设置环境变量 OKX_API_KEY, OKX_API_SECRET, OKX_API_PASSPHRASE
===== RUN Sun Aug  9 11:04:13 UTC 2026 =====
[2026-08-09 11:04:13] 🚀 启动 OKX 稳定版 v1
[2026-08-09 11:04:13] ❌ 请设置环境变量 OKX_API_KEY, OKX_API_SECRET, OKX_API_PASSPHRASE
===== RUN Sun Aug  9 11:41:58 UTC 2026 =====
[2026-08-09 11:41:58] 🚀 启动 OKX 稳定版 v1
[2026-08-09 11:41:58] ❌ 请设置环境变量 OKX_API_KEY, OKX_API_SECRET, OKX_API_PASSPHRASE
===== RUN Sun Aug  9 12:16:20 UTC 2026 =====
[2026-08-09 12:16:20] 🚀 启动 OKX 稳定版 v1
[2026-08-09 12:16:20] ❌ 请设置环境变量 OKX_API_KEY, OKX_API_SECRET, OKX_API_PASSPHRASE
===== RUN Sun Aug  9 13:26:10 UTC 2026 =====
[2026-08-09 13:26:10] 🚀 启动 OKX 稳定版 v1
[2026-08-09 13:26:10] ❌ 请设置环境变量 OKX_API_KEY, OKX_API_SECRET, OKX_API_PASSPHRASE
===== RUN Sun Aug  9 14:08:48 UTC 2026 =====
[2026-08-09 14:08:48] 🚀 启动 OKX 稳定版 v1
[2026-08-09 14:08:48] ❌ 请设置环境变量 OKX_API_KEY, OKX_API_SECRET, OKX_API_PASSPHRASE
===== RUN Sun Aug  9 14:52:46 UTC 2026 =====
[2026-08-09 14:52:46] 🚀 启动 OKX 稳定版 v1
[2026-08-09 14:52:46] ❌ 请设置环境变量 OKX_API_KEY, OKX_API_SECRET, OKX_API_PASSPHRASE
===== RUN Sun Aug  9 15:31:27 UTC 2026 =====
[2026-08-09 15:31:28] 🚀 启动 OKX 稳定版 v1
[2026-08-09 15:31:28] ❌ 请设置环境变量 OKX_API_KEY, OKX_API_SECRET, OKX_API_PASSPHRASE
===== RUN Sun Aug  9 16:01:26 UTC 2026 =====
[2026-08-09 16:01:26] 🚀 启动 OKX 稳定版 v1
[2026-08-09 16:01:26] ❌ 请设置环境变量 OKX_API_KEY, OKX_API_SECRET, OKX_API_PASSPHRASE
===== RUN Sun Aug  9 16:49:21 UTC 2026 =====
[2026-08-09 16:49:21] 🚀 启动 OKX 稳定版 v1
[2026-08-09 16:49:21] ❌ 请设置环境变量 OKX_API_KEY, OKX_API_SECRET, OKX_API_PASSPHRASE
===== RUN Sun Aug  9 17:21:47 UTC 2026 =====
[2026-08-09 17:21:48] 🚀 启动 OKX 稳定版 v1
[2026-08-09 17:21:48] ❌ 请设置环境变量 OKX_API_KEY, OKX_API_SECRET, OKX_API_PASSPHRASE
===== RUN Sun Aug  9 17:57:39 UTC 2026 =====
[2026-08-09 17:57:40] 🚀 启动 OKX 稳定版 v1
[2026-08-09 17:57:40] ❌ 请设置环境变量 OKX_API_KEY, OKX_API_SECRET, OKX_API_PASSPHRASE
===== RUN Sun Aug  9 18:53:41 UTC 2026 =====
[2026-08-09 18:53:41] 🚀 启动 OKX 稳定版 v1
[2026-08-09 18:53:41] ❌ 请设置环境变量 OKX_API_KEY, OKX_API_SECRET, OKX_API_PASSPHRASE
===== RUN Sun Aug  9 19:35:09 UTC 2026 =====
[2026-08-09 19:35:09] 🚀 启动 OKX 稳定版 v1
[2026-08-09 19:35:09] ❌ 请设置环境变量 OKX_API_KEY, OKX_API_SECRET, OKX_API_PASSPHRASE
===== RUN Sun Aug  9 20:02:25 UTC 2026 =====
[2026-08-09 20:02:25] 🚀 启动 OKX 稳定版 v1
[2026-08-09 20:02:25] ❌ 请设置环境变量 OKX_API_KEY, OKX_API_SECRET, OKX_API_PASSPHRASE
===== RUN Sun Aug  9 20:48:43 UTC 2026 =====
[2026-08-09 20:48:43] 🚀 启动 OKX 稳定版 v1
[2026-08-09 20:48:43] ❌ 请设置环境变量 OKX_API_KEY, OKX_API_SECRET, OKX_API_PASSPHRASE
===== RUN Sun Aug  9 21:20:39 UTC 2026 =====
[2026-08-09 21:20:39] 🚀 启动 OKX 稳定版 v1
[2026-08-09 21:20:39] ❌ 请设置环境变量 OKX_API_KEY, OKX_API_SECRET, OKX_API_PASSPHRASE
===== RUN Sun Aug  9 21:56:29 UTC 2026 =====
[2026-08-09 21:56:29] 🚀 启动 OKX 稳定版 v1
[2026-08-09 21:56:29] ❌ 请设置环境变量 OKX_API_KEY, OKX_API_SECRET, OKX_API_PASSPHRASE
===== RUN Sun Aug  9 22:39:54 UTC 2026 =====
[2026-08-09 22:39:55] 🚀 启动 OKX 稳定版 v1
[2026-08-09 22:39:55] ❌ 请设置环境变量 OKX_API_KEY, OKX_API_SECRET, OKX_API_PASSPHRASE
===== RUN Sun Aug  9 23:11:59 UTC 2026 =====
[2026-08-09 23:11:59] 🚀 启动 OKX 稳定版 v1
[2026-08-09 23:11:59] ❌ 请设置环境变量 OKX_API_KEY, OKX_API_SECRET, OKX_API_PASSPHRASE
===== RUN Sun Aug  9 23:49:53 UTC 2026 =====
[2026-08-09 23:49:53] 🚀 启动 OKX 稳定版 v1
[2026-08-09 23:49:53] ❌ 请设置环境变量 OKX_API_KEY, OKX_API_SECRET, OKX_API_PASSPHRASE
===== RUN Mon Aug 10 01:07:47 UTC 2026 =====
[2026-08-10 01:07:47] 🚀 启动 OKX 稳定版 v1
[2026-08-10 01:07:47] ❌ 请设置环境变量 OKX_API_KEY, OKX_API_SECRET, OKX_API_PASSPHRASE
===== RUN Mon Aug 10 03:18:20 UTC 2026 =====
[2026-08-10 03:18:20] 🚀 启动 OKX 稳定版 v1
[2026-08-10 03:18:20] ❌ 请设置环境变量 OKX_API_KEY, OKX_API_SECRET, OKX_API_PASSPHRASE
===== RUN Mon Aug 10 05:00:42 UTC 2026 =====
[2026-08-10 05:00:42] 🚀 启动 OKX 稳定版 v1
[2026-08-10 05:00:42] ❌ 请设置环境变量 OKX_API_KEY, OKX_API_SECRET, OKX_API_PASSPHRASE
===== RUN Mon Aug 10 06:18:58 UTC 2026 =====
[2026-08-10 06:18:58] 🚀 启动 OKX 稳定版 v1
[2026-08-10 06:18:58] ❌ 请设置环境变量 OKX_API_KEY, OKX_API_SECRET, OKX_API_PASSPHRASE
===== RUN Mon Aug 10 08:11:12 UTC 2026 =====
[2026-08-10 08:11:12] 🚀 启动 OKX 稳定版 v1
[2026-08-10 08:11:12] ❌ 请设置环境变量 OKX_API_KEY, OKX_API_SECRET, OKX_API_PASSPHRASE
===== RUN Mon Aug 10 09:50:32 UTC 2026 =====
[2026-08-10 09:50:32] 🚀 启动 OKX 稳定版 v1
[2026-08-10 09:50:32] ❌ 请设置环境变量 OKX_API_KEY, OKX_API_SECRET, OKX_API_PASSPHRASE
===== RUN Mon Aug 10 11:01:44 UTC 2026 =====
[2026-08-10 11:01:45] 🚀 启动 OKX 稳定版 v1
[2026-08-10 11:01:45] ❌ 请设置环境变量 OKX_API_KEY, OKX_API_SECRET, OKX_API_PASSPHRASE
===== RUN Mon Aug 10 11:55:39 UTC 2026 =====
[2026-08-10 11:55:39] 🚀 启动 OKX 稳定版 v1
[2026-08-10 11:55:39] ❌ 请设置环境变量 OKX_API_KEY, OKX_API_SECRET, OKX_API_PASSPHRASE
===== RUN Mon Aug 10 13:26:27 UTC 2026 =====
[2026-08-10 13:26:27] 🚀 启动 OKX 稳定版 v1
[2026-08-10 13:26:27] ❌ 请设置环境变量 OKX_API_KEY, OKX_API_SECRET, OKX_API_PASSPHRASE
===== RUN Mon Aug 10 14:38:22 UTC 2026 =====
[2026-08-10 14:38:22] 🚀 启动 OKX 稳定版 v1
[2026-08-10 14:38:22] ❌ 请设置环境变量 OKX_API_KEY, OKX_API_SECRET, OKX_API_PASSPHRASE
===== RUN Mon Aug 10 15:38:26 UTC 2026 =====
[2026-08-10 15:38:27] 🚀 启动 OKX 稳定版 v1
[2026-08-10 15:38:27] ❌ 请设置环境变量 OKX_API_KEY, OKX_API_SECRET, OKX_API_PASSPHRASE
===== RUN Mon Aug 10 16:32:53 UTC 2026 =====
[2026-08-10 16:32:53] 🚀 启动 OKX 稳定版 v1
[2026-08-10 16:32:53] ❌ 请设置环境变量 OKX_API_KEY, OKX_API_SECRET, OKX_API_PASSPHRASE
===== RUN Mon Aug 10 17:32:12 UTC 2026 =====
[2026-08-10 17:32:12] 🚀 启动 OKX 稳定版 v1
[2026-08-10 17:32:12] ❌ 请设置环境变量 OKX_API_KEY, OKX_API_SECRET, OKX_API_PASSPHRASE
===== RUN Mon Aug 10 18:29:21 UTC 2026 =====
[2026-08-10 18:29:21] 🚀 启动 OKX 稳定版 v1
[2026-08-10 18:29:21] ❌ 请设置环境变量 OKX_API_KEY, OKX_API_SECRET, OKX_API_PASSPHRASE
===== RUN Mon Aug 10 19:35:58 UTC 2026 =====
[2026-08-10 19:35:58] 🚀 启动 OKX 稳定版 v1
[2026-08-10 19:35:58] ❌ 请设置环境变量 OKX_API_KEY, OKX_API_SECRET, OKX_API_PASSPHRASE
===== RUN Mon Aug 10 20:21:23 UTC 2026 =====
[2026-08-10 20:21:23] 🚀 启动 OKX 稳定版 v1
[2026-08-10 20:21:23] ❌ 请设置环境变量 OKX_API_KEY, OKX_API_SECRET, OKX_API_PASSPHRASE
===== RUN Mon Aug 10 21:10:38 UTC 2026 =====
[2026-08-10 21:10:39] 🚀 启动 OKX 稳定版 v1
[2026-08-10 21:10:39] ❌ 请设置环境变量 OKX_API_KEY, OKX_API_SECRET, OKX_API_PASSPHRASE
===== RUN Mon Aug 10 21:59:46 UTC 2026 =====
[2026-08-10 21:59:46] 🚀 启动 OKX 稳定版 v1
[2026-08-10 21:59:46] ❌ 请设置环境变量 OKX_API_KEY, OKX_API_SECRET, OKX_API_PASSPHRASE
===== RUN Mon Aug 10 22:51:29 UTC 2026 =====
[2026-08-10 22:51:30] 🚀 启动 OKX 稳定版 v1
[2026-08-10 22:51:30] ❌ 请设置环境变量 OKX_API_KEY, OKX_API_SECRET, OKX_API_PASSPHRASE
===== RUN Mon Aug 10 23:31:10 UTC 2026 =====
[2026-08-10 23:31:11] 🚀 启动 OKX 稳定版 v1
[2026-08-10 23:31:11] ❌ 请设置环境变量 OKX_API_KEY, OKX_API_SECRET, OKX_API_PASSPHRASE
===== RUN Tue Aug 11 00:03:59 UTC 2026 =====
[2026-08-11 00:03:59] 🚀 启动 OKX 稳定版 v1
[2026-08-11 00:03:59] ❌ 请设置环境变量 OKX_API_KEY, OKX_API_SECRET, OKX_API_PASSPHRASE
===== RUN Tue Aug 11 02:24:15 UTC 2026 =====
[2026-08-11 02:24:15] 🚀 启动 OKX 稳定版 v1
[2026-08-11 02:24:15] ❌ 请设置环境变量 OKX_API_KEY, OKX_API_SECRET, OKX_API_PASSPHRASE
===== RUN Tue Aug 11 04:01:25 UTC 2026 =====
[2026-08-11 04:01:26] 🚀 启动 OKX 稳定版 v1
[2026-08-11 04:01:26] ❌ 请设置环境变量 OKX_API_KEY, OKX_API_SECRET, OKX_API_PASSPHRASE
===== RUN Tue Aug 11 05:18:13 UTC 2026 =====
[2026-08-11 05:18:13] 🚀 启动 OKX 稳定版 v1
[2026-08-11 05:18:13] ❌ 请设置环境变量 OKX_API_KEY, OKX_API_SECRET, OKX_API_PASSPHRASE
===== RUN Tue Aug 11 06:11:43 UTC 2026 =====
[2026-08-11 06:11:43] 🚀 启动 OKX 稳定版 v1
[2026-08-11 06:11:43] ❌ 请设置环境变量 OKX_API_KEY, OKX_API_SECRET, OKX_API_PASSPHRASE
===== RUN Tue Aug 11 07:40:14 UTC 2026 =====
[2026-08-11 07:40:14] 🚀 启动 OKX 稳定版 v1
[2026-08-11 07:40:14] ❌ 请设置环境变量 OKX_API_KEY, OKX_API_SECRET, OKX_API_PASSPHRASE
===== RUN Tue Aug 11 08:38:07 UTC 2026 =====
[2026-08-11 08:38:07] 🚀 启动 OKX 稳定版 v1
[2026-08-11 08:38:07] ❌ 请设置环境变量 OKX_API_KEY, OKX_API_SECRET, OKX_API_PASSPHRASE
===== RUN Tue Aug 11 09:42:08 UTC 2026 =====
[2026-08-11 09:42:08] 🚀 启动 OKX 稳定版 v1
[2026-08-11 09:42:08] ❌ 请设置环境变量 OKX_API_KEY, OKX_API_SECRET, OKX_API_PASSPHRASE
===== RUN Tue Aug 11 10:36:21 UTC 2026 =====
[2026-08-11 10:36:21] 🚀 启动 OKX 稳定版 v1
[2026-08-11 10:36:21] ❌ 请设置环境变量 OKX_API_KEY, OKX_API_SECRET, OKX_API_PASSPHRASE
===== RUN Tue Aug 11 11:29:17 UTC 2026 =====
[2026-08-11 11:29:17] 🚀 启动 OKX 稳定版 v1
[2026-08-11 11:29:17] ❌ 请设置环境变量 OKX_API_KEY, OKX_API_SECRET, OKX_API_PASSPHRASE
===== RUN Tue Aug 11 12:25:20 UTC 2026 =====
[2026-08-11 12:25:20] 🚀 启动 OKX 稳定版 v1
[2026-08-11 12:25:20] ❌ 请设置环境变量 OKX_API_KEY, OKX_API_SECRET, OKX_API_PASSPHRASE
===== RUN Tue Aug 11 13:57:08 UTC 2026 =====
[2026-08-11 13:57:08] 🚀 启动 OKX 稳定版 v1
[2026-08-11 13:57:08] ❌ 请设置环境变量 OKX_API_KEY, OKX_API_SECRET, OKX_API_PASSPHRASE
===== RUN Tue Aug 11 15:08:19 UTC 2026 =====
[2026-08-11 15:08:19] 🚀 启动 OKX 稳定版 v1
[2026-08-11 15:08:19] ❌ 请设置环境变量 OKX_API_KEY, OKX_API_SECRET, OKX_API_PASSPHRASE
===== RUN Tue Aug 11 16:10:08 UTC 2026 =====
[2026-08-11 16:10:08] 🚀 启动 OKX 稳定版 v1
[2026-08-11 16:10:08] ❌ 请设置环境变量 OKX_API_KEY, OKX_API_SECRET, OKX_API_PASSPHRASE
===== RUN Tue Aug 11 17:13:45 UTC 2026 =====
[2026-08-11 17:13:46] 🚀 启动 OKX 稳定版 v1
[2026-08-11 17:13:46] ❌ 请设置环境变量 OKX_API_KEY, OKX_API_SECRET, OKX_API_PASSPHRASE
===== RUN Tue Aug 11 18:09:51 UTC 2026 =====
[2026-08-11 18:09:51] 🚀 启动 OKX 稳定版 v1
[2026-08-11 18:09:51] ❌ 请设置环境变量 OKX_API_KEY, OKX_API_SECRET, OKX_API_PASSPHRASE
===== RUN Tue Aug 11 19:26:34 UTC 2026 =====
[2026-08-11 19:26:34] 🚀 启动 OKX 稳定版 v1
[2026-08-11 19:26:34] ❌ 请设置环境变量 OKX_API_KEY, OKX_API_SECRET, OKX_API_PASSPHRASE
===== RUN Tue Aug 11 20:11:00 UTC 2026 =====
[2026-08-11 20:11:00] 🚀 启动 OKX 稳定版 v1
[2026-08-11 20:11:00] ❌ 请设置环境变量 OKX_API_KEY, OKX_API_SECRET, OKX_API_PASSPHRASE
===== RUN Tue Aug 11 21:06:12 UTC 2026 =====
[2026-08-11 21:06:13] 🚀 启动 OKX 稳定版 v1
[2026-08-11 21:06:13] ❌ 请设置环境变量 OKX_API_KEY, OKX_API_SECRET, OKX_API_PASSPHRASE
===== RUN Tue Aug 11 22:02:49 UTC 2026 =====
[2026-08-11 22:02:50] 🚀 启动 OKX 稳定版 v1
[2026-08-11 22:02:50] ❌ 请设置环境变量 OKX_API_KEY, OKX_API_SECRET, OKX_API_PASSPHRASE
===== RUN Tue Aug 11 22:58:21 UTC 2026 =====
[2026-08-11 22:58:22] 🚀 启动 OKX 稳定版 v1
[2026-08-11 22:58:22] ❌ 请设置环境变量 OKX_API_KEY, OKX_API_SECRET, OKX_API_PASSPHRASE
===== RUN Tue Aug 11 23:52:00 UTC 2026 =====
[2026-08-11 23:52:01] 🚀 启动 OKX 稳定版 v1
[2026-08-11 23:52:01] ❌ 请设置环境变量 OKX_API_KEY, OKX_API_SECRET, OKX_API_PASSPHRASE
===== RUN Wed Aug 12 01:46:44 UTC 2026 =====
[2026-08-12 01:46:45] 🚀 启动 OKX 稳定版 v1
[2026-08-12 01:46:45] ❌ 请设置环境变量 OKX_API_KEY, OKX_API_SECRET, OKX_API_PASSPHRASE
===== RUN Wed Aug 12 03:51:18 UTC 2026 =====
[2026-08-12 03:51:18] 🚀 启动 OKX 稳定版 v1
[2026-08-12 03:51:18] ❌ 请设置环境变量 OKX_API_KEY, OKX_API_SECRET, OKX_API_PASSPHRASE
===== RUN Wed Aug 12 05:27:51 UTC 2026 =====
[2026-08-12 05:27:51] 🚀 启动 OKX 稳定版 v1
[2026-08-12 05:27:51] ❌ 请设置环境变量 OKX_API_KEY, OKX_API_SECRET, OKX_API_PASSPHRASE
===== RUN Wed Aug 12 06:54:56 UTC 2026 =====
[2026-08-12 06:54:56] 🚀 启动 OKX 稳定版 v1
[2026-08-12 06:54:56] ❌ 请设置环境变量 OKX_API_KEY, OKX_API_SECRET, OKX_API_PASSPHRASE
===== RUN Wed Aug 12 08:22:27 UTC 2026 =====
[2026-08-12 08:22:27] 🚀 启动 OKX 稳定版 v1
[2026-08-12 08:22:27] ❌ 请设置环境变量 OKX_API_KEY, OKX_API_SECRET, OKX_API_PASSPHRASE
===== RUN Wed Aug 12 09:39:57 UTC 2026 =====
[2026-08-12 09:39:58] 🚀 启动 OKX 稳定版 v1
[2026-08-12 09:39:58] ❌ 请设置环境变量 OKX_API_KEY, OKX_API_SECRET, OKX_API_PASSPHRASE
===== RUN Wed Aug 12 10:43:36 UTC 2026 =====
[2026-08-12 10:43:36] 🚀 启动 OKX 稳定版 v1
[2026-08-12 10:43:36] ❌ 请设置环境变量 OKX_API_KEY, OKX_API_SECRET, OKX_API_PASSPHRASE
===== RUN Wed Aug 12 11:34:15 UTC 2026 =====
[2026-08-12 11:34:15] 🚀 启动 OKX 稳定版 v1
[2026-08-12 11:34:15] ❌ 请设置环境变量 OKX_API_KEY, OKX_API_SECRET, OKX_API_PASSPHRASE
===== RUN Wed Aug 12 12:30:20 UTC 2026 =====
[2026-08-12 12:30:20] 🚀 启动 OKX 稳定版 v1
[2026-08-12 12:30:20] ❌ 请设置环境变量 OKX_API_KEY, OKX_API_SECRET, OKX_API_PASSPHRASE
===== RUN Wed Aug 12 14:03:03 UTC 2026 =====
[2026-08-12 14:03:03] 🚀 启动 OKX 稳定版 v1
[2026-08-12 14:03:03] ❌ 请设置环境变量 OKX_API_KEY, OKX_API_SECRET, OKX_API_PASSPHRASE
===== RUN Wed Aug 12 15:10:58 UTC 2026 =====
[2026-08-12 15:10:58] 🚀 启动 OKX 稳定版 v1
[2026-08-12 15:10:58] ❌ 请设置环境变量 OKX_API_KEY, OKX_API_SECRET, OKX_API_PASSPHRASE
===== RUN Wed Aug 12 16:11:04 UTC 2026 =====
[2026-08-12 16:11:04] 🚀 启动 OKX 稳定版 v1
[2026-08-12 16:11:04] ❌ 请设置环境变量 OKX_API_KEY, OKX_API_SECRET, OKX_API_PASSPHRASE
===== RUN Wed Aug 12 17:14:55 UTC 2026 =====
[2026-08-12 17:14:55] 🚀 启动 OKX 稳定版 v1
[2026-08-12 17:14:55] ❌ 请设置环境变量 OKX_API_KEY, OKX_API_SECRET, OKX_API_PASSPHRASE
===== RUN Wed Aug 12 18:10:44 UTC 2026 =====
[2026-08-12 18:10:44] 🚀 启动 OKX 稳定版 v1
[2026-08-12 18:10:44] ❌ 请设置环境变量 OKX_API_KEY, OKX_API_SECRET, OKX_API_PASSPHRASE
===== RUN Wed Aug 12 19:28:52 UTC 2026 =====
[2026-08-12 19:28:52] 🚀 启动 OKX 稳定版 v1
[2026-08-12 19:28:52] ❌ 请设置环境变量 OKX_API_KEY, OKX_API_SECRET, OKX_API_PASSPHRASE
===== RUN Wed Aug 12 20:18:46 UTC 2026 =====
[2026-08-12 20:18:47] 🚀 启动 OKX 稳定版 v1
[2026-08-12 20:18:47] ❌ 请设置环境变量 OKX_API_KEY, OKX_API_SECRET, OKX_API_PASSPHRASE
===== RUN Wed Aug 12 21:09:48 UTC 2026 =====
[2026-08-12 21:09:49] 🚀 启动 OKX 稳定版 v1
[2026-08-12 21:09:49] ❌ 请设置环境变量 OKX_API_KEY, OKX_API_SECRET, OKX_API_PASSPHRASE
===== RUN Wed Aug 12 22:04:08 UTC 2026 =====
[2026-08-12 22:04:08] 🚀 启动 OKX 稳定版 v1
[2026-08-12 22:04:08] ❌ 请设置环境变量 OKX_API_KEY, OKX_API_SECRET, OKX_API_PASSPHRASE
===== RUN Wed Aug 12 22:57:22 UTC 2026 =====
[2026-08-12 22:57:22] 🚀 启动 OKX 稳定版 v1
[2026-08-12 22:57:22] ❌ 请设置环境变量 OKX_API_KEY, OKX_API_SECRET, OKX_API_PASSPHRASE
===== RUN Wed Aug 12 23:51:44 UTC 2026 =====
[2026-08-12 23:51:45] 🚀 启动 OKX 稳定版 v1
[2026-08-12 23:51:45] ❌ 请设置环境变量 OKX_API_KEY, OKX_API_SECRET, OKX_API_PASSPHRASE
===== RUN Thu Aug 13 01:45:44 UTC 2026 =====
[2026-08-13 01:45:45] 🚀 启动 OKX 稳定版 v1
[2026-08-13 01:45:45] ❌ 请设置环境变量 OKX_API_KEY, OKX_API_SECRET, OKX_API_PASSPHRASE
===== RUN Thu Aug 13 03:55:00 UTC 2026 =====
[2026-08-13 03:55:00] 🚀 启动 OKX 稳定版 v1
[2026-08-13 03:55:00] ❌ 请设置环境变量 OKX_API_KEY, OKX_API_SECRET, OKX_API_PASSPHRASE
===== RUN Thu Aug 13 05:43:45 UTC 2026 =====
[2026-08-13 05:43:45] 🚀 启动 OKX 稳定版 v1
[2026-08-13 05:43:45] ❌ 请设置环境变量 OKX_API_KEY, OKX_API_SECRET, OKX_API_PASSPHRASE
===== RUN Thu Aug 13 07:03:05 UTC 2026 =====
[2026-08-13 07:03:05] 🚀 启动 OKX 稳定版 v1
[2026-08-13 07:03:05] ❌ 请设置环境变量 OKX_API_KEY, OKX_API_SECRET, OKX_API_PASSPHRASE
===== RUN Thu Aug 13 08:40:57 UTC 2026 =====
[2026-08-13 08:40:58] 🚀 启动 OKX 稳定版 v1
[2026-08-13 08:40:58] ❌ 请设置环境变量 OKX_API_KEY, OKX_API_SECRET, OKX_API_PASSPHRASE
===== RUN Thu Aug 13 09:47:51 UTC 2026 =====
[2026-08-13 09:47:52] 🚀 启动 OKX 稳定版 v1
[2026-08-13 09:47:52] ❌ 请设置环境变量 OKX_API_KEY, OKX_API_SECRET, OKX_API_PASSPHRASE
===== RUN Thu Aug 13 10:49:01 UTC 2026 =====
[2026-08-13 10:49:01] 🚀 启动 OKX 稳定版 v1
[2026-08-13 10:49:01] ❌ 请设置环境变量 OKX_API_KEY, OKX_API_SECRET, OKX_API_PASSPHRASE
===== RUN Thu Aug 13 11:38:15 UTC 2026 =====
[2026-08-13 11:38:16] 🚀 启动 OKX 稳定版 v1
[2026-08-13 11:38:16] ❌ 请设置环境变量 OKX_API_KEY, OKX_API_SECRET, OKX_API_PASSPHRASE
===== RUN Thu Aug 13 12:33:00 UTC 2026 =====
[2026-08-13 12:33:00] 🚀 启动 OKX 稳定版 v1
[2026-08-13 12:33:00] ❌ 请设置环境变量 OKX_API_KEY, OKX_API_SECRET, OKX_API_PASSPHRASE
===== RUN Thu Aug 13 14:05:29 UTC 2026 =====
[2026-08-13 14:05:29] 🚀 启动 OKX 稳定版 v1
[2026-08-13 14:05:29] ❌ 请设置环境变量 OKX_API_KEY, OKX_API_SECRET, OKX_API_PASSPHRASE
===== RUN Thu Aug 13 15:12:48 UTC 2026 =====
[2026-08-13 15:12:48] 🚀 启动 OKX 稳定版 v1
[2026-08-13 15:12:48] ❌ 请设置环境变量 OKX_API_KEY, OKX_API_SECRET, OKX_API_PASSPHRASE
===== RUN Thu Aug 13 16:12:19 UTC 2026 =====
[2026-08-13 16:12:20] 🚀 启动 OKX 稳定版 v1
[2026-08-13 16:12:20] ❌ 请设置环境变量 OKX_API_KEY, OKX_API_SECRET, OKX_API_PASSPHRASE
===== RUN Thu Aug 13 17:15:55 UTC 2026 =====
[2026-08-13 17:15:55] 🚀 启动 OKX 稳定版 v1
[2026-08-13 17:15:55] ❌ 请设置环境变量 OKX_API_KEY, OKX_API_SECRET, OKX_API_PASSPHRASE
===== RUN Thu Aug 13 18:11:51 UTC 2026 =====
[2026-08-13 18:11:51] 🚀 启动 OKX 稳定版 v1
[2026-08-13 18:11:51] ❌ 请设置环境变量 OKX_API_KEY, OKX_API_SECRET, OKX_API_PASSPHRASE
===== RUN Thu Aug 13 19:28:03 UTC 2026 =====
[2026-08-13 19:28:03] 🚀 启动 OKX 稳定版 v1
[2026-08-13 19:28:03] ❌ 请设置环境变量 OKX_API_KEY, OKX_API_SECRET, OKX_API_PASSPHRASE
===== RUN Thu Aug 13 20:06:32 UTC 2026 =====
[2026-08-13 20:06:32] 🚀 启动 OKX 稳定版 v1
[2026-08-13 20:06:32] ❌ 请设置环境变量 OKX_API_KEY, OKX_API_SECRET, OKX_API_PASSPHRASE
===== RUN Thu Aug 13 21:01:37 UTC 2026 =====
[2026-08-13 21:01:38] 🚀 启动 OKX 稳定版 v1
[2026-08-13 21:01:38] ❌ 请设置环境变量 OKX_API_KEY, OKX_API_SECRET, OKX_API_PASSPHRASE
===== RUN Thu Aug 13 21:57:27 UTC 2026 =====
[2026-08-13 21:57:28] 🚀 启动 OKX 稳定版 v1
[2026-08-13 21:57:28] ❌ 请设置环境变量 OKX_API_KEY, OKX_API_SECRET, OKX_API_PASSPHRASE
===== RUN Thu Aug 13 22:53:58 UTC 2026 =====
[2026-08-13 22:53:58] 🚀 启动 OKX 稳定版 v1
[2026-08-13 22:53:58] ❌ 请设置环境变量 OKX_API_KEY, OKX_API_SECRET, OKX_API_PASSPHRASE
===== RUN Thu Aug 13 23:44:18 UTC 2026 =====
[2026-08-13 23:44:18] 🚀 启动 OKX 稳定版 v1
[2026-08-13 23:44:18] ❌ 请设置环境变量 OKX_API_KEY, OKX_API_SECRET, OKX_API_PASSPHRASE
===== RUN Fri Aug 14 00:44:43 UTC 2026 =====
[2026-08-14 00:44:43] 🚀 启动 OKX 稳定版 v1
[2026-08-14 00:44:43] ❌ 请设置环境变量 OKX_API_KEY, OKX_API_SECRET, OKX_API_PASSPHRASE
===== RUN Fri Aug 14 03:15:35 UTC 2026 =====
[2026-08-14 03:15:36] 🚀 启动 OKX 稳定版 v1
[2026-08-14 03:15:36] ❌ 请设置环境变量 OKX_API_KEY, OKX_API_SECRET, OKX_API_PASSPHRASE
===== RUN Fri Aug 14 05:10:01 UTC 2026 =====
[2026-08-14 05:10:02] 🚀 启动 OKX 稳定版 v1
[2026-08-14 05:10:02] ❌ 请设置环境变量 OKX_API_KEY, OKX_API_SECRET, OKX_API_PASSPHRASE
===== RUN Fri Aug 14 06:43:43 UTC 2026 =====
[2026-08-14 06:43:43] 🚀 启动 OKX 稳定版 v1
[2026-08-14 06:43:43] ❌ 请设置环境变量 OKX_API_KEY, OKX_API_SECRET, OKX_API_PASSPHRASE
===== RUN Fri Aug 14 08:03:42 UTC 2026 =====
[2026-08-14 08:03:42] 🚀 启动 OKX 稳定版 v1
[2026-08-14 08:03:42] ❌ 请设置环境变量 OKX_API_KEY, OKX_API_SECRET, OKX_API_PASSPHRASE
===== RUN Fri Aug 14 09:18:01 UTC 2026 =====
[2026-08-14 09:18:02] 🚀 启动 OKX 稳定版 v1
[2026-08-14 09:18:02] ❌ 请设置环境变量 OKX_API_KEY, OKX_API_SECRET, OKX_API_PASSPHRASE
===== RUN Fri Aug 14 10:29:32 UTC 2026 =====
[2026-08-14 10:29:32] 🚀 启动 OKX 稳定版 v1
[2026-08-14 10:29:32] ❌ 请设置环境变量 OKX_API_KEY, OKX_API_SECRET, OKX_API_PASSPHRASE
===== RUN Fri Aug 14 11:22:34 UTC 2026 =====
[2026-08-14 11:22:34] 🚀 启动 OKX 稳定版 v1
[2026-08-14 11:22:34] ❌ 请设置环境变量 OKX_API_KEY, OKX_API_SECRET, OKX_API_PASSPHRASE
===== RUN Fri Aug 14 12:07:25 UTC 2026 =====
[2026-08-14 12:07:25] 🚀 启动 OKX 稳定版 v1
[2026-08-14 12:07:25] ❌ 请设置环境变量 OKX_API_KEY, OKX_API_SECRET, OKX_API_PASSPHRASE
===== RUN Fri Aug 14 13:42:01 UTC 2026 =====
[2026-08-14 13:42:02] 🚀 启动 OKX 稳定版 v1
[2026-08-14 13:42:02] ❌ 请设置环境变量 OKX_API_KEY, OKX_API_SECRET, OKX_API_PASSPHRASE
===== RUN Fri Aug 14 14:40:55 UTC 2026 =====
[2026-08-14 14:40:56] 🚀 启动 OKX 稳定版 v1
[2026-08-14 14:40:56] ❌ 请设置环境变量 OKX_API_KEY, OKX_API_SECRET, OKX_API_PASSPHRASE
===== RUN Fri Aug 14 15:36:02 UTC 2026 =====
[2026-08-14 15:36:02] 🚀 启动 OKX 稳定版 v1
[2026-08-14 15:36:02] ❌ 请设置环境变量 OKX_API_KEY, OKX_API_SECRET, OKX_API_PASSPHRASE
===== RUN Fri Aug 14 16:30:32 UTC 2026 =====
[2026-08-14 16:30:32] 🚀 启动 OKX 稳定版 v1
[2026-08-14 16:30:32] ❌ 请设置环境变量 OKX_API_KEY, OKX_API_SECRET, OKX_API_PASSPHRASE
===== RUN Fri Aug 14 17:33:44 UTC 2026 =====
[2026-08-14 17:33:44] 🚀 启动 OKX 稳定版 v1
[2026-08-14 17:33:44] ❌ 请设置环境变量 OKX_API_KEY, OKX_API_SECRET, OKX_API_PASSPHRASE
===== RUN Fri Aug 14 18:30:24 UTC 2026 =====
[2026-08-14 18:30:24] 🚀 启动 OKX 稳定版 v1
[2026-08-14 18:30:24] ❌ 请设置环境变量 OKX_API_KEY, OKX_API_SECRET, OKX_API_PASSPHRASE
===== RUN Fri Aug 14 19:33:17 UTC 2026 =====
[2026-08-14 19:33:17] 🚀 启动 OKX 稳定版 v1
[2026-08-14 19:33:17] ❌ 请设置环境变量 OKX_API_KEY, OKX_API_SECRET, OKX_API_PASSPHRASE
===== RUN Fri Aug 14 20:07:24 UTC 2026 =====
[2026-08-14 20:07:25] 🚀 启动 OKX 稳定版 v1
[2026-08-14 20:07:25] ❌ 请设置环境变量 OKX_API_KEY, OKX_API_SECRET, OKX_API_PASSPHRASE
===== RUN Fri Aug 14 20:44:36 UTC 2026 =====
[2026-08-14 20:44:37] 🚀 启动 OKX 稳定版 v1
[2026-08-14 20:44:37] ❌ 请设置环境变量 OKX_API_KEY, OKX_API_SECRET, OKX_API_PASSPHRASE
===== RUN Fri Aug 14 21:11:00 UTC 2026 =====
[2026-08-14 21:11:00] 🚀 启动 OKX 稳定版 v1
[2026-08-14 21:11:00] ❌ 请设置环境变量 OKX_API_KEY, OKX_API_SECRET, OKX_API_PASSPHRASE
===== RUN Fri Aug 14 21:42:38 UTC 2026 =====
[2026-08-14 21:42:39] 🚀 启动 OKX 稳定版 v1
[2026-08-14 21:42:39] ❌ 请设置环境变量 OKX_API_KEY, OKX_API_SECRET, OKX_API_PASSPHRASE
===== RUN Fri Aug 14 22:01:14 UTC 2026 =====
[2026-08-14 22:01:14] 🚀 启动 OKX 稳定版 v1
[2026-08-14 22:01:14] ❌ 请设置环境变量 OKX_API_KEY, OKX_API_SECRET, OKX_API_PASSPHRASE
===== RUN Fri Aug 14 22:35:29 UTC 2026 =====
[2026-08-14 22:35:29] 🚀 启动 OKX 稳定版 v1
[2026-08-14 22:35:29] ❌ 请设置环境变量 OKX_API_KEY, OKX_API_SECRET, OKX_API_PASSPHRASE
===== RUN Fri Aug 14 22:57:59 UTC 2026 =====
[2026-08-14 22:57:59] 🚀 启动 OKX 稳定版 v1
[2026-08-14 22:57:59] ❌ 请设置环境变量 OKX_API_KEY, OKX_API_SECRET, OKX_API_PASSPHRASE
===== RUN Fri Aug 14 23:30:23 UTC 2026 =====
[2026-08-14 23:30:23] 🚀 启动 OKX 稳定版 v1
[2026-08-14 23:30:23] ❌ 请设置环境变量 OKX_API_KEY, OKX_API_SECRET, OKX_API_PASSPHRASE
===== RUN Fri Aug 14 23:54:49 UTC 2026 =====
[2026-08-14 23:54:49] 🚀 启动 OKX 稳定版 v1
[2026-08-14 23:54:49] ❌ 请设置环境变量 OKX_API_KEY, OKX_API_SECRET, OKX_API_PASSPHRASE
===== RUN Sat Aug 15 01:36:35 UTC 2026 =====
[2026-08-15 01:36:35] 🚀 启动 OKX 稳定版 v1
[2026-08-15 01:36:35] ❌ 请设置环境变量 OKX_API_KEY, OKX_API_SECRET, OKX_API_PASSPHRASE
===== RUN Sat Aug 15 02:37:32 UTC 2026 =====
[2026-08-15 02:37:32] 🚀 启动 OKX 稳定版 v1
[2026-08-15 02:37:32] ❌ 请设置环境变量 OKX_API_KEY, OKX_API_SECRET, OKX_API_PASSPHRASE
===== RUN Sat Aug 15 03:22:49 UTC 2026 =====
[2026-08-15 03:22:50] 🚀 启动 OKX 稳定版 v1
[2026-08-15 03:22:50] ❌ 请设置环境变量 OKX_API_KEY, OKX_API_SECRET, OKX_API_PASSPHRASE
===== RUN Sat Aug 15 04:03:22 UTC 2026 =====
[2026-08-15 04:03:22] 🚀 启动 OKX 稳定版 v1
[2026-08-15 04:03:22] ❌ 请设置环境变量 OKX_API_KEY, OKX_API_SECRET, OKX_API_PASSPHRASE
===== RUN Sat Aug 15 04:43:35 UTC 2026 =====
[2026-08-15 04:43:35] 🚀 启动 OKX 稳定版 v1
[2026-08-15 04:43:35] ❌ 请设置环境变量 OKX_API_KEY, OKX_API_SECRET, OKX_API_PASSPHRASE
===== RUN Sat Aug 15 05:10:25 UTC 2026 =====
[2026-08-15 05:10:25] 🚀 启动 OKX 稳定版 v1
[2026-08-15 05:10:25] ❌ 请设置环境变量 OKX_API_KEY, OKX_API_SECRET, OKX_API_PASSPHRASE
===== RUN Sat Aug 15 05:43:03 UTC 2026 =====
[2026-08-15 05:43:03] 🚀 启动 OKX 稳定版 v1
[2026-08-15 05:43:03] ❌ 请设置环境变量 OKX_API_KEY, OKX_API_SECRET, OKX_API_PASSPHRASE
===== RUN Sat Aug 15 06:02:24 UTC 2026 =====
[2026-08-15 06:02:25] 🚀 启动 OKX 稳定版 v1
[2026-08-15 06:02:25] ❌ 请设置环境变量 OKX_API_KEY, OKX_API_SECRET, OKX_API_PASSPHRASE
===== RUN Sat Aug 15 06:54:50 UTC 2026 =====
[2026-08-15 06:54:51] 🚀 启动 OKX 稳定版 v1
[2026-08-15 06:54:51] ❌ 请设置环境变量 OKX_API_KEY, OKX_API_SECRET, OKX_API_PASSPHRASE
===== RUN Sat Aug 15 07:35:04 UTC 2026 =====
[2026-08-15 07:35:04] 🚀 启动 OKX 稳定版 v1
[2026-08-15 07:35:04] ❌ 请设置环境变量 OKX_API_KEY, OKX_API_SECRET, OKX_API_PASSPHRASE
===== RUN Sat Aug 15 07:58:03 UTC 2026 =====
[2026-08-15 07:58:03] 🚀 启动 OKX 稳定版 v1
[2026-08-15 07:58:03] ❌ 请设置环境变量 OKX_API_KEY, OKX_API_SECRET, OKX_API_PASSPHRASE
===== RUN Sat Aug 15 08:38:54 UTC 2026 =====
[2026-08-15 08:38:55] 🚀 启动 OKX 稳定版 v1
[2026-08-15 08:38:55] ❌ 请设置环境变量 OKX_API_KEY, OKX_API_SECRET, OKX_API_PASSPHRASE
===== RUN Sat Aug 15 09:02:30 UTC 2026 =====
[2026-08-15 09:02:30] 🚀 启动 OKX 稳定版 v1
[2026-08-15 09:02:30] ❌ 请设置环境变量 OKX_API_KEY, OKX_API_SECRET, OKX_API_PASSPHRASE
===== RUN Sat Aug 15 09:35:52 UTC 2026 =====
[2026-08-15 09:35:53] 🚀 启动 OKX 稳定版 v1
[2026-08-15 09:35:53] ❌ 请设置环境变量 OKX_API_KEY, OKX_API_SECRET, OKX_API_PASSPHRASE
===== RUN Sat Aug 15 09:57:36 UTC 2026 =====
[2026-08-15 09:57:36] 🚀 启动 OKX 稳定版 v1
[2026-08-15 09:57:36] ❌ 请设置环境变量 OKX_API_KEY, OKX_API_SECRET, OKX_API_PASSPHRASE
===== RUN Sat Aug 15 10:31:31 UTC 2026 =====
[2026-08-15 10:31:31] 🚀 启动 OKX 稳定版 v1
[2026-08-15 10:31:31] ❌ 请设置环境变量 OKX_API_KEY, OKX_API_SECRET, OKX_API_PASSPHRASE
===== RUN Sat Aug 15 10:54:32 UTC 2026 =====
[2026-08-15 10:54:32] 🚀 启动 OKX 稳定版 v1
[2026-08-15 10:54:32] ❌ 请设置环境变量 OKX_API_KEY, OKX_API_SECRET, OKX_API_PASSPHRASE
===== RUN Sat Aug 15 11:24:12 UTC 2026 =====
[2026-08-15 11:24:12] 🚀 启动 OKX 稳定版 v1
[2026-08-15 11:24:12] ❌ 请设置环境变量 OKX_API_KEY, OKX_API_SECRET, OKX_API_PASSPHRASE
===== RUN Sat Aug 15 11:46:13 UTC 2026 =====
[2026-08-15 11:46:13] 🚀 启动 OKX 稳定版 v1
[2026-08-15 11:46:13] ❌ 请设置环境变量 OKX_API_KEY, OKX_API_SECRET, OKX_API_PASSPHRASE
===== RUN Sat Aug 15 12:00:57 UTC 2026 =====
[2026-08-15 12:00:57] 🚀 启动 OKX 稳定版 v1
[2026-08-15 12:00:57] ❌ 请设置环境变量 OKX_API_KEY, OKX_API_SECRET, OKX_API_PASSPHRASE
===== RUN Sat Aug 15 12:54:55 UTC 2026 =====
[2026-08-15 12:54:55] 🚀 启动 OKX 稳定版 v1
[2026-08-15 12:54:55] ❌ 请设置环境变量 OKX_API_KEY, OKX_API_SECRET, OKX_API_PASSPHRASE
===== RUN Sat Aug 15 13:34:33 UTC 2026 =====
[2026-08-15 13:34:33] 🚀 启动 OKX 稳定版 v1
[2026-08-15 13:34:33] ❌ 请设置环境变量 OKX_API_KEY, OKX_API_SECRET, OKX_API_PASSPHRASE
===== RUN Sat Aug 15 13:57:04 UTC 2026 =====
[2026-08-15 13:57:04] 🚀 启动 OKX 稳定版 v1
[2026-08-15 13:57:04] ❌ 请设置环境变量 OKX_API_KEY, OKX_API_SECRET, OKX_API_PASSPHRASE
===== RUN Sat Aug 15 14:31:35 UTC 2026 =====
[2026-08-15 14:31:35] 🚀 启动 OKX 稳定版 v1
[2026-08-15 14:31:35] ❌ 请设置环境变量 OKX_API_KEY, OKX_API_SECRET, OKX_API_PASSPHRASE
===== RUN Sat Aug 15 14:54:51 UTC 2026 =====
[2026-08-15 14:54:51] 🚀 启动 OKX 稳定版 v1
[2026-08-15 14:54:51] ❌ 请设置环境变量 OKX_API_KEY, OKX_API_SECRET, OKX_API_PASSPHRASE
===== RUN Sat Aug 15 15:26:35 UTC 2026 =====
[2026-08-15 15:26:35] 🚀 启动 OKX 稳定版 v1
[2026-08-15 15:26:35] ❌ 请设置环境变量 OKX_API_KEY, OKX_API_SECRET, OKX_API_PASSPHRASE
===== RUN Sat Aug 15 15:48:59 UTC 2026 =====
[2026-08-15 15:48:59] 🚀 启动 OKX 稳定版 v1
[2026-08-15 15:48:59] ❌ 请设置环境变量 OKX_API_KEY, OKX_API_SECRET, OKX_API_PASSPHRASE
===== RUN Sat Aug 15 16:11:50 UTC 2026 =====
[2026-08-15 16:11:50] 🚀 启动 OKX 稳定版 v1
[2026-08-15 16:11:50] ❌ 请设置环境变量 OKX_API_KEY, OKX_API_SECRET, OKX_API_PASSPHRASE
===== RUN Sat Aug 15 16:43:27 UTC 2026 =====
[2026-08-15 16:43:27] 🚀 启动 OKX 稳定版 v1
[2026-08-15 16:43:27] ❌ 请设置环境变量 OKX_API_KEY, OKX_API_SECRET, OKX_API_PASSPHRASE
===== RUN Sat Aug 15 17:03:21 UTC 2026 =====
[2026-08-15 17:03:21] 🚀 启动 OKX 稳定版 v1
[2026-08-15 17:03:21] ❌ 请设置环境变量 OKX_API_KEY, OKX_API_SECRET, OKX_API_PASSPHRASE
===== RUN Sat Aug 15 17:32:03 UTC 2026 =====
[2026-08-15 17:32:03] 🚀 启动 OKX 稳定版 v1
[2026-08-15 17:32:03] ❌ 请设置环境变量 OKX_API_KEY, OKX_API_SECRET, OKX_API_PASSPHRASE
===== RUN Sat Aug 15 17:53:35 UTC 2026 =====
[2026-08-15 17:53:35] 🚀 启动 OKX 稳定版 v1
[2026-08-15 17:53:35] ❌ 请设置环境变量 OKX_API_KEY, OKX_API_SECRET, OKX_API_PASSPHRASE
===== RUN Sat Aug 15 18:32:06 UTC 2026 =====
[2026-08-15 18:32:07] 🚀 启动 OKX 稳定版 v1
[2026-08-15 18:32:07] ❌ 请设置环境变量 OKX_API_KEY, OKX_API_SECRET, OKX_API_PASSPHRASE
===== RUN Sat Aug 15 19:00:08 UTC 2026 =====
[2026-08-15 19:00:08] 🚀 启动 OKX 稳定版 v1
[2026-08-15 19:00:08] ❌ 请设置环境变量 OKX_API_KEY, OKX_API_SECRET, OKX_API_PASSPHRASE
===== RUN Sat Aug 15 19:29:25 UTC 2026 =====
[2026-08-15 19:29:26] 🚀 启动 OKX 稳定版 v1
[2026-08-15 19:29:26] ❌ 请设置环境变量 OKX_API_KEY, OKX_API_SECRET, OKX_API_PASSPHRASE
===== RUN Sat Aug 15 19:50:11 UTC 2026 =====
[2026-08-15 19:50:11] 🚀 启动 OKX 稳定版 v1
[2026-08-15 19:50:11] ❌ 请设置环境变量 OKX_API_KEY, OKX_API_SECRET, OKX_API_PASSPHRASE
===== RUN Sat Aug 15 20:14:22 UTC 2026 =====
[2026-08-15 20:14:22] 🚀 启动 OKX 稳定版 v1
[2026-08-15 20:14:22] ❌ 请设置环境变量 OKX_API_KEY, OKX_API_SECRET, OKX_API_PASSPHRASE
===== RUN Sat Aug 15 20:42:49 UTC 2026 =====
[2026-08-15 20:42:49] 🚀 启动 OKX 稳定版 v1
[2026-08-15 20:42:49] ❌ 请设置环境变量 OKX_API_KEY, OKX_API_SECRET, OKX_API_PASSPHRASE
===== RUN Sat Aug 15 21:01:49 UTC 2026 =====
[2026-08-15 21:01:49] 🚀 启动 OKX 稳定版 v1
[2026-08-15 21:01:49] ❌ 请设置环境变量 OKX_API_KEY, OKX_API_SECRET, OKX_API_PASSPHRASE
===== RUN Sat Aug 15 21:31:56 UTC 2026 =====
[2026-08-15 21:31:56] 🚀 启动 OKX 稳定版 v1
[2026-08-15 21:31:56] ❌ 请设置环境变量 OKX_API_KEY, OKX_API_SECRET, OKX_API_PASSPHRASE
===== RUN Sat Aug 15 21:53:05 UTC 2026 =====
[2026-08-15 21:53:05] 🚀 启动 OKX 稳定版 v1
[2026-08-15 21:53:05] ❌ 请设置环境变量 OKX_API_KEY, OKX_API_SECRET, OKX_API_PASSPHRASE
===== RUN Sat Aug 15 22:21:48 UTC 2026 =====
[2026-08-15 22:21:48] 🚀 启动 OKX 稳定版 v1
[2026-08-15 22:21:48] ❌ 请设置环境变量 OKX_API_KEY, OKX_API_SECRET, OKX_API_PASSPHRASE
===== RUN Sat Aug 15 22:45:58 UTC 2026 =====
[2026-08-15 22:45:59] 🚀 启动 OKX 稳定版 v1
[2026-08-15 22:45:59] ❌ 请设置环境变量 OKX_API_KEY, OKX_API_SECRET, OKX_API_PASSPHRASE
===== RUN Sat Aug 15 23:03:17 UTC 2026 =====
[2026-08-15 23:03:17] 🚀 启动 OKX 稳定版 v1
[2026-08-15 23:03:17] ❌ 请设置环境变量 OKX_API_KEY, OKX_API_SECRET, OKX_API_PASSPHRASE
===== RUN Sat Aug 15 23:31:44 UTC 2026 =====
[2026-08-15 23:31:44] 🚀 启动 OKX 稳定版 v1
[2026-08-15 23:31:44] ❌ 请设置环境变量 OKX_API_KEY, OKX_API_SECRET, OKX_API_PASSPHRASE
===== RUN Sat Aug 15 23:52:46 UTC 2026 =====
[2026-08-15 23:52:46] 🚀 启动 OKX 稳定版 v1
[2026-08-15 23:52:46] ❌ 请设置环境变量 OKX_API_KEY, OKX_API_SECRET, OKX_API_PASSPHRASE
===== RUN Sun Aug 16 01:17:43 UTC 2026 =====
[2026-08-16 01:17:44] 🚀 启动 OKX 稳定版 v1
[2026-08-16 01:17:44] ❌ 请设置环境变量 OKX_API_KEY, OKX_API_SECRET, OKX_API_PASSPHRASE
===== RUN Sun Aug 16 02:36:44 UTC 2026 =====
[2026-08-16 02:36:45] 🚀 启动 OKX 稳定版 v1
[2026-08-16 02:36:45] ❌ 请设置环境变量 OKX_API_KEY, OKX_API_SECRET, OKX_API_PASSPHRASE
===== RUN Sun Aug 16 03:31:55 UTC 2026 =====
[2026-08-16 03:31:55] 🚀 启动 OKX 稳定版 v1
[2026-08-16 03:31:55] ❌ 请设置环境变量 OKX_API_KEY, OKX_API_SECRET, OKX_API_PASSPHRASE
===== RUN Sun Aug 16 04:18:07 UTC 2026 =====
[2026-08-16 04:18:07] 🚀 启动 OKX 稳定版 v1
[2026-08-16 04:18:07] ❌ 请设置环境变量 OKX_API_KEY, OKX_API_SECRET, OKX_API_PASSPHRASE
===== RUN Sun Aug 16 04:56:02 UTC 2026 =====
[2026-08-16 04:56:03] 🚀 启动 OKX 稳定版 v1
[2026-08-16 04:56:03] ❌ 请设置环境变量 OKX_API_KEY, OKX_API_SECRET, OKX_API_PASSPHRASE
===== RUN Sun Aug 16 05:35:06 UTC 2026 =====
[2026-08-16 05:35:06] 🚀 启动 OKX 稳定版 v1
[2026-08-16 05:35:06] ❌ 请设置环境变量 OKX_API_KEY, OKX_API_SECRET, OKX_API_PASSPHRASE
===== RUN Sun Aug 16 05:59:42 UTC 2026 =====
[2026-08-16 05:59:42] 🚀 启动 OKX 稳定版 v1
[2026-08-16 05:59:42] ❌ 请设置环境变量 OKX_API_KEY, OKX_API_SECRET, OKX_API_PASSPHRASE
===== RUN Sun Aug 16 06:54:33 UTC 2026 =====
[2026-08-16 06:54:33] 🚀 启动 OKX 稳定版 v1
[2026-08-16 06:54:33] ❌ 请设置环境变量 OKX_API_KEY, OKX_API_SECRET, OKX_API_PASSPHRASE
===== RUN Sun Aug 16 07:34:36 UTC 2026 =====
[2026-08-16 07:34:37] 🚀 启动 OKX 稳定版 v1
[2026-08-16 07:34:37] ❌ 请设置环境变量 OKX_API_KEY, OKX_API_SECRET, OKX_API_PASSPHRASE
===== RUN Sun Aug 16 07:58:17 UTC 2026 =====
[2026-08-16 07:58:17] 🚀 启动 OKX 稳定版 v1
[2026-08-16 07:58:17] ❌ 请设置环境变量 OKX_API_KEY, OKX_API_SECRET, OKX_API_PASSPHRASE
===== RUN Sun Aug 16 08:40:17 UTC 2026 =====
[2026-08-16 08:40:17] 🚀 启动 OKX 稳定版 v1
[2026-08-16 08:40:17] ❌ 请设置环境变量 OKX_API_KEY, OKX_API_SECRET, OKX_API_PASSPHRASE
===== RUN Sun Aug 16 09:05:43 UTC 2026 =====
[2026-08-16 09:05:43] 🚀 启动 OKX 稳定版 v1
[2026-08-16 09:05:43] ❌ 请设置环境变量 OKX_API_KEY, OKX_API_SECRET, OKX_API_PASSPHRASE
===== RUN Sun Aug 16 09:40:00 UTC 2026 =====
[2026-08-16 09:40:00] 🚀 启动 OKX 稳定版 v1
[2026-08-16 09:40:00] ❌ 请设置环境变量 OKX_API_KEY, OKX_API_SECRET, OKX_API_PASSPHRASE
===== RUN Sun Aug 16 10:00:45 UTC 2026 =====
[2026-08-16 10:00:45] 🚀 启动 OKX 稳定版 v1
[2026-08-16 10:00:45] ❌ 请设置环境变量 OKX_API_KEY, OKX_API_SECRET, OKX_API_PASSPHRASE
===== RUN Sun Aug 16 10:34:33 UTC 2026 =====
[2026-08-16 10:34:33] 🚀 启动 OKX 稳定版 v1
[2026-08-16 10:34:33] ❌ 请设置环境变量 OKX_API_KEY, OKX_API_SECRET, OKX_API_PASSPHRASE
===== RUN Sun Aug 16 10:57:17 UTC 2026 =====
[2026-08-16 10:57:17] 🚀 启动 OKX 稳定版 v1
[2026-08-16 10:57:17] ❌ 请设置环境变量 OKX_API_KEY, OKX_API_SECRET, OKX_API_PASSPHRASE
===== RUN Sun Aug 16 11:28:01 UTC 2026 =====
[2026-08-16 11:28:01] 🚀 启动 OKX 稳定版 v1
[2026-08-16 11:28:01] ❌ 请设置环境变量 OKX_API_KEY, OKX_API_SECRET, OKX_API_PASSPHRASE
===== RUN Sun Aug 16 11:50:19 UTC 2026 =====
[2026-08-16 11:50:19] 🚀 启动 OKX 稳定版 v1
[2026-08-16 11:50:19] ❌ 请设置环境变量 OKX_API_KEY, OKX_API_SECRET, OKX_API_PASSPHRASE
===== RUN Sun Aug 16 12:25:33 UTC 2026 =====
[2026-08-16 12:25:34] 🚀 启动 OKX 稳定版 v1
[2026-08-16 12:25:34] ❌ 请设置环境变量 OKX_API_KEY, OKX_API_SECRET, OKX_API_PASSPHRASE
===== RUN Sun Aug 16 13:10:32 UTC 2026 =====
[2026-08-16 13:10:32] 🚀 启动 OKX 稳定版 v1
[2026-08-16 13:10:32] ❌ 请设置环境变量 OKX_API_KEY, OKX_API_SECRET, OKX_API_PASSPHRASE
===== RUN Sun Aug 16 13:46:01 UTC 2026 =====
[2026-08-16 13:46:01] 🚀 启动 OKX 稳定版 v1
[2026-08-16 13:46:01] ❌ 请设置环境变量 OKX_API_KEY, OKX_API_SECRET, OKX_API_PASSPHRASE
===== RUN Sun Aug 16 14:09:03 UTC 2026 =====
[2026-08-16 14:09:03] 🚀 启动 OKX 稳定版 v1
[2026-08-16 14:09:03] ❌ 请设置环境变量 OKX_API_KEY, OKX_API_SECRET, OKX_API_PASSPHRASE
===== RUN Sun Aug 16 14:39:55 UTC 2026 =====
[2026-08-16 14:39:55] 🚀 启动 OKX 稳定版 v1
[2026-08-16 14:39:55] ❌ 请设置环境变量 OKX_API_KEY, OKX_API_SECRET, OKX_API_PASSPHRASE
===== RUN Sun Aug 16 15:00:12 UTC 2026 =====
[2026-08-16 15:00:13] 🚀 启动 OKX 稳定版 v1
[2026-08-16 15:00:13] ❌ 请设置环境变量 OKX_API_KEY, OKX_API_SECRET, OKX_API_PASSPHRASE
===== RUN Sun Aug 16 15:31:44 UTC 2026 =====
[2026-08-16 15:31:44] 🚀 启动 OKX 稳定版 v1
[2026-08-16 15:31:44] ❌ 请设置环境变量 OKX_API_KEY, OKX_API_SECRET, OKX_API_PASSPHRASE
===== RUN Sun Aug 16 15:53:09 UTC 2026 =====
[2026-08-16 15:53:09] 🚀 启动 OKX 稳定版 v1
[2026-08-16 15:53:09] ❌ 请设置环境变量 OKX_API_KEY, OKX_API_SECRET, OKX_API_PASSPHRASE
===== RUN Sun Aug 16 16:25:39 UTC 2026 =====
[2026-08-16 16:25:39] 🚀 启动 OKX 稳定版 v1
[2026-08-16 16:25:39] ❌ 请设置环境变量 OKX_API_KEY, OKX_API_SECRET, OKX_API_PASSPHRASE
===== RUN Sun Aug 16 16:52:58 UTC 2026 =====
[2026-08-16 16:52:58] 🚀 启动 OKX 稳定版 v1
[2026-08-16 16:52:58] ❌ 请设置环境变量 OKX_API_KEY, OKX_API_SECRET, OKX_API_PASSPHRASE
===== RUN Sun Aug 16 17:19:31 UTC 2026 =====
[2026-08-16 17:19:31] 🚀 启动 OKX 稳定版 v1
[2026-08-16 17:19:31] ❌ 请设置环境变量 OKX_API_KEY, OKX_API_SECRET, OKX_API_PASSPHRASE
===== RUN Sun Aug 16 17:41:26 UTC 2026 =====
[2026-08-16 17:41:26] 🚀 启动 OKX 稳定版 v1
[2026-08-16 17:41:26] ❌ 请设置环境变量 OKX_API_KEY, OKX_API_SECRET, OKX_API_PASSPHRASE
===== RUN Sun Aug 16 17:58:06 UTC 2026 =====
[2026-08-16 17:58:06] 🚀 启动 OKX 稳定版 v1
[2026-08-16 17:58:06] ❌ 请设置环境变量 OKX_API_KEY, OKX_API_SECRET, OKX_API_PASSPHRASE
===== RUN Sun Aug 16 18:40:30 UTC 2026 =====
[2026-08-16 18:40:30] 🚀 启动 OKX 稳定版 v1
[2026-08-16 18:40:30] ❌ 请设置环境变量 OKX_API_KEY, OKX_API_SECRET, OKX_API_PASSPHRASE
===== RUN Sun Aug 16 19:04:00 UTC 2026 =====
[2026-08-16 19:04:00] 🚀 启动 OKX 稳定版 v1
[2026-08-16 19:04:00] ❌ 请设置环境变量 OKX_API_KEY, OKX_API_SECRET, OKX_API_PASSPHRASE
===== RUN Sun Aug 16 19:30:42 UTC 2026 =====
[2026-08-16 19:30:43] 🚀 启动 OKX 稳定版 v1
[2026-08-16 19:30:43] ❌ 请设置环境变量 OKX_API_KEY, OKX_API_SECRET, OKX_API_PASSPHRASE
===== RUN Sun Aug 16 19:49:32 UTC 2026 =====
[2026-08-16 19:49:32] 🚀 启动 OKX 稳定版 v1
[2026-08-16 19:49:32] ❌ 请设置环境变量 OKX_API_KEY, OKX_API_SECRET, OKX_API_PASSPHRASE
===== RUN Sun Aug 16 20:11:37 UTC 2026 =====
[2026-08-16 20:11:37] 🚀 启动 OKX 稳定版 v1
[2026-08-16 20:11:37] ❌ 请设置环境变量 OKX_API_KEY, OKX_API_SECRET, OKX_API_PASSPHRASE
===== RUN Sun Aug 16 20:40:48 UTC 2026 =====
[2026-08-16 20:40:48] 🚀 启动 OKX 稳定版 v1
[2026-08-16 20:40:48] ❌ 请设置环境变量 OKX_API_KEY, OKX_API_SECRET, OKX_API_PASSPHRASE
===== RUN Sun Aug 16 20:59:53 UTC 2026 =====
[2026-08-16 20:59:53] 🚀 启动 OKX 稳定版 v1
[2026-08-16 20:59:53] ❌ 请设置环境变量 OKX_API_KEY, OKX_API_SECRET, OKX_API_PASSPHRASE
===== RUN Sun Aug 16 21:30:13 UTC 2026 =====
[2026-08-16 21:30:13] 🚀 启动 OKX 稳定版 v1
[2026-08-16 21:30:13] ❌ 请设置环境变量 OKX_API_KEY, OKX_API_SECRET, OKX_API_PASSPHRASE
===== RUN Sun Aug 16 21:51:25 UTC 2026 =====
[2026-08-16 21:51:25] 🚀 启动 OKX 稳定版 v1
[2026-08-16 21:51:25] ❌ 请设置环境变量 OKX_API_KEY, OKX_API_SECRET, OKX_API_PASSPHRASE
===== RUN Sun Aug 16 22:16:31 UTC 2026 =====
[2026-08-16 22:16:31] 🚀 启动 OKX 稳定版 v1
[2026-08-16 22:16:31] ❌ 请设置环境变量 OKX_API_KEY, OKX_API_SECRET, OKX_API_PASSPHRASE
===== RUN Sun Aug 16 22:41:53 UTC 2026 =====
[2026-08-16 22:41:53] 🚀 启动 OKX 稳定版 v1
[2026-08-16 22:41:53] ❌ 请设置环境变量 OKX_API_KEY, OKX_API_SECRET, OKX_API_PASSPHRASE
===== RUN Sun Aug 16 22:59:44 UTC 2026 =====
[2026-08-16 22:59:45] 🚀 启动 OKX 稳定版 v1
[2026-08-16 22:59:45] ❌ 请设置环境变量 OKX_API_KEY, OKX_API_SECRET, OKX_API_PASSPHRASE
===== RUN Sun Aug 16 23:29:45 UTC 2026 =====
[2026-08-16 23:29:45] 🚀 启动 OKX 稳定版 v1
[2026-08-16 23:29:45] ❌ 请设置环境变量 OKX_API_KEY, OKX_API_SECRET, OKX_API_PASSPHRASE
===== RUN Sun Aug 16 23:51:21 UTC 2026 =====
[2026-08-16 23:51:21] 🚀 启动 OKX 稳定版 v1
[2026-08-16 23:51:21] ❌ 请设置环境变量 OKX_API_KEY, OKX_API_SECRET, OKX_API_PASSPHRASE
===== RUN Mon Aug 17 01:02:11 UTC 2026 =====
[2026-08-17 01:02:11] 🚀 启动 OKX 稳定版 v1
[2026-08-17 01:02:11] ❌ 请设置环境变量 OKX_API_KEY, OKX_API_SECRET, OKX_API_PASSPHRASE
===== RUN Mon Aug 17 02:32:54 UTC 2026 =====
[2026-08-17 02:32:54] 🚀 启动 OKX 稳定版 v1
[2026-08-17 02:32:54] ❌ 请设置环境变量 OKX_API_KEY, OKX_API_SECRET, OKX_API_PASSPHRASE
===== RUN Mon Aug 17 03:30:31 UTC 2026 =====
[2026-08-17 03:30:31] 🚀 启动 OKX 稳定版 v1
[2026-08-17 03:30:31] ❌ 请设置环境变量 OKX_API_KEY, OKX_API_SECRET, OKX_API_PASSPHRASE
===== RUN Mon Aug 17 04:22:07 UTC 2026 =====
[2026-08-17 04:22:07] 🚀 启动 OKX 稳定版 v1
[2026-08-17 04:22:07] ❌ 请设置环境变量 OKX_API_KEY, OKX_API_SECRET, OKX_API_PASSPHRASE
===== RUN Mon Aug 17 05:07:34 UTC 2026 =====
[2026-08-17 05:07:34] 🚀 启动 OKX 稳定版 v1
[2026-08-17 05:07:34] ❌ 请设置环境变量 OKX_API_KEY, OKX_API_SECRET, OKX_API_PASSPHRASE
===== RUN Mon Aug 17 05:50:17 UTC 2026 =====
[2026-08-17 05:50:18] 🚀 启动 OKX 稳定版 v1
[2026-08-17 05:50:18] ❌ 请设置环境变量 OKX_API_KEY, OKX_API_SECRET, OKX_API_PASSPHRASE
===== RUN Mon Aug 17 06:39:02 UTC 2026 =====
[2026-08-17 06:39:03] 🚀 启动 OKX 稳定版 v1
[2026-08-17 06:39:03] ❌ 请设置环境变量 OKX_API_KEY, OKX_API_SECRET, OKX_API_PASSPHRASE
===== RUN Mon Aug 17 07:38:37 UTC 2026 =====
[2026-08-17 07:38:37] 🚀 启动 OKX 稳定版 v1
[2026-08-17 07:38:37] ❌ 请设置环境变量 OKX_API_KEY, OKX_API_SECRET, OKX_API_PASSPHRASE
===== RUN Mon Aug 17 08:24:18 UTC 2026 =====
[2026-08-17 08:24:19] 🚀 启动 OKX 稳定版 v1
[2026-08-17 08:24:19] ❌ 请设置环境变量 OKX_API_KEY, OKX_API_SECRET, OKX_API_PASSPHRASE
===== RUN Mon Aug 17 09:09:52 UTC 2026 =====
[2026-08-17 09:09:52] 🚀 启动 OKX 稳定版 v1
[2026-08-17 09:09:52] ❌ 请设置环境变量 OKX_API_KEY, OKX_API_SECRET, OKX_API_PASSPHRASE
===== RUN Mon Aug 17 09:58:48 UTC 2026 =====
[2026-08-17 09:58:49] 🚀 启动 OKX 稳定版 v1
[2026-08-17 09:58:49] ❌ 请设置环境变量 OKX_API_KEY, OKX_API_SECRET, OKX_API_PASSPHRASE
===== RUN Mon Aug 17 10:42:22 UTC 2026 =====
[2026-08-17 10:42:22] 🚀 启动 OKX 稳定版 v1
[2026-08-17 10:42:22] ❌ 请设置环境变量 OKX_API_KEY, OKX_API_SECRET, OKX_API_PASSPHRASE
===== RUN Mon Aug 17 11:10:06 UTC 2026 =====
[2026-08-17 11:10:06] 🚀 启动 OKX 稳定版 v1
[2026-08-17 11:10:06] ❌ 请设置环境变量 OKX_API_KEY, OKX_API_SECRET, OKX_API_PASSPHRASE
===== RUN Mon Aug 17 11:42:47 UTC 2026 =====
[2026-08-17 11:42:47] 🚀 启动 OKX 稳定版 v1
[2026-08-17 11:42:47] ❌ 请设置环境变量 OKX_API_KEY, OKX_API_SECRET, OKX_API_PASSPHRASE
===== RUN Mon Aug 17 12:02:03 UTC 2026 =====
[2026-08-17 12:02:03] 🚀 启动 OKX 稳定版 v1
[2026-08-17 12:02:03] ❌ 请设置环境变量 OKX_API_KEY, OKX_API_SECRET, OKX_API_PASSPHRASE
===== RUN Mon Aug 17 13:02:23 UTC 2026 =====
[2026-08-17 13:02:23] 🚀 启动 OKX 稳定版 v1
[2026-08-17 13:02:23] ❌ 请设置环境变量 OKX_API_KEY, OKX_API_SECRET, OKX_API_PASSPHRASE
===== RUN Mon Aug 17 13:49:46 UTC 2026 =====
[2026-08-17 13:49:46] 🚀 启动 OKX 稳定版 v1
[2026-08-17 13:49:46] ❌ 请设置环境变量 OKX_API_KEY, OKX_API_SECRET, OKX_API_PASSPHRASE
===== RUN Mon Aug 17 14:19:15 UTC 2026 =====
[2026-08-17 14:19:15] 🚀 启动 OKX 稳定版 v1
[2026-08-17 14:19:15] ❌ 请设置环境变量 OKX_API_KEY, OKX_API_SECRET, OKX_API_PASSPHRASE
===== RUN Mon Aug 17 14:51:16 UTC 2026 =====
[2026-08-17 14:51:17] 🚀 启动 OKX 稳定版 v1
[2026-08-17 14:51:17] ❌ 请设置环境变量 OKX_API_KEY, OKX_API_SECRET, OKX_API_PASSPHRASE
===== RUN Mon Aug 17 15:20:50 UTC 2026 =====
[2026-08-17 15:20:50] 🚀 启动 OKX 稳定版 v1
[2026-08-17 15:20:50] ❌ 请设置环境变量 OKX_API_KEY, OKX_API_SECRET, OKX_API_PASSPHRASE
===== RUN Mon Aug 17 15:48:15 UTC 2026 =====
[2026-08-17 15:48:16] 🚀 启动 OKX 稳定版 v1
[2026-08-17 15:48:16] ❌ 请设置环境变量 OKX_API_KEY, OKX_API_SECRET, OKX_API_PASSPHRASE
===== RUN Mon Aug 17 16:12:22 UTC 2026 =====
[2026-08-17 16:12:22] 🚀 启动 OKX 稳定版 v1
[2026-08-17 16:12:22] ❌ 请设置环境变量 OKX_API_KEY, OKX_API_SECRET, OKX_API_PASSPHRASE
===== RUN Mon Aug 17 16:48:30 UTC 2026 =====
[2026-08-17 16:48:30] 🚀 启动 OKX 稳定版 v1
[2026-08-17 16:48:30] ❌ 请设置环境变量 OKX_API_KEY, OKX_API_SECRET, OKX_API_PASSPHRASE
===== RUN Mon Aug 17 17:15:37 UTC 2026 =====
[2026-08-17 17:15:37] 🚀 启动 OKX 稳定版 v1
[2026-08-17 17:15:37] ❌ 请设置环境变量 OKX_API_KEY, OKX_API_SECRET, OKX_API_PASSPHRASE
===== RUN Mon Aug 17 17:48:55 UTC 2026 =====
[2026-08-17 17:48:55] 🚀 启动 OKX 稳定版 v1
[2026-08-17 17:48:55] ❌ 请设置环境变量 OKX_API_KEY, OKX_API_SECRET, OKX_API_PASSPHRASE
===== RUN Mon Aug 17 18:21:43 UTC 2026 =====
[2026-08-17 18:21:43] 🚀 启动 OKX 稳定版 v1
[2026-08-17 18:21:43] ❌ 请设置环境变量 OKX_API_KEY, OKX_API_SECRET, OKX_API_PASSPHRASE
===== RUN Mon Aug 17 19:06:51 UTC 2026 =====
[2026-08-17 19:06:51] 🚀 启动 OKX 稳定版 v1
[2026-08-17 19:06:51] ❌ 请设置环境变量 OKX_API_KEY, OKX_API_SECRET, OKX_API_PASSPHRASE
===== RUN Mon Aug 17 19:41:27 UTC 2026 =====
[2026-08-17 19:41:27] 🚀 启动 OKX 稳定版 v1
[2026-08-17 19:41:27] ❌ 请设置环境变量 OKX_API_KEY, OKX_API_SECRET, OKX_API_PASSPHRASE
===== RUN Mon Aug 17 20:02:23 UTC 2026 =====
[2026-08-17 20:02:23] 🚀 启动 OKX 稳定版 v1
[2026-08-17 20:02:23] ❌ 请设置环境变量 OKX_API_KEY, OKX_API_SECRET, OKX_API_PASSPHRASE
===== RUN Mon Aug 17 20:39:12 UTC 2026 =====
[2026-08-17 20:39:12] 🚀 启动 OKX 稳定版 v1
[2026-08-17 20:39:12] ❌ 请设置环境变量 OKX_API_KEY, OKX_API_SECRET, OKX_API_PASSPHRASE
===== RUN Mon Aug 17 21:03:10 UTC 2026 =====
[2026-08-17 21:03:10] 🚀 启动 OKX 稳定版 v1
[2026-08-17 21:03:10] ❌ 请设置环境变量 OKX_API_KEY, OKX_API_SECRET, OKX_API_PASSPHRASE
===== RUN Mon Aug 17 21:36:22 UTC 2026 =====
[2026-08-17 21:36:23] 🚀 启动 OKX 稳定版 v1
[2026-08-17 21:36:23] ❌ 请设置环境变量 OKX_API_KEY, OKX_API_SECRET, OKX_API_PASSPHRASE
===== RUN Mon Aug 17 21:58:26 UTC 2026 =====
[2026-08-17 21:58:26] 🚀 启动 OKX 稳定版 v1
[2026-08-17 21:58:26] ❌ 请设置环境变量 OKX_API_KEY, OKX_API_SECRET, OKX_API_PASSPHRASE
===== RUN Mon Aug 17 22:34:13 UTC 2026 =====
[2026-08-17 22:34:13] 🚀 启动 OKX 稳定版 v1
[2026-08-17 22:34:13] ❌ 请设置环境变量 OKX_API_KEY, OKX_API_SECRET, OKX_API_PASSPHRASE
===== RUN Mon Aug 17 22:58:01 UTC 2026 =====
[2026-08-17 22:58:01] 🚀 启动 OKX 稳定版 v1
[2026-08-17 22:58:01] ❌ 请设置环境变量 OKX_API_KEY, OKX_API_SECRET, OKX_API_PASSPHRASE
===== RUN Mon Aug 17 23:31:12 UTC 2026 =====
[2026-08-17 23:31:12] 🚀 启动 OKX 稳定版 v1
[2026-08-17 23:31:12] ❌ 请设置环境变量 OKX_API_KEY, OKX_API_SECRET, OKX_API_PASSPHRASE
===== RUN Mon Aug 17 23:54:16 UTC 2026 =====
[2026-08-17 23:54:16] 🚀 启动 OKX 稳定版 v1
[2026-08-17 23:54:16] ❌ 请设置环境变量 OKX_API_KEY, OKX_API_SECRET, OKX_API_PASSPHRASE
===== RUN Tue Aug 18 01:25:55 UTC 2026 =====
[2026-08-18 01:25:55] 🚀 启动 OKX 稳定版 v1
[2026-08-18 01:25:55] ❌ 请设置环境变量 OKX_API_KEY, OKX_API_SECRET, OKX_API_PASSPHRASE
===== RUN Tue Aug 18 02:39:01 UTC 2026 =====
[2026-08-18 02:39:02] 🚀 启动 OKX 稳定版 v1
[2026-08-18 02:39:02] ❌ 请设置环境变量 OKX_API_KEY, OKX_API_SECRET, OKX_API_PASSPHRASE
===== RUN Tue Aug 18 03:28:08 UTC 2026 =====
[2026-08-18 03:28:08] 🚀 启动 OKX 稳定版 v1
[2026-08-18 03:28:08] ❌ 请设置环境变量 OKX_API_KEY, OKX_API_SECRET, OKX_API_PASSPHRASE
===== RUN Tue Aug 18 04:17:06 UTC 2026 =====
[2026-08-18 04:17:06] 🚀 启动 OKX 稳定版 v1
[2026-08-18 04:17:06] ❌ 请设置环境变量 OKX_API_KEY, OKX_API_SECRET, OKX_API_PASSPHRASE
===== RUN Tue Aug 18 04:57:03 UTC 2026 =====
[2026-08-18 04:57:03] 🚀 启动 OKX 稳定版 v1
[2026-08-18 04:57:03] ❌ 请设置环境变量 OKX_API_KEY, OKX_API_SECRET, OKX_API_PASSPHRASE
===== RUN Tue Aug 18 05:37:05 UTC 2026 =====
[2026-08-18 05:37:06] 🚀 启动 OKX 稳定版 v1
[2026-08-18 05:37:06] ❌ 请设置环境变量 OKX_API_KEY, OKX_API_SECRET, OKX_API_PASSPHRASE
===== RUN Tue Aug 18 06:01:28 UTC 2026 =====
[2026-08-18 06:01:28] 🚀 启动 OKX 稳定版 v1
[2026-08-18 06:01:28] ❌ 请设置环境变量 OKX_API_KEY, OKX_API_SECRET, OKX_API_PASSPHRASE
===== RUN Tue Aug 18 06:59:54 UTC 2026 =====
[2026-08-18 06:59:55] 🚀 启动 OKX 稳定版 v1
[2026-08-18 06:59:55] ❌ 请设置环境变量 OKX_API_KEY, OKX_API_SECRET, OKX_API_PASSPHRASE
===== RUN Tue Aug 18 07:48:16 UTC 2026 =====
[2026-08-18 07:48:17] 🚀 启动 OKX 稳定版 v1
[2026-08-18 07:48:17] ❌ 请设置环境变量 OKX_API_KEY, OKX_API_SECRET, OKX_API_PASSPHRASE
===== RUN Tue Aug 18 08:20:41 UTC 2026 =====
[2026-08-18 08:20:41] 🚀 启动 OKX 稳定版 v1
[2026-08-18 08:20:41] ❌ 请设置环境变量 OKX_API_KEY, OKX_API_SECRET, OKX_API_PASSPHRASE
===== RUN Tue Aug 18 09:01:23 UTC 2026 =====
[2026-08-18 09:01:23] 🚀 启动 OKX 稳定版 v1
[2026-08-18 09:01:23] ❌ 请设置环境变量 OKX_API_KEY, OKX_API_SECRET, OKX_API_PASSPHRASE
===== RUN Tue Aug 18 09:44:52 UTC 2026 =====
[2026-08-18 09:44:53] 🚀 启动 OKX 稳定版 v1
[2026-08-18 09:44:53] ❌ 请设置环境变量 OKX_API_KEY, OKX_API_SECRET, OKX_API_PASSPHRASE
===== RUN Tue Aug 18 10:12:56 UTC 2026 =====
[2026-08-18 10:12:56] 🚀 启动 OKX 稳定版 v1
[2026-08-18 10:12:56] ❌ 请设置环境变量 OKX_API_KEY, OKX_API_SECRET, OKX_API_PASSPHRASE
===== RUN Tue Aug 18 10:50:05 UTC 2026 =====
[2026-08-18 10:50:06] 🚀 启动 OKX 稳定版 v1
[2026-08-18 10:50:06] ❌ 请设置环境变量 OKX_API_KEY, OKX_API_SECRET, OKX_API_PASSPHRASE
===== RUN Tue Aug 18 11:18:06 UTC 2026 =====
[2026-08-18 11:18:06] 🚀 启动 OKX 稳定版 v1
[2026-08-18 11:18:06] ❌ 请设置环境变量 OKX_API_KEY, OKX_API_SECRET, OKX_API_PASSPHRASE
===== RUN Tue Aug 18 11:46:05 UTC 2026 =====
[2026-08-18 11:46:05] 🚀 启动 OKX 稳定版 v1
[2026-08-18 11:46:05] ❌ 请设置环境变量 OKX_API_KEY, OKX_API_SECRET, OKX_API_PASSPHRASE
===== RUN Tue Aug 18 12:15:27 UTC 2026 =====
[2026-08-18 12:15:27] 🚀 启动 OKX 稳定版 v1
[2026-08-18 12:15:27] ❌ 请设置环境变量 OKX_API_KEY, OKX_API_SECRET, OKX_API_PASSPHRASE
===== RUN Tue Aug 18 13:13:53 UTC 2026 =====
[2026-08-18 13:13:53] 🚀 启动 OKX 稳定版 v1
[2026-08-18 13:13:53] ❌ 请设置环境变量 OKX_API_KEY, OKX_API_SECRET, OKX_API_PASSPHRASE
===== RUN Tue Aug 18 13:59:47 UTC 2026 =====
[2026-08-18 13:59:47] 🚀 启动 OKX 稳定版 v1
[2026-08-18 13:59:47] ❌ 请设置环境变量 OKX_API_KEY, OKX_API_SECRET, OKX_API_PASSPHRASE
===== RUN Tue Aug 18 14:46:07 UTC 2026 =====
[2026-08-18 14:46:08] 🚀 启动 OKX 稳定版 v1
[2026-08-18 14:46:08] ❌ 请设置环境变量 OKX_API_KEY, OKX_API_SECRET, OKX_API_PASSPHRASE
===== RUN Tue Aug 18 15:16:42 UTC 2026 =====
[2026-08-18 15:16:42] 🚀 启动 OKX 稳定版 v1
[2026-08-18 15:16:42] ❌ 请设置环境变量 OKX_API_KEY, OKX_API_SECRET, OKX_API_PASSPHRASE
===== RUN Tue Aug 18 15:51:57 UTC 2026 =====
[2026-08-18 15:51:57] 🚀 启动 OKX 稳定版 v1
[2026-08-18 15:51:57] ❌ 请设置环境变量 OKX_API_KEY, OKX_API_SECRET, OKX_API_PASSPHRASE
===== RUN Tue Aug 18 16:28:11 UTC 2026 =====
[2026-08-18 16:28:11] 🚀 启动 OKX 稳定版 v1
[2026-08-18 16:28:11] ❌ 请设置环境变量 OKX_API_KEY, OKX_API_SECRET, OKX_API_PASSPHRASE
===== RUN Tue Aug 18 16:59:50 UTC 2026 =====
[2026-08-18 16:59:51] 🚀 启动 OKX 稳定版 v1
[2026-08-18 16:59:51] ❌ 请设置环境变量 OKX_API_KEY, OKX_API_SECRET, OKX_API_PASSPHRASE
===== RUN Tue Aug 18 17:37:01 UTC 2026 =====
[2026-08-18 17:37:02] 🚀 启动 OKX 稳定版 v1
[2026-08-18 17:37:02] ❌ 请设置环境变量 OKX_API_KEY, OKX_API_SECRET, OKX_API_PASSPHRASE
===== RUN Tue Aug 18 18:01:38 UTC 2026 =====
[2026-08-18 18:01:38] 🚀 启动 OKX 稳定版 v1
[2026-08-18 18:01:38] ❌ 请设置环境变量 OKX_API_KEY, OKX_API_SECRET, OKX_API_PASSPHRASE
===== RUN Tue Aug 18 18:52:35 UTC 2026 =====
[2026-08-18 18:52:35] 🚀 启动 OKX 稳定版 v1
[2026-08-18 18:52:35] ❌ 请设置环境变量 OKX_API_KEY, OKX_API_SECRET, OKX_API_PASSPHRASE
===== RUN Tue Aug 18 19:26:45 UTC 2026 =====
[2026-08-18 19:26:45] 🚀 启动 OKX 稳定版 v1
[2026-08-18 19:26:45] ❌ 请设置环境变量 OKX_API_KEY, OKX_API_SECRET, OKX_API_PASSPHRASE
===== RUN Tue Aug 18 19:51:07 UTC 2026 =====
[2026-08-18 19:51:07] 🚀 启动 OKX 稳定版 v1
[2026-08-18 19:51:07] ❌ 请设置环境变量 OKX_API_KEY, OKX_API_SECRET, OKX_API_PASSPHRASE
===== RUN Tue Aug 18 20:17:38 UTC 2026 =====
[2026-08-18 20:17:38] 🚀 启动 OKX 稳定版 v1
[2026-08-18 20:17:38] ❌ 请设置环境变量 OKX_API_KEY, OKX_API_SECRET, OKX_API_PASSPHRASE
===== RUN Tue Aug 18 20:44:06 UTC 2026 =====
[2026-08-18 20:44:06] 🚀 启动 OKX 稳定版 v1
[2026-08-18 20:44:06] ❌ 请设置环境变量 OKX_API_KEY, OKX_API_SECRET, OKX_API_PASSPHRASE
===== RUN Tue Aug 18 21:09:17 UTC 2026 =====
[2026-08-18 21:09:18] 🚀 启动 OKX 稳定版 v1
[2026-08-18 21:09:18] ❌ 请设置环境变量 OKX_API_KEY, OKX_API_SECRET, OKX_API_PASSPHRASE
===== RUN Tue Aug 18 21:39:17 UTC 2026 =====
[2026-08-18 21:39:17] 🚀 启动 OKX 稳定版 v1
[2026-08-18 21:39:17] ❌ 请设置环境变量 OKX_API_KEY, OKX_API_SECRET, OKX_API_PASSPHRASE
===== RUN Tue Aug 18 21:58:52 UTC 2026 =====
[2026-08-18 21:58:53] 🚀 启动 OKX 稳定版 v1
[2026-08-18 21:58:53] ❌ 请设置环境变量 OKX_API_KEY, OKX_API_SECRET, OKX_API_PASSPHRASE
===== RUN Tue Aug 18 22:34:52 UTC 2026 =====
[2026-08-18 22:34:52] 🚀 启动 OKX 稳定版 v1
[2026-08-18 22:34:52] ❌ 请设置环境变量 OKX_API_KEY, OKX_API_SECRET, OKX_API_PASSPHRASE
===== RUN Tue Aug 18 22:58:29 UTC 2026 =====
[2026-08-18 22:58:29] 🚀 启动 OKX 稳定版 v1
[2026-08-18 22:58:29] ❌ 请设置环境变量 OKX_API_KEY, OKX_API_SECRET, OKX_API_PASSPHRASE
===== RUN Tue Aug 18 23:30:31 UTC 2026 =====
[2026-08-18 23:30:31] 🚀 启动 OKX 稳定版 v1
[2026-08-18 23:30:31] ❌ 请设置环境变量 OKX_API_KEY, OKX_API_SECRET, OKX_API_PASSPHRASE
===== RUN Tue Aug 18 23:53:23 UTC 2026 =====
[2026-08-18 23:53:24] 🚀 启动 OKX 稳定版 v1
[2026-08-18 23:53:24] ❌ 请设置环境变量 OKX_API_KEY, OKX_API_SECRET, OKX_API_PASSPHRASE
===== RUN Wed Aug 19 01:19:30 UTC 2026 =====
[2026-08-19 01:19:30] 🚀 启动 OKX 稳定版 v1
[2026-08-19 01:19:30] ❌ 请设置环境变量 OKX_API_KEY, OKX_API_SECRET, OKX_API_PASSPHRASE
===== RUN Wed Aug 19 02:35:05 UTC 2026 =====
[2026-08-19 02:35:05] 🚀 启动 OKX 稳定版 v1
[2026-08-19 02:35:05] ❌ 请设置环境变量 OKX_API_KEY, OKX_API_SECRET, OKX_API_PASSPHRASE
===== RUN Wed Aug 19 03:27:55 UTC 2026 =====
[2026-08-19 03:27:56] 🚀 启动 OKX 稳定版 v1
[2026-08-19 03:27:56] ❌ 请设置环境变量 OKX_API_KEY, OKX_API_SECRET, OKX_API_PASSPHRASE
===== RUN Wed Aug 19 04:17:33 UTC 2026 =====
[2026-08-19 04:17:33] 🚀 启动 OKX 稳定版 v1
[2026-08-19 04:17:33] ❌ 请设置环境变量 OKX_API_KEY, OKX_API_SECRET, OKX_API_PASSPHRASE
===== RUN Wed Aug 19 04:57:11 UTC 2026 =====
[2026-08-19 04:57:11] 🚀 启动 OKX 稳定版 v1
[2026-08-19 04:57:11] ❌ 请设置环境变量 OKX_API_KEY, OKX_API_SECRET, OKX_API_PASSPHRASE
===== RUN Wed Aug 19 05:38:03 UTC 2026 =====
[2026-08-19 05:38:04] 🚀 启动 OKX 稳定版 v1
[2026-08-19 05:38:04] ❌ 请设置环境变量 OKX_API_KEY, OKX_API_SECRET, OKX_API_PASSPHRASE
===== RUN Wed Aug 19 06:02:37 UTC 2026 =====
[2026-08-19 06:02:37] 🚀 启动 OKX 稳定版 v1
[2026-08-19 06:02:37] ❌ 请设置环境变量 OKX_API_KEY, OKX_API_SECRET, OKX_API_PASSPHRASE
===== RUN Wed Aug 19 07:01:14 UTC 2026 =====
[2026-08-19 07:01:15] 🚀 启动 OKX 稳定版 v1
[2026-08-19 07:01:15] ❌ 请设置环境变量 OKX_API_KEY, OKX_API_SECRET, OKX_API_PASSPHRASE
===== RUN Wed Aug 19 07:49:50 UTC 2026 =====
[2026-08-19 07:49:50] 🚀 启动 OKX 稳定版 v1
[2026-08-19 07:49:50] ❌ 请设置环境变量 OKX_API_KEY, OKX_API_SECRET, OKX_API_PASSPHRASE
===== RUN Wed Aug 19 08:26:40 UTC 2026 =====
[2026-08-19 08:26:40] 🚀 启动 OKX 稳定版 v1
[2026-08-19 08:26:40] ❌ 请设置环境变量 OKX_API_KEY, OKX_API_SECRET, OKX_API_PASSPHRASE
===== RUN Wed Aug 19 09:06:13 UTC 2026 =====
[2026-08-19 09:06:14] 🚀 启动 OKX 稳定版 v1
[2026-08-19 09:06:14] ❌ 请设置环境变量 OKX_API_KEY, OKX_API_SECRET, OKX_API_PASSPHRASE
===== RUN Wed Aug 19 09:47:58 UTC 2026 =====
[2026-08-19 09:47:58] 🚀 启动 OKX 稳定版 v1
[2026-08-19 09:47:58] ❌ 请设置环境变量 OKX_API_KEY, OKX_API_SECRET, OKX_API_PASSPHRASE
===== RUN Wed Aug 19 10:15:10 UTC 2026 =====
[2026-08-19 10:15:10] 🚀 启动 OKX 稳定版 v1
[2026-08-19 10:15:10] ❌ 请设置环境变量 OKX_API_KEY, OKX_API_SECRET, OKX_API_PASSPHRASE
===== RUN Wed Aug 19 10:50:01 UTC 2026 =====
[2026-08-19 10:50:01] 🚀 启动 OKX 稳定版 v1
[2026-08-19 10:50:01] ❌ 请设置环境变量 OKX_API_KEY, OKX_API_SECRET, OKX_API_PASSPHRASE
===== RUN Wed Aug 19 11:17:57 UTC 2026 =====
[2026-08-19 11:17:57] 🚀 启动 OKX 稳定版 v1
[2026-08-19 11:17:57] ❌ 请设置环境变量 OKX_API_KEY, OKX_API_SECRET, OKX_API_PASSPHRASE
===== RUN Wed Aug 19 11:45:37 UTC 2026 =====
[2026-08-19 11:45:37] 🚀 启动 OKX 稳定版 v1
[2026-08-19 11:45:37] ❌ 请设置环境变量 OKX_API_KEY, OKX_API_SECRET, OKX_API_PASSPHRASE
===== RUN Wed Aug 19 12:15:05 UTC 2026 =====
[2026-08-19 12:15:06] 🚀 启动 OKX 稳定版 v1
[2026-08-19 12:15:06] ❌ 请设置环境变量 OKX_API_KEY, OKX_API_SECRET, OKX_API_PASSPHRASE
===== RUN Wed Aug 19 13:14:41 UTC 2026 =====
[2026-08-19 13:14:41] 🚀 启动 OKX 稳定版 v1
[2026-08-19 13:14:41] ❌ 请设置环境变量 OKX_API_KEY, OKX_API_SECRET, OKX_API_PASSPHRASE
===== RUN Wed Aug 19 14:01:24 UTC 2026 =====
[2026-08-19 14:01:25] 🚀 启动 OKX 稳定版 v1
[2026-08-19 14:01:25] ❌ 请设置环境变量 OKX_API_KEY, OKX_API_SECRET, OKX_API_PASSPHRASE
===== RUN Wed Aug 19 14:47:55 UTC 2026 =====
[2026-08-19 14:47:55] 🚀 启动 OKX 稳定版 v1
[2026-08-19 14:47:55] ❌ 请设置环境变量 OKX_API_KEY, OKX_API_SECRET, OKX_API_PASSPHRASE
===== RUN Wed Aug 19 15:18:05 UTC 2026 =====
[2026-08-19 15:18:05] 🚀 启动 OKX 稳定版 v1
[2026-08-19 15:18:05] ❌ 请设置环境变量 OKX_API_KEY, OKX_API_SECRET, OKX_API_PASSPHRASE
===== RUN Wed Aug 19 15:53:02 UTC 2026 =====
[2026-08-19 15:53:03] 🚀 启动 OKX 稳定版 v1
[2026-08-19 15:53:03] ❌ 请设置环境变量 OKX_API_KEY, OKX_API_SECRET, OKX_API_PASSPHRASE
===== RUN Wed Aug 19 16:31:54 UTC 2026 =====
[2026-08-19 16:31:54] 🚀 启动 OKX 稳定版 v1
[2026-08-19 16:31:54] ❌ 请设置环境变量 OKX_API_KEY, OKX_API_SECRET, OKX_API_PASSPHRASE
===== RUN Wed Aug 19 16:59:22 UTC 2026 =====
[2026-08-19 16:59:23] 🚀 启动 OKX 稳定版 v1
[2026-08-19 16:59:23] ❌ 请设置环境变量 OKX_API_KEY, OKX_API_SECRET, OKX_API_PASSPHRASE
===== RUN Wed Aug 19 17:35:26 UTC 2026 =====
[2026-08-19 17:35:26] 🚀 启动 OKX 稳定版 v1
[2026-08-19 17:35:26] ❌ 请设置环境变量 OKX_API_KEY, OKX_API_SECRET, OKX_API_PASSPHRASE
===== RUN Wed Aug 19 17:57:23 UTC 2026 =====
[2026-08-19 17:57:23] 🚀 启动 OKX 稳定版 v1
[2026-08-19 17:57:23] ❌ 请设置环境变量 OKX_API_KEY, OKX_API_SECRET, OKX_API_PASSPHRASE
===== RUN Wed Aug 19 18:47:24 UTC 2026 =====
[2026-08-19 18:47:24] 🚀 启动 OKX 稳定版 v1
[2026-08-19 18:47:24] ❌ 请设置环境变量 OKX_API_KEY, OKX_API_SECRET, OKX_API_PASSPHRASE
===== RUN Wed Aug 19 19:14:50 UTC 2026 =====
[2026-08-19 19:14:50] 🚀 启动 OKX 稳定版 v1
[2026-08-19 19:14:50] ❌ 请设置环境变量 OKX_API_KEY, OKX_API_SECRET, OKX_API_PASSPHRASE
===== RUN Wed Aug 19 19:44:23 UTC 2026 =====
[2026-08-19 19:44:23] 🚀 启动 OKX 稳定版 v1
[2026-08-19 19:44:23] ❌ 请设置环境变量 OKX_API_KEY, OKX_API_SECRET, OKX_API_PASSPHRASE
===== RUN Wed Aug 19 20:09:06 UTC 2026 =====
[2026-08-19 20:09:06] 🚀 启动 OKX 稳定版 v1
[2026-08-19 20:09:06] ❌ 请设置环境变量 OKX_API_KEY, OKX_API_SECRET, OKX_API_PASSPHRASE
===== RUN Wed Aug 19 20:46:03 UTC 2026 =====
[2026-08-19 20:46:03] 🚀 启动 OKX 稳定版 v1
[2026-08-19 20:46:03] ❌ 请设置环境变量 OKX_API_KEY, OKX_API_SECRET, OKX_API_PASSPHRASE
===== RUN Wed Aug 19 21:12:17 UTC 2026 =====
[2026-08-19 21:12:17] 🚀 启动 OKX 稳定版 v1
[2026-08-19 21:12:17] ❌ 请设置环境变量 OKX_API_KEY, OKX_API_SECRET, OKX_API_PASSPHRASE
===== RUN Wed Aug 19 21:43:41 UTC 2026 =====
[2026-08-19 21:43:41] 🚀 启动 OKX 稳定版 v1
[2026-08-19 21:43:41] ❌ 请设置环境变量 OKX_API_KEY, OKX_API_SECRET, OKX_API_PASSPHRASE
===== RUN Wed Aug 19 22:08:04 UTC 2026 =====
[2026-08-19 22:08:05] 🚀 启动 OKX 稳定版 v1
[2026-08-19 22:08:05] ❌ 请设置环境变量 OKX_API_KEY, OKX_API_SECRET, OKX_API_PASSPHRASE
===== RUN Wed Aug 19 22:41:34 UTC 2026 =====
[2026-08-19 22:41:34] 🚀 启动 OKX 稳定版 v1
[2026-08-19 22:41:34] ❌ 请设置环境变量 OKX_API_KEY, OKX_API_SECRET, OKX_API_PASSPHRASE
===== RUN Wed Aug 19 23:03:02 UTC 2026 =====
[2026-08-19 23:03:02] 🚀 启动 OKX 稳定版 v1
[2026-08-19 23:03:02] ❌ 请设置环境变量 OKX_API_KEY, OKX_API_SECRET, OKX_API_PASSPHRASE
===== RUN Wed Aug 19 23:33:20 UTC 2026 =====
[2026-08-19 23:33:20] 🚀 启动 OKX 稳定版 v1
[2026-08-19 23:33:20] ❌ 请设置环境变量 OKX_API_KEY, OKX_API_SECRET, OKX_API_PASSPHRASE
===== RUN Wed Aug 19 23:55:35 UTC 2026 =====
[2026-08-19 23:55:36] 🚀 启动 OKX 稳定版 v1
[2026-08-19 23:55:36] ❌ 请设置环境变量 OKX_API_KEY, OKX_API_SECRET, OKX_API_PASSPHRASE
===== RUN Thu Aug 20 01:43:17 UTC 2026 =====
[2026-08-20 01:43:18] 🚀 启动 OKX 稳定版 v1
[2026-08-20 01:43:18] ❌ 请设置环境变量 OKX_API_KEY, OKX_API_SECRET, OKX_API_PASSPHRASE
===== RUN Thu Aug 20 02:43:40 UTC 2026 =====
[2026-08-20 02:43:40] 🚀 启动 OKX 稳定版 v1
[2026-08-20 02:43:40] ❌ 请设置环境变量 OKX_API_KEY, OKX_API_SECRET, OKX_API_PASSPHRASE
===== RUN Thu Aug 20 03:32:42 UTC 2026 =====
[2026-08-20 03:32:42] 🚀 启动 OKX 稳定版 v1
[2026-08-20 03:32:42] ❌ 请设置环境变量 OKX_API_KEY, OKX_API_SECRET, OKX_API_PASSPHRASE
===== RUN Thu Aug 20 04:19:16 UTC 2026 =====
[2026-08-20 04:19:16] 🚀 启动 OKX 稳定版 v1
[2026-08-20 04:19:16] ❌ 请设置环境变量 OKX_API_KEY, OKX_API_SECRET, OKX_API_PASSPHRASE
===== RUN Thu Aug 20 05:00:46 UTC 2026 =====
[2026-08-20 05:00:46] 🚀 启动 OKX 稳定版 v1
[2026-08-20 05:00:46] ❌ 请设置环境变量 OKX_API_KEY, OKX_API_SECRET, OKX_API_PASSPHRASE
===== RUN Thu Aug 20 05:41:24 UTC 2026 =====
[2026-08-20 05:41:25] 🚀 启动 OKX 稳定版 v1
[2026-08-20 05:41:25] ❌ 请设置环境变量 OKX_API_KEY, OKX_API_SECRET, OKX_API_PASSPHRASE
===== RUN Thu Aug 20 06:17:10 UTC 2026 =====
[2026-08-20 06:17:10] 🚀 启动 OKX 稳定版 v1
[2026-08-20 06:17:10] ❌ 请设置环境变量 OKX_API_KEY, OKX_API_SECRET, OKX_API_PASSPHRASE
===== RUN Thu Aug 20 07:12:05 UTC 2026 =====
[2026-08-20 07:12:05] 🚀 启动 OKX 稳定版 v1
[2026-08-20 07:12:05] ❌ 请设置环境变量 OKX_API_KEY, OKX_API_SECRET, OKX_API_PASSPHRASE
===== RUN Thu Aug 20 07:58:57 UTC 2026 =====
[2026-08-20 07:58:57] 🚀 启动 OKX 稳定版 v1
[2026-08-20 07:58:57] ❌ 请设置环境变量 OKX_API_KEY, OKX_API_SECRET, OKX_API_PASSPHRASE
===== RUN Thu Aug 20 08:50:55 UTC 2026 =====
[2026-08-20 08:50:55] 🚀 启动 OKX 稳定版 v1
[2026-08-20 08:50:55] ❌ 请设置环境变量 OKX_API_KEY, OKX_API_SECRET, OKX_API_PASSPHRASE
===== RUN Thu Aug 20 09:28:19 UTC 2026 =====
[2026-08-20 09:28:19] 🚀 启动 OKX 稳定版 v1
[2026-08-20 09:28:19] ❌ 请设置环境变量 OKX_API_KEY, OKX_API_SECRET, OKX_API_PASSPHRASE
===== RUN Thu Aug 20 10:02:33 UTC 2026 =====
[2026-08-20 10:02:34] 🚀 启动 OKX 稳定版 v1
[2026-08-20 10:02:34] ❌ 请设置环境变量 OKX_API_KEY, OKX_API_SECRET, OKX_API_PASSPHRASE
===== RUN Thu Aug 20 10:43:54 UTC 2026 =====
[2026-08-20 10:43:54] 🚀 启动 OKX 稳定版 v1
[2026-08-20 10:43:54] ❌ 请设置环境变量 OKX_API_KEY, OKX_API_SECRET, OKX_API_PASSPHRASE
===== RUN Thu Aug 20 11:11:49 UTC 2026 =====
[2026-08-20 11:11:50] 🚀 启动 OKX 稳定版 v1
[2026-08-20 11:11:50] ❌ 请设置环境变量 OKX_API_KEY, OKX_API_SECRET, OKX_API_PASSPHRASE
===== RUN Thu Aug 20 11:45:50 UTC 2026 =====
[2026-08-20 11:45:50] 🚀 启动 OKX 稳定版 v1
[2026-08-20 11:45:50] ❌ 请设置环境变量 OKX_API_KEY, OKX_API_SECRET, OKX_API_PASSPHRASE
===== RUN Thu Aug 20 12:16:26 UTC 2026 =====
[2026-08-20 12:16:26] 🚀 启动 OKX 稳定版 v1
[2026-08-20 12:16:26] ❌ 请设置环境变量 OKX_API_KEY, OKX_API_SECRET, OKX_API_PASSPHRASE
===== RUN Thu Aug 20 13:21:05 UTC 2026 =====
[2026-08-20 13:21:05] 🚀 启动 OKX 稳定版 v1
[2026-08-20 13:21:05] ❌ 请设置环境变量 OKX_API_KEY, OKX_API_SECRET, OKX_API_PASSPHRASE
===== RUN Thu Aug 20 14:06:57 UTC 2026 =====
[2026-08-20 14:06:57] 🚀 启动 OKX 稳定版 v1
[2026-08-20 14:06:57] ❌ 请设置环境变量 OKX_API_KEY, OKX_API_SECRET, OKX_API_PASSPHRASE
===== RUN Thu Aug 20 14:53:34 UTC 2026 =====
[2026-08-20 14:53:34] 🚀 启动 OKX 稳定版 v1
[2026-08-20 14:53:34] ❌ 请设置环境变量 OKX_API_KEY, OKX_API_SECRET, OKX_API_PASSPHRASE
===== RUN Thu Aug 20 15:35:21 UTC 2026 =====
[2026-08-20 15:35:22] 🚀 启动 OKX 稳定版 v1
[2026-08-20 15:35:22] ❌ 请设置环境变量 OKX_API_KEY, OKX_API_SECRET, OKX_API_PASSPHRASE
===== RUN Thu Aug 20 16:03:30 UTC 2026 =====
[2026-08-20 16:03:30] 🚀 启动 OKX 稳定版 v1
[2026-08-20 16:03:30] ❌ 请设置环境变量 OKX_API_KEY, OKX_API_SECRET, OKX_API_PASSPHRASE
===== RUN Thu Aug 20 16:48:17 UTC 2026 =====
[2026-08-20 16:48:17] 🚀 启动 OKX 稳定版 v1
[2026-08-20 16:48:17] ❌ 请设置环境变量 OKX_API_KEY, OKX_API_SECRET, OKX_API_PASSPHRASE
===== RUN Thu Aug 20 17:17:37 UTC 2026 =====
[2026-08-20 17:17:37] 🚀 启动 OKX 稳定版 v1
[2026-08-20 17:17:37] ❌ 请设置环境变量 OKX_API_KEY, OKX_API_SECRET, OKX_API_PASSPHRASE
===== RUN Thu Aug 20 17:51:08 UTC 2026 =====
[2026-08-20 17:51:08] 🚀 启动 OKX 稳定版 v1
[2026-08-20 17:51:08] ❌ 请设置环境变量 OKX_API_KEY, OKX_API_SECRET, OKX_API_PASSPHRASE
===== RUN Thu Aug 20 18:32:17 UTC 2026 =====
[2026-08-20 18:32:17] 🚀 启动 OKX 稳定版 v1
[2026-08-20 18:32:17] ❌ 请设置环境变量 OKX_API_KEY, OKX_API_SECRET, OKX_API_PASSPHRASE
===== RUN Thu Aug 20 19:16:52 UTC 2026 =====
[2026-08-20 19:16:52] 🚀 启动 OKX 稳定版 v1
[2026-08-20 19:16:52] ❌ 请设置环境变量 OKX_API_KEY, OKX_API_SECRET, OKX_API_PASSPHRASE
===== RUN Thu Aug 20 19:50:06 UTC 2026 =====
[2026-08-20 19:50:06] 🚀 启动 OKX 稳定版 v1
[2026-08-20 19:50:06] ❌ 请设置环境变量 OKX_API_KEY, OKX_API_SECRET, OKX_API_PASSPHRASE
===== RUN Thu Aug 20 20:19:40 UTC 2026 =====
[2026-08-20 20:19:40] 🚀 启动 OKX 稳定版 v1
[2026-08-20 20:19:40] ❌ 请设置环境变量 OKX_API_KEY, OKX_API_SECRET, OKX_API_PASSPHRASE
===== RUN Thu Aug 20 20:53:16 UTC 2026 =====
[2026-08-20 20:53:16] 🚀 启动 OKX 稳定版 v1
[2026-08-20 20:53:16] ❌ 请设置环境变量 OKX_API_KEY, OKX_API_SECRET, OKX_API_PASSPHRASE
===== RUN Thu Aug 20 21:28:34 UTC 2026 =====
[2026-08-20 21:28:34] 🚀 启动 OKX 稳定版 v1
[2026-08-20 21:28:34] ❌ 请设置环境变量 OKX_API_KEY, OKX_API_SECRET, OKX_API_PASSPHRASE
===== RUN Thu Aug 20 21:55:57 UTC 2026 =====
[2026-08-20 21:55:57] 🚀 启动 OKX 稳定版 v1
[2026-08-20 21:55:57] ❌ 请设置环境变量 OKX_API_KEY, OKX_API_SECRET, OKX_API_PASSPHRASE
===== RUN Thu Aug 20 22:35:36 UTC 2026 =====
[2026-08-20 22:35:36] 🚀 启动 OKX 稳定版 v1
[2026-08-20 22:35:36] ❌ 请设置环境变量 OKX_API_KEY, OKX_API_SECRET, OKX_API_PASSPHRASE
===== RUN Thu Aug 20 23:01:08 UTC 2026 =====
[2026-08-20 23:01:09] 🚀 启动 OKX 稳定版 v1
[2026-08-20 23:01:09] ❌ 请设置环境变量 OKX_API_KEY, OKX_API_SECRET, OKX_API_PASSPHRASE
===== RUN Thu Aug 20 23:35:33 UTC 2026 =====
[2026-08-20 23:35:33] 🚀 启动 OKX 稳定版 v1
[2026-08-20 23:35:33] ❌ 请设置环境变量 OKX_API_KEY, OKX_API_SECRET, OKX_API_PASSPHRASE
===== RUN Thu Aug 20 23:57:52 UTC 2026 =====
[2026-08-20 23:57:53] 🚀 启动 OKX 稳定版 v1
[2026-08-20 23:57:53] ❌ 请设置环境变量 OKX_API_KEY, OKX_API_SECRET, OKX_API_PASSPHRASE
===== RUN Fri Aug 21 01:50:43 UTC 2026 =====
[2026-08-21 01:50:43] 🚀 启动 OKX 稳定版 v1
[2026-08-21 01:50:43] ❌ 请设置环境变量 OKX_API_KEY, OKX_API_SECRET, OKX_API_PASSPHRASE
===== RUN Fri Aug 21 02:56:54 UTC 2026 =====
[2026-08-21 02:56:54] 🚀 启动 OKX 稳定版 v1
[2026-08-21 02:56:54] ❌ 请设置环境变量 OKX_API_KEY, OKX_API_SECRET, OKX_API_PASSPHRASE
===== RUN Fri Aug 21 03:55:39 UTC 2026 =====
[2026-08-21 03:55:39] 🚀 启动 OKX 稳定版 v1
[2026-08-21 03:55:39] ❌ 请设置环境变量 OKX_API_KEY, OKX_API_SECRET, OKX_API_PASSPHRASE
===== RUN Fri Aug 21 04:47:41 UTC 2026 =====
[2026-08-21 04:47:41] 🚀 启动 OKX 稳定版 v1
[2026-08-21 04:47:41] ❌ 请设置环境变量 OKX_API_KEY, OKX_API_SECRET, OKX_API_PASSPHRASE
===== RUN Fri Aug 21 05:20:01 UTC 2026 =====
[2026-08-21 05:20:01] 🚀 启动 OKX 稳定版 v1
[2026-08-21 05:20:01] ❌ 请设置环境变量 OKX_API_KEY, OKX_API_SECRET, OKX_API_PASSPHRASE
===== RUN Fri Aug 21 05:55:25 UTC 2026 =====
[2026-08-21 05:55:26] 🚀 启动 OKX 稳定版 v1
[2026-08-21 05:55:26] ❌ 请设置环境变量 OKX_API_KEY, OKX_API_SECRET, OKX_API_PASSPHRASE
===== RUN Fri Aug 21 06:58:26 UTC 2026 =====
[2026-08-21 06:58:27] 🚀 启动 OKX 稳定版 v1
[2026-08-21 06:58:27] ❌ 请设置环境变量 OKX_API_KEY, OKX_API_SECRET, OKX_API_PASSPHRASE
===== RUN Fri Aug 21 07:50:59 UTC 2026 =====
[2026-08-21 07:51:00] 🚀 启动 OKX 稳定版 v1
[2026-08-21 07:51:00] ❌ 请设置环境变量 OKX_API_KEY, OKX_API_SECRET, OKX_API_PASSPHRASE
===== RUN Fri Aug 21 08:34:07 UTC 2026 =====
[2026-08-21 08:34:08] 🚀 启动 OKX 稳定版 v1
[2026-08-21 08:34:08] ❌ 请设置环境变量 OKX_API_KEY, OKX_API_SECRET, OKX_API_PASSPHRASE
===== RUN Fri Aug 21 09:18:25 UTC 2026 =====
[2026-08-21 09:18:26] 🚀 启动 OKX 稳定版 v1
[2026-08-21 09:18:26] ❌ 请设置环境变量 OKX_API_KEY, OKX_API_SECRET, OKX_API_PASSPHRASE
===== RUN Fri Aug 21 09:56:51 UTC 2026 =====
[2026-08-21 09:56:51] 🚀 启动 OKX 稳定版 v1
[2026-08-21 09:56:51] ❌ 请设置环境变量 OKX_API_KEY, OKX_API_SECRET, OKX_API_PASSPHRASE
===== RUN Fri Aug 21 10:38:20 UTC 2026 =====
[2026-08-21 10:38:21] 🚀 启动 OKX 稳定版 v1
[2026-08-21 10:38:21] ❌ 请设置环境变量 OKX_API_KEY, OKX_API_SECRET, OKX_API_PASSPHRASE
===== RUN Fri Aug 21 11:03:13 UTC 2026 =====
[2026-08-21 11:03:13] 🚀 启动 OKX 稳定版 v1
[2026-08-21 11:03:13] ❌ 请设置环境变量 OKX_API_KEY, OKX_API_SECRET, OKX_API_PASSPHRASE
===== RUN Fri Aug 21 11:37:06 UTC 2026 =====
[2026-08-21 11:37:06] 🚀 启动 OKX 稳定版 v1
[2026-08-21 11:37:06] ❌ 请设置环境变量 OKX_API_KEY, OKX_API_SECRET, OKX_API_PASSPHRASE
===== RUN Fri Aug 21 12:01:25 UTC 2026 =====
[2026-08-21 12:01:25] 🚀 启动 OKX 稳定版 v1
[2026-08-21 12:01:25] ❌ 请设置环境变量 OKX_API_KEY, OKX_API_SECRET, OKX_API_PASSPHRASE
===== RUN Fri Aug 21 13:06:35 UTC 2026 =====
[2026-08-21 13:06:35] 🚀 启动 OKX 稳定版 v1
[2026-08-21 13:06:35] ❌ 请设置环境变量 OKX_API_KEY, OKX_API_SECRET, OKX_API_PASSPHRASE
===== RUN Fri Aug 21 13:56:57 UTC 2026 =====
[2026-08-21 13:56:57] 🚀 启动 OKX 稳定版 v1
[2026-08-21 13:56:57] ❌ 请设置环境变量 OKX_API_KEY, OKX_API_SECRET, OKX_API_PASSPHRASE
===== RUN Fri Aug 21 14:45:05 UTC 2026 =====
[2026-08-21 14:45:06] 🚀 启动 OKX 稳定版 v1
[2026-08-21 14:45:06] ❌ 请设置环境变量 OKX_API_KEY, OKX_API_SECRET, OKX_API_PASSPHRASE
===== RUN Fri Aug 21 15:17:39 UTC 2026 =====
[2026-08-21 15:17:40] 🚀 启动 OKX 稳定版 v1
[2026-08-21 15:17:40] ❌ 请设置环境变量 OKX_API_KEY, OKX_API_SECRET, OKX_API_PASSPHRASE
===== RUN Fri Aug 21 15:53:55 UTC 2026 =====
[2026-08-21 15:53:56] 🚀 启动 OKX 稳定版 v1
[2026-08-21 15:53:56] ❌ 请设置环境变量 OKX_API_KEY, OKX_API_SECRET, OKX_API_PASSPHRASE
===== RUN Fri Aug 21 16:37:38 UTC 2026 =====
[2026-08-21 16:37:39] 🚀 启动 OKX 稳定版 v1
[2026-08-21 16:37:39] ❌ 请设置环境变量 OKX_API_KEY, OKX_API_SECRET, OKX_API_PASSPHRASE
===== RUN Fri Aug 21 17:07:59 UTC 2026 =====
[2026-08-21 17:08:00] 🚀 启动 OKX 稳定版 v1
[2026-08-21 17:08:00] ❌ 请设置环境变量 OKX_API_KEY, OKX_API_SECRET, OKX_API_PASSPHRASE
===== RUN Fri Aug 21 17:45:10 UTC 2026 =====
[2026-08-21 17:45:10] 🚀 启动 OKX 稳定版 v1
[2026-08-21 17:45:10] ❌ 请设置环境变量 OKX_API_KEY, OKX_API_SECRET, OKX_API_PASSPHRASE
===== RUN Fri Aug 21 18:15:39 UTC 2026 =====
[2026-08-21 18:15:39] 🚀 启动 OKX 稳定版 v1
[2026-08-21 18:15:39] ❌ 请设置环境变量 OKX_API_KEY, OKX_API_SECRET, OKX_API_PASSPHRASE
===== RUN Fri Aug 21 19:02:03 UTC 2026 =====
[2026-08-21 19:02:04] 🚀 启动 OKX 稳定版 v1
[2026-08-21 19:02:04] ❌ 请设置环境变量 OKX_API_KEY, OKX_API_SECRET, OKX_API_PASSPHRASE
===== RUN Fri Aug 21 19:33:16 UTC 2026 =====
[2026-08-21 19:33:16] 🚀 启动 OKX 稳定版 v1
[2026-08-21 19:33:16] ❌ 请设置环境变量 OKX_API_KEY, OKX_API_SECRET, OKX_API_PASSPHRASE
===== RUN Fri Aug 21 19:53:53 UTC 2026 =====
[2026-08-21 19:53:53] 🚀 启动 OKX 稳定版 v1
[2026-08-21 19:53:53] ❌ 请设置环境变量 OKX_API_KEY, OKX_API_SECRET, OKX_API_PASSPHRASE
===== RUN Fri Aug 21 20:28:47 UTC 2026 =====
[2026-08-21 20:28:48] 🚀 启动 OKX 稳定版 v1
[2026-08-21 20:28:48] ❌ 请设置环境变量 OKX_API_KEY, OKX_API_SECRET, OKX_API_PASSPHRASE
===== RUN Fri Aug 21 20:54:03 UTC 2026 =====
[2026-08-21 20:54:03] 🚀 启动 OKX 稳定版 v1
[2026-08-21 20:54:03] ❌ 请设置环境变量 OKX_API_KEY, OKX_API_SECRET, OKX_API_PASSPHRASE
===== RUN Fri Aug 21 21:27:39 UTC 2026 =====
[2026-08-21 21:27:39] 🚀 启动 OKX 稳定版 v1
[2026-08-21 21:27:39] ❌ 请设置环境变量 OKX_API_KEY, OKX_API_SECRET, OKX_API_PASSPHRASE
===== RUN Fri Aug 21 21:53:07 UTC 2026 =====
[2026-08-21 21:53:07] 🚀 启动 OKX 稳定版 v1
[2026-08-21 21:53:07] ❌ 请设置环境变量 OKX_API_KEY, OKX_API_SECRET, OKX_API_PASSPHRASE
===== RUN Fri Aug 21 22:25:07 UTC 2026 =====
[2026-08-21 22:25:07] 🚀 启动 OKX 稳定版 v1
[2026-08-21 22:25:07] ❌ 请设置环境变量 OKX_API_KEY, OKX_API_SECRET, OKX_API_PASSPHRASE
===== RUN Fri Aug 21 22:52:17 UTC 2026 =====
[2026-08-21 22:52:17] 🚀 启动 OKX 稳定版 v1
[2026-08-21 22:52:17] ❌ 请设置环境变量 OKX_API_KEY, OKX_API_SECRET, OKX_API_PASSPHRASE
===== RUN Fri Aug 21 23:22:16 UTC 2026 =====
[2026-08-21 23:22:17] 🚀 启动 OKX 稳定版 v1
[2026-08-21 23:22:17] ❌ 请设置环境变量 OKX_API_KEY, OKX_API_SECRET, OKX_API_PASSPHRASE
===== RUN Fri Aug 21 23:48:22 UTC 2026 =====
[2026-08-21 23:48:22] 🚀 启动 OKX 稳定版 v1
[2026-08-21 23:48:22] ❌ 请设置环境变量 OKX_API_KEY, OKX_API_SECRET, OKX_API_PASSPHRASE
===== RUN Sat Aug 22 00:32:21 UTC 2026 =====
[2026-08-22 00:32:22] 🚀 启动 OKX 稳定版 v1
[2026-08-22 00:32:22] ❌ 请设置环境变量 OKX_API_KEY, OKX_API_SECRET, OKX_API_PASSPHRASE
===== RUN Sat Aug 22 02:03:17 UTC 2026 =====
[2026-08-22 02:03:18] 🚀 启动 OKX 稳定版 v1
[2026-08-22 02:03:18] ❌ 请设置环境变量 OKX_API_KEY, OKX_API_SECRET, OKX_API_PASSPHRASE
===== RUN Sat Aug 22 03:04:37 UTC 2026 =====
[2026-08-22 03:04:37] 🚀 启动 OKX 稳定版 v1
[2026-08-22 03:04:37] ❌ 请设置环境变量 OKX_API_KEY, OKX_API_SECRET, OKX_API_PASSPHRASE
===== RUN Sat Aug 22 03:53:30 UTC 2026 =====
[2026-08-22 03:53:30] 🚀 启动 OKX 稳定版 v1
[2026-08-22 03:53:30] ❌ 请设置环境变量 OKX_API_KEY, OKX_API_SECRET, OKX_API_PASSPHRASE
===== RUN Sat Aug 22 04:34:16 UTC 2026 =====
[2026-08-22 04:34:16] 🚀 启动 OKX 稳定版 v1
[2026-08-22 04:34:16] ❌ 请设置环境变量 OKX_API_KEY, OKX_API_SECRET, OKX_API_PASSPHRASE
===== RUN Sat Aug 22 05:03:19 UTC 2026 =====
[2026-08-22 05:03:19] 🚀 启动 OKX 稳定版 v1
[2026-08-22 05:03:19] ❌ 请设置环境变量 OKX_API_KEY, OKX_API_SECRET, OKX_API_PASSPHRASE
===== RUN Sat Aug 22 05:38:35 UTC 2026 =====
[2026-08-22 05:38:35] 🚀 启动 OKX 稳定版 v1
[2026-08-22 05:38:35] ❌ 请设置环境变量 OKX_API_KEY, OKX_API_SECRET, OKX_API_PASSPHRASE
===== RUN Sat Aug 22 06:01:24 UTC 2026 =====
[2026-08-22 06:01:24] 🚀 启动 OKX 稳定版 v1
[2026-08-22 06:01:24] ❌ 请设置环境变量 OKX_API_KEY, OKX_API_SECRET, OKX_API_PASSPHRASE
===== RUN Sat Aug 22 06:55:44 UTC 2026 =====
[2026-08-22 06:55:44] 🚀 启动 OKX 稳定版 v1
[2026-08-22 06:55:44] ❌ 请设置环境变量 OKX_API_KEY, OKX_API_SECRET, OKX_API_PASSPHRASE
===== RUN Sat Aug 22 07:37:47 UTC 2026 =====
[2026-08-22 07:37:47] 🚀 启动 OKX 稳定版 v1
[2026-08-22 07:37:47] ❌ 请设置环境变量 OKX_API_KEY, OKX_API_SECRET, OKX_API_PASSPHRASE
===== RUN Sat Aug 22 08:00:35 UTC 2026 =====
[2026-08-22 08:00:36] 🚀 启动 OKX 稳定版 v1
[2026-08-22 08:00:36] ❌ 请设置环境变量 OKX_API_KEY, OKX_API_SECRET, OKX_API_PASSPHRASE
===== RUN Sat Aug 22 08:42:30 UTC 2026 =====
[2026-08-22 08:42:30] 🚀 启动 OKX 稳定版 v1
[2026-08-22 08:42:30] ❌ 请设置环境变量 OKX_API_KEY, OKX_API_SECRET, OKX_API_PASSPHRASE
===== RUN Sat Aug 22 09:11:42 UTC 2026 =====
[2026-08-22 09:11:43] 🚀 启动 OKX 稳定版 v1
[2026-08-22 09:11:43] ❌ 请设置环境变量 OKX_API_KEY, OKX_API_SECRET, OKX_API_PASSPHRASE
===== RUN Sat Aug 22 09:45:15 UTC 2026 =====
[2026-08-22 09:45:16] 🚀 启动 OKX 稳定版 v1
[2026-08-22 09:45:16] ❌ 请设置环境变量 OKX_API_KEY, OKX_API_SECRET, OKX_API_PASSPHRASE
===== RUN Sat Aug 22 10:07:58 UTC 2026 =====
[2026-08-22 10:07:58] 🚀 启动 OKX 稳定版 v1
[2026-08-22 10:07:58] ❌ 请设置环境变量 OKX_API_KEY, OKX_API_SECRET, OKX_API_PASSPHRASE
===== RUN Sat Aug 22 10:40:02 UTC 2026 =====
[2026-08-22 10:40:02] 🚀 启动 OKX 稳定版 v1
[2026-08-22 10:40:02] ❌ 请设置环境变量 OKX_API_KEY, OKX_API_SECRET, OKX_API_PASSPHRASE
===== RUN Sat Aug 22 11:00:18 UTC 2026 =====
[2026-08-22 11:00:18] 🚀 启动 OKX 稳定版 v1
[2026-08-22 11:00:18] ❌ 请设置环境变量 OKX_API_KEY, OKX_API_SECRET, OKX_API_PASSPHRASE
===== RUN Sat Aug 22 11:30:30 UTC 2026 =====
[2026-08-22 11:30:30] 🚀 启动 OKX 稳定版 v1
[2026-08-22 11:30:30] ❌ 请设置环境变量 OKX_API_KEY, OKX_API_SECRET, OKX_API_PASSPHRASE
===== RUN Sat Aug 22 11:52:58 UTC 2026 =====
[2026-08-22 11:52:58] 🚀 启动 OKX 稳定版 v1
[2026-08-22 11:52:58] ❌ 请设置环境变量 OKX_API_KEY, OKX_API_SECRET, OKX_API_PASSPHRASE
===== RUN Sat Aug 22 12:39:27 UTC 2026 =====
[2026-08-22 12:39:27] 🚀 启动 OKX 稳定版 v1
[2026-08-22 12:39:27] ❌ 请设置环境变量 OKX_API_KEY, OKX_API_SECRET, OKX_API_PASSPHRASE
===== RUN Sat Aug 22 13:19:21 UTC 2026 =====
[2026-08-22 13:19:21] 🚀 启动 OKX 稳定版 v1
[2026-08-22 13:19:21] ❌ 请设置环境变量 OKX_API_KEY, OKX_API_SECRET, OKX_API_PASSPHRASE
===== RUN Sat Aug 22 13:49:24 UTC 2026 =====
[2026-08-22 13:49:25] 🚀 启动 OKX 稳定版 v1
[2026-08-22 13:49:25] ❌ 请设置环境变量 OKX_API_KEY, OKX_API_SECRET, OKX_API_PASSPHRASE
===== RUN Sat Aug 22 14:12:21 UTC 2026 =====
[2026-08-22 14:12:21] 🚀 启动 OKX 稳定版 v1
[2026-08-22 14:12:21] ❌ 请设置环境变量 OKX_API_KEY, OKX_API_SECRET, OKX_API_PASSPHRASE
===== RUN Sat Aug 22 14:41:21 UTC 2026 =====
[2026-08-22 14:41:21] 🚀 启动 OKX 稳定版 v1
[2026-08-22 14:41:21] ❌ 请设置环境变量 OKX_API_KEY, OKX_API_SECRET, OKX_API_PASSPHRASE
===== RUN Sat Aug 22 15:00:20 UTC 2026 =====
[2026-08-22 15:00:20] 🚀 启动 OKX 稳定版 v1
[2026-08-22 15:00:20] ❌ 请设置环境变量 OKX_API_KEY, OKX_API_SECRET, OKX_API_PASSPHRASE
===== RUN Sat Aug 22 15:31:23 UTC 2026 =====
[2026-08-22 15:31:23] 🚀 启动 OKX 稳定版 v1
[2026-08-22 15:31:23] ❌ 请设置环境变量 OKX_API_KEY, OKX_API_SECRET, OKX_API_PASSPHRASE
===== RUN Sat Aug 22 15:53:02 UTC 2026 =====
[2026-08-22 15:53:02] 🚀 启动 OKX 稳定版 v1
[2026-08-22 15:53:02] ❌ 请设置环境变量 OKX_API_KEY, OKX_API_SECRET, OKX_API_PASSPHRASE
===== RUN Sat Aug 22 16:24:12 UTC 2026 =====
[2026-08-22 16:24:13] 🚀 启动 OKX 稳定版 v1
[2026-08-22 16:24:13] ❌ 请设置环境变量 OKX_API_KEY, OKX_API_SECRET, OKX_API_PASSPHRASE
===== RUN Sat Aug 22 16:51:15 UTC 2026 =====
[2026-08-22 16:51:15] 🚀 启动 OKX 稳定版 v1
[2026-08-22 16:51:15] ❌ 请设置环境变量 OKX_API_KEY, OKX_API_SECRET, OKX_API_PASSPHRASE
===== RUN Sat Aug 22 17:16:46 UTC 2026 =====
[2026-08-22 17:16:46] 🚀 启动 OKX 稳定版 v1
[2026-08-22 17:16:46] ❌ 请设置环境变量 OKX_API_KEY, OKX_API_SECRET, OKX_API_PASSPHRASE
===== RUN Sat Aug 22 17:40:48 UTC 2026 =====
[2026-08-22 17:40:48] 🚀 启动 OKX 稳定版 v1
[2026-08-22 17:40:48] ❌ 请设置环境变量 OKX_API_KEY, OKX_API_SECRET, OKX_API_PASSPHRASE
===== RUN Sat Aug 22 17:59:16 UTC 2026 =====
[2026-08-22 17:59:16] 🚀 启动 OKX 稳定版 v1
[2026-08-22 17:59:16] ❌ 请设置环境变量 OKX_API_KEY, OKX_API_SECRET, OKX_API_PASSPHRASE
===== RUN Sat Aug 22 18:43:45 UTC 2026 =====
[2026-08-22 18:43:45] 🚀 启动 OKX 稳定版 v1
[2026-08-22 18:43:45] ❌ 请设置环境变量 OKX_API_KEY, OKX_API_SECRET, OKX_API_PASSPHRASE
===== RUN Sat Aug 22 19:10:12 UTC 2026 =====
[2026-08-22 19:10:12] 🚀 启动 OKX 稳定版 v1
[2026-08-22 19:10:12] ❌ 请设置环境变量 OKX_API_KEY, OKX_API_SECRET, OKX_API_PASSPHRASE
===== RUN Sat Aug 22 19:37:57 UTC 2026 =====
[2026-08-22 19:37:57] 🚀 启动 OKX 稳定版 v1
[2026-08-22 19:37:57] ❌ 请设置环境变量 OKX_API_KEY, OKX_API_SECRET, OKX_API_PASSPHRASE
===== RUN Sat Aug 22 19:56:20 UTC 2026 =====
[2026-08-22 19:56:20] 🚀 启动 OKX 稳定版 v1
[2026-08-22 19:56:20] ❌ 请设置环境变量 OKX_API_KEY, OKX_API_SECRET, OKX_API_PASSPHRASE
===== RUN Sat Aug 22 20:32:01 UTC 2026 =====
[2026-08-22 20:32:01] 🚀 启动 OKX 稳定版 v1
[2026-08-22 20:32:01] ❌ 请设置环境变量 OKX_API_KEY, OKX_API_SECRET, OKX_API_PASSPHRASE
===== RUN Sat Aug 22 20:55:42 UTC 2026 =====
[2026-08-22 20:55:42] 🚀 启动 OKX 稳定版 v1
[2026-08-22 20:55:42] ❌ 请设置环境变量 OKX_API_KEY, OKX_API_SECRET, OKX_API_PASSPHRASE
===== RUN Sat Aug 22 21:28:48 UTC 2026 =====
[2026-08-22 21:28:48] 🚀 启动 OKX 稳定版 v1
[2026-08-22 21:28:48] ❌ 请设置环境变量 OKX_API_KEY, OKX_API_SECRET, OKX_API_PASSPHRASE
===== RUN Sat Aug 22 21:51:43 UTC 2026 =====
[2026-08-22 21:51:43] 🚀 启动 OKX 稳定版 v1
[2026-08-22 21:51:43] ❌ 请设置环境变量 OKX_API_KEY, OKX_API_SECRET, OKX_API_PASSPHRASE
===== RUN Sat Aug 22 22:18:03 UTC 2026 =====
[2026-08-22 22:18:03] 🚀 启动 OKX 稳定版 v1
[2026-08-22 22:18:03] ❌ 请设置环境变量 OKX_API_KEY, OKX_API_SECRET, OKX_API_PASSPHRASE
===== RUN Sat Aug 22 22:43:32 UTC 2026 =====
[2026-08-22 22:43:32] 🚀 启动 OKX 稳定版 v1
[2026-08-22 22:43:32] ❌ 请设置环境变量 OKX_API_KEY, OKX_API_SECRET, OKX_API_PASSPHRASE
===== RUN Sat Aug 22 23:01:12 UTC 2026 =====
[2026-08-22 23:01:12] 🚀 启动 OKX 稳定版 v1
[2026-08-22 23:01:12] ❌ 请设置环境变量 OKX_API_KEY, OKX_API_SECRET, OKX_API_PASSPHRASE
===== RUN Sat Aug 22 23:31:22 UTC 2026 =====
[2026-08-22 23:31:23] 🚀 启动 OKX 稳定版 v1
[2026-08-22 23:31:23] ❌ 请设置环境变量 OKX_API_KEY, OKX_API_SECRET, OKX_API_PASSPHRASE
===== RUN Sat Aug 22 23:53:26 UTC 2026 =====
[2026-08-22 23:53:26] 🚀 启动 OKX 稳定版 v1
[2026-08-22 23:53:26] ❌ 请设置环境变量 OKX_API_KEY, OKX_API_SECRET, OKX_API_PASSPHRASE
===== RUN Sun Aug 23 01:25:30 UTC 2026 =====
[2026-08-23 01:25:30] 🚀 启动 OKX 稳定版 v1
[2026-08-23 01:25:30] ❌ 请设置环境变量 OKX_API_KEY, OKX_API_SECRET, OKX_API_PASSPHRASE
===== RUN Sun Aug 23 02:47:57 UTC 2026 =====
[2026-08-23 02:47:57] 🚀 启动 OKX 稳定版 v1
[2026-08-23 02:47:57] ❌ 请设置环境变量 OKX_API_KEY, OKX_API_SECRET, OKX_API_PASSPHRASE
===== RUN Sun Aug 23 03:38:43 UTC 2026 =====
[2026-08-23 03:38:44] 🚀 启动 OKX 稳定版 v1
[2026-08-23 03:38:44] ❌ 请设置环境变量 OKX_API_KEY, OKX_API_SECRET, OKX_API_PASSPHRASE
===== RUN Sun Aug 23 04:22:25 UTC 2026 =====
[2026-08-23 04:22:25] 🚀 启动 OKX 稳定版 v1
[2026-08-23 04:22:25] ❌ 请设置环境变量 OKX_API_KEY, OKX_API_SECRET, OKX_API_PASSPHRASE
===== RUN Sun Aug 23 05:01:04 UTC 2026 =====
[2026-08-23 05:01:04] 🚀 启动 OKX 稳定版 v1
[2026-08-23 05:01:04] ❌ 请设置环境变量 OKX_API_KEY, OKX_API_SECRET, OKX_API_PASSPHRASE
===== RUN Sun Aug 23 05:39:20 UTC 2026 =====
[2026-08-23 05:39:21] 🚀 启动 OKX 稳定版 v1
[2026-08-23 05:39:21] ❌ 请设置环境变量 OKX_API_KEY, OKX_API_SECRET, OKX_API_PASSPHRASE
===== RUN Sun Aug 23 06:02:51 UTC 2026 =====
[2026-08-23 06:02:51] 🚀 启动 OKX 稳定版 v1
[2026-08-23 06:02:51] ❌ 请设置环境变量 OKX_API_KEY, OKX_API_SECRET, OKX_API_PASSPHRASE
===== RUN Sun Aug 23 06:57:29 UTC 2026 =====
[2026-08-23 06:57:29] 🚀 启动 OKX 稳定版 v1
[2026-08-23 06:57:29] ❌ 请设置环境变量 OKX_API_KEY, OKX_API_SECRET, OKX_API_PASSPHRASE
===== RUN Sun Aug 23 07:40:11 UTC 2026 =====
[2026-08-23 07:40:11] 🚀 启动 OKX 稳定版 v1
[2026-08-23 07:40:11] ❌ 请设置环境变量 OKX_API_KEY, OKX_API_SECRET, OKX_API_PASSPHRASE
===== RUN Sun Aug 23 08:02:34 UTC 2026 =====
[2026-08-23 08:02:34] 🚀 启动 OKX 稳定版 v1
[2026-08-23 08:02:34] ❌ 请设置环境变量 OKX_API_KEY, OKX_API_SECRET, OKX_API_PASSPHRASE
===== RUN Sun Aug 23 08:44:43 UTC 2026 =====
[2026-08-23 08:44:43] 🚀 启动 OKX 稳定版 v1
[2026-08-23 08:44:43] ❌ 请设置环境变量 OKX_API_KEY, OKX_API_SECRET, OKX_API_PASSPHRASE
===== RUN Sun Aug 23 09:12:53 UTC 2026 =====
[2026-08-23 09:12:54] 🚀 启动 OKX 稳定版 v1
[2026-08-23 09:12:54] ❌ 请设置环境变量 OKX_API_KEY, OKX_API_SECRET, OKX_API_PASSPHRASE
===== RUN Sun Aug 23 09:46:34 UTC 2026 =====
[2026-08-23 09:46:34] 🚀 启动 OKX 稳定版 v1
[2026-08-23 09:46:34] ❌ 请设置环境变量 OKX_API_KEY, OKX_API_SECRET, OKX_API_PASSPHRASE
===== RUN Sun Aug 23 10:09:06 UTC 2026 =====
[2026-08-23 10:09:07] 🚀 启动 OKX 稳定版 v1
[2026-08-23 10:09:07] ❌ 请设置环境变量 OKX_API_KEY, OKX_API_SECRET, OKX_API_PASSPHRASE
===== RUN Sun Aug 23 10:41:47 UTC 2026 =====
[2026-08-23 10:41:47] 🚀 启动 OKX 稳定版 v1
[2026-08-23 10:41:47] ❌ 请设置环境变量 OKX_API_KEY, OKX_API_SECRET, OKX_API_PASSPHRASE
===== RUN Sun Aug 23 11:02:33 UTC 2026 =====
[2026-08-23 11:02:33] 🚀 启动 OKX 稳定版 v1
[2026-08-23 11:02:33] ❌ 请设置环境变量 OKX_API_KEY, OKX_API_SECRET, OKX_API_PASSPHRASE
===== RUN Sun Aug 23 11:31:39 UTC 2026 =====
[2026-08-23 11:31:39] 🚀 启动 OKX 稳定版 v1
[2026-08-23 11:31:39] ❌ 请设置环境变量 OKX_API_KEY, OKX_API_SECRET, OKX_API_PASSPHRASE
===== RUN Sun Aug 23 11:54:09 UTC 2026 =====
[2026-08-23 11:54:09] 🚀 启动 OKX 稳定版 v1
[2026-08-23 11:54:09] ❌ 请设置环境变量 OKX_API_KEY, OKX_API_SECRET, OKX_API_PASSPHRASE
===== RUN Sun Aug 23 12:47:05 UTC 2026 =====
[2026-08-23 12:47:05] 🚀 启动 OKX 稳定版 v1
[2026-08-23 12:47:05] ❌ 请设置环境变量 OKX_API_KEY, OKX_API_SECRET, OKX_API_PASSPHRASE
===== RUN Sun Aug 23 13:21:55 UTC 2026 =====
[2026-08-23 13:21:55] 🚀 启动 OKX 稳定版 v1
[2026-08-23 13:21:55] ❌ 请设置环境变量 OKX_API_KEY, OKX_API_SECRET, OKX_API_PASSPHRASE
===== RUN Sun Aug 23 13:53:07 UTC 2026 =====
[2026-08-23 13:53:07] 🚀 启动 OKX 稳定版 v1
[2026-08-23 13:53:07] ❌ 请设置环境变量 OKX_API_KEY, OKX_API_SECRET, OKX_API_PASSPHRASE
===== RUN Sun Aug 23 14:23:56 UTC 2026 =====
[2026-08-23 14:23:57] 🚀 启动 OKX 稳定版 v1
[2026-08-23 14:23:57] ❌ 请设置环境变量 OKX_API_KEY, OKX_API_SECRET, OKX_API_PASSPHRASE
===== RUN Sun Aug 23 14:50:46 UTC 2026 =====
[2026-08-23 14:50:46] 🚀 启动 OKX 稳定版 v1
[2026-08-23 14:50:46] ❌ 请设置环境变量 OKX_API_KEY, OKX_API_SECRET, OKX_API_PASSPHRASE
===== RUN Sun Aug 23 15:16:33 UTC 2026 =====
[2026-08-23 15:16:33] 🚀 启动 OKX 稳定版 v1
[2026-08-23 15:16:33] ❌ 请设置环境变量 OKX_API_KEY, OKX_API_SECRET, OKX_API_PASSPHRASE
===== RUN Sun Aug 23 15:41:56 UTC 2026 =====
[2026-08-23 15:41:56] 🚀 启动 OKX 稳定版 v1
[2026-08-23 15:41:56] ❌ 请设置环境变量 OKX_API_KEY, OKX_API_SECRET, OKX_API_PASSPHRASE
===== RUN Sun Aug 23 16:00:47 UTC 2026 =====
[2026-08-23 16:00:47] 🚀 启动 OKX 稳定版 v1
[2026-08-23 16:00:47] ❌ 请设置环境变量 OKX_API_KEY, OKX_API_SECRET, OKX_API_PASSPHRASE
===== RUN Sun Aug 23 16:37:25 UTC 2026 =====
[2026-08-23 16:37:26] 🚀 启动 OKX 稳定版 v1
[2026-08-23 16:37:26] ❌ 请设置环境变量 OKX_API_KEY, OKX_API_SECRET, OKX_API_PASSPHRASE
===== RUN Sun Aug 23 17:00:48 UTC 2026 =====
[2026-08-23 17:00:48] 🚀 启动 OKX 稳定版 v1
[2026-08-23 17:00:48] ❌ 请设置环境变量 OKX_API_KEY, OKX_API_SECRET, OKX_API_PASSPHRASE
===== RUN Sun Aug 23 17:30:38 UTC 2026 =====
[2026-08-23 17:30:38] 🚀 启动 OKX 稳定版 v1
[2026-08-23 17:30:38] ❌ 请设置环境变量 OKX_API_KEY, OKX_API_SECRET, OKX_API_PASSPHRASE
===== RUN Sun Aug 23 17:52:41 UTC 2026 =====
[2026-08-23 17:52:41] 🚀 启动 OKX 稳定版 v1
[2026-08-23 17:52:41] ❌ 请设置环境变量 OKX_API_KEY, OKX_API_SECRET, OKX_API_PASSPHRASE
===== RUN Sun Aug 23 18:28:25 UTC 2026 =====
[2026-08-23 18:28:25] 🚀 启动 OKX 稳定版 v1
[2026-08-23 18:28:25] ❌ 请设置环境变量 OKX_API_KEY, OKX_API_SECRET, OKX_API_PASSPHRASE
